repeat,outer_fold,model,gene,selected_probe,n_candidate_probes,training_mean_expression,tie_count,selection_rule
0,0,candidate,AKT1,11716087_s_at,3,7.296121750000001,1,highest outer-training mean; exact ties by lexicographic probe ID
0,0,candidate,AMBRA1,11741563_a_at,3,6.433952812499999,1,highest outer-training mean; exact ties by lexicographic probe ID
0,0,candidate,ATG5,11718147_a_at,3,6.38694946875,1,highest outer-training mean; exact ties by lexicographic probe ID
0,0,candidate,ATG7,11750782_a_at,3,5.81387221875,1,highest outer-training mean; exact ties by lexicographic probe ID
0,0,candidate,BAK1,11748849_a_at,5,7.14882546875,1,highest outer-training mean; exact ties by lexicographic probe ID
0,0,candidate,BAX,11742537_a_at,2,6.36585171875,1,highest outer-training mean; exact ties by lexicographic probe ID
0,0,candidate,BBC3,11727707_a_at,2,8.3353759375,1,highest outer-training mean; exact ties by lexicographic probe ID
0,0,candidate,BCL2,11721377_x_at,6,7.3996164375,1,highest outer-training mean; exact ties by lexicographic probe ID
0,0,candidate,BCL2L1,11739958_x_at,3,9.58260675,1,highest outer-training mean; exact ties by lexicographic probe ID
0,0,candidate,BCL2L13,11747880_a_at,7,7.5622381249999995,1,highest outer-training mean; exact ties by lexicographic probe ID
0,0,candidate,BID,11732218_x_at,4,8.244200375,1,highest outer-training mean; exact ties by lexicographic probe ID
0,0,candidate,BNIP3,11743084_s_at,2,5.554248,1,highest outer-training mean; exact ties by lexicographic probe ID
0,0,candidate,BNIP3L,11746802_x_at,6,11.0238528125,1,highest outer-training mean; exact ties by lexicographic probe ID
0,0,candidate,CALCOCO2,11744395_s_at,5,8.586916718749999,1,highest outer-training mean; exact ties by lexicographic probe ID
0,0,candidate,CCL5,11753810_a_at,3,10.82962571875,1,highest outer-training mean; exact ties by lexicographic probe ID
0,0,candidate,CHUK,11754797_a_at,1,6.665322124999999,1,highest outer-training mean; exact ties by lexicographic probe ID
0,0,candidate,CXCL10,11720298_at,1,4.91789971875,1,highest outer-training mean; exact ties by lexicographic probe ID
0,0,candidate,DNM1,11761584_x_at,3,5.2452796875,1,highest outer-training mean; exact ties by lexicographic probe ID
0,0,candidate,DNM1L,11742435_a_at,4,7.437852968750001,1,highest outer-training mean; exact ties by lexicographic probe ID
0,0,candidate,DNM2,11735759_a_at,3,9.33775565625,1,highest outer-training mean; exact ties by lexicographic probe ID
0,0,candidate,EIF4EBP1,11718284_x_at,3,7.25980459375,1,highest outer-training mean; exact ties by lexicographic probe ID
0,0,candidate,FIS1,11723286_a_at,1,8.21025909375,1,highest outer-training mean; exact ties by lexicographic probe ID
0,0,candidate,FKBP8,11743133_a_at,3,7.2677984375,1,highest outer-training mean; exact ties by lexicographic probe ID
0,0,candidate,FUNDC1,11731671_at,1,6.1140595,1,highest outer-training mean; exact ties by lexicographic probe ID
0,0,candidate,GABARAP,11715479_a_at,4,11.5270075,1,highest outer-training mean; exact ties by lexicographic probe ID
0,0,candidate,GABARAPL2,11754495_x_at,4,10.117942718750001,1,highest outer-training mean; exact ties by lexicographic probe ID
0,0,candidate,GDAP1,11739561_at,4,4.24103653125,1,highest outer-training mean; exact ties by lexicographic probe ID
0,0,candidate,GIGYF1,11720122_at,5,7.962704437499999,1,highest outer-training mean; exact ties by lexicographic probe ID
0,0,candidate,GIGYF2,11739463_a_at,7,6.01879621875,1,highest outer-training mean; exact ties by lexicographic probe ID
0,0,candidate,HIF1A,11718757_s_at,8,9.181779375000001,1,highest outer-training mean; exact ties by lexicographic probe ID
0,0,candidate,IKBKB,11730928_a_at,11,8.02209990625,1,highest outer-training mean; exact ties by lexicographic probe ID
0,0,candidate,IL6,11760425_a_at,2,4.45307921875,1,highest outer-training mean; exact ties by lexicographic probe ID
0,0,candidate,INF2,11736439_a_at,5,6.110680593750001,1,highest outer-training mean; exact ties by lexicographic probe ID
0,0,candidate,IRF3,11745499_x_at,6,6.4522291875,1,highest outer-training mean; exact ties by lexicographic probe ID
0,0,candidate,IRF7,11718916_a_at,1,8.7115616875,1,highest outer-training mean; exact ties by lexicographic probe ID
0,0,candidate,LATS1,11745334_a_at,3,3.002324125,1,highest outer-training mean; exact ties by lexicographic probe ID
0,0,candidate,LATS2,11755581_a_at,3,6.91376109375,1,highest outer-training mean; exact ties by lexicographic probe ID
0,0,candidate,MAP1LC3B,11738984_x_at,4,9.53892878125,1,highest outer-training mean; exact ties by lexicographic probe ID
0,0,candidate,MCL1,11715483_s_at,6,11.984478531250002,1,highest outer-training mean; exact ties by lexicographic probe ID
0,0,candidate,MFF,11745184_a_at,5,7.71610675,1,highest outer-training mean; exact ties by lexicographic probe ID
0,0,candidate,MFN1,11731456_at,3,6.6980678750000004,1,highest outer-training mean; exact ties by lexicographic probe ID
0,0,candidate,MFN2,11741010_a_at,3,8.467629437500001,1,highest outer-training mean; exact ties by lexicographic probe ID
0,0,candidate,MIEF1,11757944_s_at,3,6.28456475,1,highest outer-training mean; exact ties by lexicographic probe ID
0,0,candidate,MIEF2,11735347_a_at,1,4.312738375,1,highest outer-training mean; exact ties by lexicographic probe ID
0,0,candidate,MST1,11721819_x_at,2,5.15131275,1,highest outer-training mean; exact ties by lexicographic probe ID
0,0,candidate,MTCH2,11721075_a_at,2,6.931392499999999,1,highest outer-training mean; exact ties by lexicographic probe ID
0,0,candidate,MTFR1,11725658_a_at,5,5.68015390625,1,highest outer-training mean; exact ties by lexicographic probe ID
0,0,candidate,MTFR1L,11735789_a_at,8,7.03116621875,1,highest outer-training mean; exact ties by lexicographic probe ID
0,0,candidate,MTOR,11716134_a_at,3,6.42827703125,1,highest outer-training mean; exact ties by lexicographic probe ID
0,0,candidate,NBR1,11738519_x_at,6,7.76459259375,1,highest outer-training mean; exact ties by lexicographic probe ID
0,0,candidate,NFKB1,11717542_a_at,1,8.80908215625,1,highest outer-training mean; exact ties by lexicographic probe ID
0,0,candidate,OPA1,11757614_s_at,5,6.22586896875,1,highest outer-training mean; exact ties by lexicographic probe ID
0,0,candidate,OPTN,11745271_x_at,3,8.79686409375,1,highest outer-training mean; exact ties by lexicographic probe ID
0,0,candidate,PHB2,11715383_a_at,3,8.742765625,1,highest outer-training mean; exact ties by lexicographic probe ID
0,0,candidate,PINK1,11726996_at,2,8.925368156249998,1,highest outer-training mean; exact ties by lexicographic probe ID
0,0,candidate,PLD6,11725448_at,2,4.7149410624999994,1,highest outer-training mean; exact ties by lexicographic probe ID
0,0,candidate,PMAIP1,11724509_a_at,2,6.63198540625,1,highest outer-training mean; exact ties by lexicographic probe ID
0,0,candidate,RELA,11745440_s_at,3,7.8856759062499995,1,highest outer-training mean; exact ties by lexicographic probe ID
0,0,candidate,RHEB,11716260_s_at,4,8.395106343750001,1,highest outer-training mean; exact ties by lexicographic probe ID
0,0,candidate,RPS6KB1,11750648_x_at,7,6.730444593750001,1,highest outer-training mean; exact ties by lexicographic probe ID
0,0,candidate,RPTOR,11722498_s_at,6,4.83515021875,1,highest outer-training mean; exact ties by lexicographic probe ID
0,0,candidate,SQSTM1,11756761_x_at,5,9.142495531249999,1,highest outer-training mean; exact ties by lexicographic probe ID
0,0,candidate,TAX1BP1,11752195_s_at,5,9.407565,1,highest outer-training mean; exact ties by lexicographic probe ID
0,0,candidate,TBK1,11717931_at,2,7.733459375,1,highest outer-training mean; exact ties by lexicographic probe ID
0,0,candidate,TEAD1,11752086_a_at,3,5.435367718749999,1,highest outer-training mean; exact ties by lexicographic probe ID
0,0,candidate,TEAD4,11733699_a_at,1,4.8171046875,1,highest outer-training mean; exact ties by lexicographic probe ID
0,0,candidate,TMEM173,11727044_a_at,1,6.9623925,1,highest outer-training mean; exact ties by lexicographic probe ID
0,0,candidate,TNF,11721577_at,1,6.4910690312499995,1,highest outer-training mean; exact ties by lexicographic probe ID
0,0,candidate,TSC1,11718820_at,4,7.25751628125,1,highest outer-training mean; exact ties by lexicographic probe ID
0,0,candidate,TSC2,11756886_a_at,2,6.11301034375,1,highest outer-training mean; exact ties by lexicographic probe ID
0,0,candidate,ULK1,11744271_a_at,1,6.468667125,1,highest outer-training mean; exact ties by lexicographic probe ID
0,0,candidate,VCP,11745875_x_at,4,8.2066398125,1,highest outer-training mean; exact ties by lexicographic probe ID
0,0,candidate,VDAC1,11715655_s_at,1,7.57857684375,1,highest outer-training mean; exact ties by lexicographic probe ID
0,0,candidate,VDAC2,11748509_s_at,2,9.438983718749999,1,highest outer-training mean; exact ties by lexicographic probe ID
0,0,candidate,VDAC3,11754510_s_at,3,9.316917375,1,highest outer-training mean; exact ties by lexicographic probe ID
0,0,candidate,WWTR1,11755099_a_at,3,6.717266875,1,highest outer-training mean; exact ties by lexicographic probe ID
0,0,candidate,YAP1,11717924_a_at,8,4.560860249999999,1,highest outer-training mean; exact ties by lexicographic probe ID
0,0,ma,BID,11732218_x_at,4,8.244200375,1,highest outer-training mean; exact ties by lexicographic probe ID
0,0,ma,FTH1,11757633_x_at,2,12.270650625,1,highest outer-training mean; exact ties by lexicographic probe ID
0,0,ma,LACTB,11721387_at,2,7.5799241875000005,1,highest outer-training mean; exact ties by lexicographic probe ID
0,0,ma,PDK3,11730952_a_at,1,5.842877281249999,1,highest outer-training mean; exact ties by lexicographic probe ID
0,1,candidate,AKT1,11716087_s_at,3,7.244176031249999,1,highest outer-training mean; exact ties by lexicographic probe ID
0,1,candidate,AMBRA1,11741563_a_at,3,6.40416965625,1,highest outer-training mean; exact ties by lexicographic probe ID
0,1,candidate,ATG5,11718147_a_at,3,6.310839125,1,highest outer-training mean; exact ties by lexicographic probe ID
0,1,candidate,ATG7,11750782_a_at,3,5.778621218750001,1,highest outer-training mean; exact ties by lexicographic probe ID
0,1,candidate,BAK1,11748849_a_at,5,7.1517515,1,highest outer-training mean; exact ties by lexicographic probe ID
0,1,candidate,BAX,11742537_a_at,2,6.2583199687499995,1,highest outer-training mean; exact ties by lexicographic probe ID
0,1,candidate,BBC3,11727707_a_at,2,8.2771464375,1,highest outer-training mean; exact ties by lexicographic probe ID
0,1,candidate,BCL2,11721376_at,6,7.4143755,1,highest outer-training mean; exact ties by lexicographic probe ID
0,1,candidate,BCL2L1,11739958_x_at,3,9.679017875,1,highest outer-training mean; exact ties by lexicographic probe ID
0,1,candidate,BCL2L13,11747880_a_at,7,7.59200378125,1,highest outer-training mean; exact ties by lexicographic probe ID
0,1,candidate,BID,11732218_x_at,4,8.232986125,1,highest outer-training mean; exact ties by lexicographic probe ID
0,1,candidate,BNIP3,11743084_s_at,2,5.5738515,1,highest outer-training mean; exact ties by lexicographic probe ID
0,1,candidate,BNIP3L,11746802_x_at,6,11.117335624999999,1,highest outer-training mean; exact ties by lexicographic probe ID
0,1,candidate,CALCOCO2,11744395_s_at,5,8.528260125000001,1,highest outer-training mean; exact ties by lexicographic probe ID
0,1,candidate,CCL5,11753810_a_at,3,10.7134483125,1,highest outer-training mean; exact ties by lexicographic probe ID
0,1,candidate,CHUK,11754797_a_at,1,6.57388228125,1,highest outer-training mean; exact ties by lexicographic probe ID
0,1,candidate,CXCL10,11720298_at,1,4.8873701875,1,highest outer-training mean; exact ties by lexicographic probe ID
0,1,candidate,DNM1,11761584_x_at,3,5.30725475,1,highest outer-training mean; exact ties by lexicographic probe ID
0,1,candidate,DNM1L,11742435_a_at,4,7.345556625,1,highest outer-training mean; exact ties by lexicographic probe ID
0,1,candidate,DNM2,11735759_a_at,3,9.28610434375,1,highest outer-training mean; exact ties by lexicographic probe ID
0,1,candidate,EIF4EBP1,11718284_x_at,3,7.2245071875,1,highest outer-training mean; exact ties by lexicographic probe ID
0,1,candidate,FIS1,11723286_a_at,1,8.297151343749999,1,highest outer-training mean; exact ties by lexicographic probe ID
0,1,candidate,FKBP8,11743133_a_at,3,7.3365865,1,highest outer-training mean; exact ties by lexicographic probe ID
0,1,candidate,FUNDC1,11731671_at,1,5.96852734375,1,highest outer-training mean; exact ties by lexicographic probe ID
0,1,candidate,GABARAP,11715479_a_at,4,11.55420875,1,highest outer-training mean; exact ties by lexicographic probe ID
0,1,candidate,GABARAPL2,11754495_x_at,4,10.203090812500001,1,highest outer-training mean; exact ties by lexicographic probe ID
0,1,candidate,GDAP1,11739561_at,4,4.19394246875,1,highest outer-training mean; exact ties by lexicographic probe ID
0,1,candidate,GIGYF1,11720122_at,5,8.02470234375,1,highest outer-training mean; exact ties by lexicographic probe ID
0,1,candidate,GIGYF2,11739463_a_at,7,5.962125625,1,highest outer-training mean; exact ties by lexicographic probe ID
0,1,candidate,HIF1A,11718757_s_at,8,9.071074374999998,1,highest outer-training mean; exact ties by lexicographic probe ID
0,1,candidate,IKBKB,11730928_a_at,11,7.98396209375,1,highest outer-training mean; exact ties by lexicographic probe ID
0,1,candidate,IL6,11760425_a_at,2,4.521778781249999,1,highest outer-training mean; exact ties by lexicographic probe ID
0,1,candidate,INF2,11736439_a_at,5,6.1528835937499995,1,highest outer-training mean; exact ties by lexicographic probe ID
0,1,candidate,IRF3,11745499_x_at,6,6.44728684375,1,highest outer-training mean; exact ties by lexicographic probe ID
0,1,candidate,IRF7,11718916_a_at,1,8.637782,1,highest outer-training mean; exact ties by lexicographic probe ID
0,1,candidate,LATS1,11745334_a_at,3,3.0415202499999996,1,highest outer-training mean; exact ties by lexicographic probe ID
0,1,candidate,LATS2,11755581_a_at,3,6.738275875,1,highest outer-training mean; exact ties by lexicographic probe ID
0,1,candidate,MAP1LC3B,11738984_x_at,4,9.65489228125,1,highest outer-training mean; exact ties by lexicographic probe ID
0,1,candidate,MCL1,11715483_s_at,6,11.906913843749999,1,highest outer-training mean; exact ties by lexicographic probe ID
0,1,candidate,MFF,11745184_a_at,5,7.66700728125,1,highest outer-training mean; exact ties by lexicographic probe ID
0,1,candidate,MFN1,11731456_at,3,6.64950490625,1,highest outer-training mean; exact ties by lexicographic probe ID
0,1,candidate,MFN2,11741010_a_at,3,8.535743,1,highest outer-training mean; exact ties by lexicographic probe ID
0,1,candidate,MIEF1,11757944_s_at,3,6.22680565625,1,highest outer-training mean; exact ties by lexicographic probe ID
0,1,candidate,MIEF2,11735347_a_at,1,4.32111428125,1,highest outer-training mean; exact ties by lexicographic probe ID
0,1,candidate,MST1,11721819_x_at,2,5.231497968749999,1,highest outer-training mean; exact ties by lexicographic probe ID
0,1,candidate,MTCH2,11721075_a_at,2,6.86188734375,1,highest outer-training mean; exact ties by lexicographic probe ID
0,1,candidate,MTFR1,11725658_a_at,5,5.65827809375,1,highest outer-training mean; exact ties by lexicographic probe ID
0,1,candidate,MTFR1L,11735789_a_at,8,7.032571687500001,1,highest outer-training mean; exact ties by lexicographic probe ID
0,1,candidate,MTOR,11716134_a_at,3,6.3684555625,1,highest outer-training mean; exact ties by lexicographic probe ID
0,1,candidate,NBR1,11738519_x_at,6,7.78501571875,1,highest outer-training mean; exact ties by lexicographic probe ID
0,1,candidate,NFKB1,11717542_a_at,1,8.798987343750001,1,highest outer-training mean; exact ties by lexicographic probe ID
0,1,candidate,OPA1,11740746_s_at,5,6.2682813125,1,highest outer-training mean; exact ties by lexicographic probe ID
0,1,candidate,OPTN,11745271_x_at,3,8.786317624999999,1,highest outer-training mean; exact ties by lexicographic probe ID
0,1,candidate,PHB2,11715383_a_at,3,8.6482726875,1,highest outer-training mean; exact ties by lexicographic probe ID
0,1,candidate,PINK1,11726996_at,2,9.02353321875,1,highest outer-training mean; exact ties by lexicographic probe ID
0,1,candidate,PLD6,11725448_at,2,4.821211187499999,1,highest outer-training mean; exact ties by lexicographic probe ID
0,1,candidate,PMAIP1,11724509_a_at,2,6.4771104062500005,1,highest outer-training mean; exact ties by lexicographic probe ID
0,1,candidate,RELA,11745440_s_at,3,7.8736841875,1,highest outer-training mean; exact ties by lexicographic probe ID
0,1,candidate,RHEB,11716260_s_at,4,8.309340281250002,1,highest outer-training mean; exact ties by lexicographic probe ID
0,1,candidate,RPS6KB1,11750648_x_at,7,6.638549218750001,1,highest outer-training mean; exact ties by lexicographic probe ID
0,1,candidate,RPTOR,11722498_s_at,6,4.89644846875,1,highest outer-training mean; exact ties by lexicographic probe ID
0,1,candidate,SQSTM1,11756761_x_at,5,9.1499960625,1,highest outer-training mean; exact ties by lexicographic probe ID
0,1,candidate,TAX1BP1,11752195_s_at,5,9.4460763125,1,highest outer-training mean; exact ties by lexicographic probe ID
0,1,candidate,TBK1,11717931_at,2,7.66412284375,1,highest outer-training mean; exact ties by lexicographic probe ID
0,1,candidate,TEAD1,11752086_a_at,3,5.4281400625,1,highest outer-training mean; exact ties by lexicographic probe ID
0,1,candidate,TEAD4,11733699_a_at,1,4.869705625,1,highest outer-training mean; exact ties by lexicographic probe ID
0,1,candidate,TMEM173,11727044_a_at,1,6.928534593749999,1,highest outer-training mean; exact ties by lexicographic probe ID
0,1,candidate,TNF,11721577_at,1,6.4999631875,1,highest outer-training mean; exact ties by lexicographic probe ID
0,1,candidate,TSC1,11718820_at,4,7.1924118437499995,1,highest outer-training mean; exact ties by lexicographic probe ID
0,1,candidate,TSC2,11756886_a_at,2,6.1022465,1,highest outer-training mean; exact ties by lexicographic probe ID
0,1,candidate,ULK1,11744271_a_at,1,6.4773144375000005,1,highest outer-training mean; exact ties by lexicographic probe ID
0,1,candidate,VCP,11745875_x_at,4,8.13749940625,1,highest outer-training mean; exact ties by lexicographic probe ID
0,1,candidate,VDAC1,11715655_s_at,1,7.467675125,1,highest outer-training mean; exact ties by lexicographic probe ID
0,1,candidate,VDAC2,11748509_s_at,2,9.3460724375,1,highest outer-training mean; exact ties by lexicographic probe ID
0,1,candidate,VDAC3,11754510_s_at,3,9.23709275,1,highest outer-training mean; exact ties by lexicographic probe ID
0,1,candidate,WWTR1,11755099_a_at,3,6.758609,1,highest outer-training mean; exact ties by lexicographic probe ID
0,1,candidate,YAP1,11717924_a_at,8,4.5682194375,1,highest outer-training mean; exact ties by lexicographic probe ID
0,1,ma,BID,11732218_x_at,4,8.232986125,1,highest outer-training mean; exact ties by lexicographic probe ID
0,1,ma,FTH1,11757633_x_at,2,12.26894875,1,highest outer-training mean; exact ties by lexicographic probe ID
0,1,ma,LACTB,11721387_at,2,7.490683499999999,1,highest outer-training mean; exact ties by lexicographic probe ID
0,1,ma,PDK3,11730952_a_at,1,5.82612890625,1,highest outer-training mean; exact ties by lexicographic probe ID
0,2,candidate,AKT1,11716087_s_at,3,7.2734366562499995,1,highest outer-training mean; exact ties by lexicographic probe ID
0,2,candidate,AMBRA1,11741563_a_at,3,6.4332485,1,highest outer-training mean; exact ties by lexicographic probe ID
0,2,candidate,ATG5,11718147_a_at,3,6.2939694062500005,1,highest outer-training mean; exact ties by lexicographic probe ID
0,2,candidate,ATG7,11750782_a_at,3,5.79565740625,1,highest outer-training mean; exact ties by lexicographic probe ID
0,2,candidate,BAK1,11748849_a_at,5,7.113572812499999,1,highest outer-training mean; exact ties by lexicographic probe ID
0,2,candidate,BAX,11742537_a_at,2,6.2425171875,1,highest outer-training mean; exact ties by lexicographic probe ID
0,2,candidate,BBC3,11727707_a_at,2,8.276025562500001,1,highest outer-training mean; exact ties by lexicographic probe ID
0,2,candidate,BCL2,11721377_x_at,6,7.35719434375,1,highest outer-training mean; exact ties by lexicographic probe ID
0,2,candidate,BCL2L1,11739958_x_at,3,9.702358499999999,1,highest outer-training mean; exact ties by lexicographic probe ID
0,2,candidate,BCL2L13,11747880_a_at,7,7.5521572500000005,1,highest outer-training mean; exact ties by lexicographic probe ID
0,2,candidate,BID,11732218_x_at,4,8.226138500000001,1,highest outer-training mean; exact ties by lexicographic probe ID
0,2,candidate,BNIP3,11743084_s_at,2,5.48884621875,1,highest outer-training mean; exact ties by lexicographic probe ID
0,2,candidate,BNIP3L,11746802_x_at,6,11.0661825,1,highest outer-training mean; exact ties by lexicographic probe ID
0,2,candidate,CALCOCO2,11744395_s_at,5,8.57579159375,1,highest outer-training mean; exact ties by lexicographic probe ID
0,2,candidate,CCL5,11753810_a_at,3,10.795119249999999,1,highest outer-training mean; exact ties by lexicographic probe ID
0,2,candidate,CHUK,11754797_a_at,1,6.592096906249999,1,highest outer-training mean; exact ties by lexicographic probe ID
0,2,candidate,CXCL10,11720298_at,1,4.773801562499999,1,highest outer-training mean; exact ties by lexicographic probe ID
0,2,candidate,DNM1,11761584_x_at,3,5.30312978125,1,highest outer-training mean; exact ties by lexicographic probe ID
0,2,candidate,DNM1L,11742435_a_at,4,7.391644375,1,highest outer-training mean; exact ties by lexicographic probe ID
0,2,candidate,DNM2,11735759_a_at,3,9.318921656250001,1,highest outer-training mean; exact ties by lexicographic probe ID
0,2,candidate,EIF4EBP1,11718284_x_at,3,7.24968340625,1,highest outer-training mean; exact ties by lexicographic probe ID
0,2,candidate,FIS1,11723286_a_at,1,8.2409774375,1,highest outer-training mean; exact ties by lexicographic probe ID
0,2,candidate,FKBP8,11743133_a_at,3,7.3184610625,1,highest outer-training mean; exact ties by lexicographic probe ID
0,2,candidate,FUNDC1,11731671_at,1,6.03467640625,1,highest outer-training mean; exact ties by lexicographic probe ID
0,2,candidate,GABARAP,11715479_a_at,4,11.539659687499999,1,highest outer-training mean; exact ties by lexicographic probe ID
0,2,candidate,GABARAPL2,11754495_x_at,4,10.15652178125,1,highest outer-training mean; exact ties by lexicographic probe ID
0,2,candidate,GDAP1,11739561_at,4,4.24194403125,1,highest outer-training mean; exact ties by lexicographic probe ID
0,2,candidate,GIGYF1,11720122_at,5,8.01983065625,1,highest outer-training mean; exact ties by lexicographic probe ID
0,2,candidate,GIGYF2,11739463_a_at,7,5.97595115625,1,highest outer-training mean; exact ties by lexicographic probe ID
0,2,candidate,HIF1A,11718757_s_at,8,9.13937065625,1,highest outer-training mean; exact ties by lexicographic probe ID
0,2,candidate,IKBKB,11730928_a_at,11,7.999089468749999,1,highest outer-training mean; exact ties by lexicographic probe ID
0,2,candidate,IL6,11760425_a_at,2,4.477270625,1,highest outer-training mean; exact ties by lexicographic probe ID
0,2,candidate,INF2,11736439_a_at,5,6.15682415625,1,highest outer-training mean; exact ties by lexicographic probe ID
0,2,candidate,IRF3,11745499_x_at,6,6.398359687499999,1,highest outer-training mean; exact ties by lexicographic probe ID
0,2,candidate,IRF7,11718916_a_at,1,8.673763812499999,1,highest outer-training mean; exact ties by lexicographic probe ID
0,2,candidate,LATS1,11745334_a_at,3,3.0275591875,1,highest outer-training mean; exact ties by lexicographic probe ID
0,2,candidate,LATS2,11755581_a_at,3,6.8233196875,1,highest outer-training mean; exact ties by lexicographic probe ID
0,2,candidate,MAP1LC3B,11738984_x_at,4,9.60356025,1,highest outer-training mean; exact ties by lexicographic probe ID
0,2,candidate,MCL1,11715483_s_at,6,11.93346571875,1,highest outer-training mean; exact ties by lexicographic probe ID
0,2,candidate,MFF,11745184_a_at,5,7.6555799375,1,highest outer-training mean; exact ties by lexicographic probe ID
0,2,candidate,MFN1,11731456_at,3,6.643369625,1,highest outer-training mean; exact ties by lexicographic probe ID
0,2,candidate,MFN2,11741010_a_at,3,8.548724437499999,1,highest outer-training mean; exact ties by lexicographic probe ID
0,2,candidate,MIEF1,11757944_s_at,3,6.272756812499999,1,highest outer-training mean; exact ties by lexicographic probe ID
0,2,candidate,MIEF2,11735347_a_at,1,4.321174156250001,1,highest outer-training mean; exact ties by lexicographic probe ID
0,2,candidate,MST1,11721819_x_at,2,5.21081571875,1,highest outer-training mean; exact ties by lexicographic probe ID
0,2,candidate,MTCH2,11721075_a_at,2,6.8817419375,1,highest outer-training mean; exact ties by lexicographic probe ID
0,2,candidate,MTFR1,11725658_a_at,5,5.662463562499999,1,highest outer-training mean; exact ties by lexicographic probe ID
0,2,candidate,MTFR1L,11735789_a_at,8,7.035033406249999,1,highest outer-training mean; exact ties by lexicographic probe ID
0,2,candidate,MTOR,11716134_a_at,3,6.38636546875,1,highest outer-training mean; exact ties by lexicographic probe ID
0,2,candidate,NBR1,11738519_x_at,6,7.7690002499999995,1,highest outer-training mean; exact ties by lexicographic probe ID
0,2,candidate,NFKB1,11717542_a_at,1,8.80743690625,1,highest outer-training mean; exact ties by lexicographic probe ID
0,2,candidate,OPA1,11740746_s_at,5,6.25045528125,1,highest outer-training mean; exact ties by lexicographic probe ID
0,2,candidate,OPTN,11745271_x_at,3,8.839510906250002,1,highest outer-training mean; exact ties by lexicographic probe ID
0,2,candidate,PHB2,11715383_a_at,3,8.6340860625,1,highest outer-training mean; exact ties by lexicographic probe ID
0,2,candidate,PINK1,11726996_at,2,9.0192891875,1,highest outer-training mean; exact ties by lexicographic probe ID
0,2,candidate,PLD6,11725448_at,2,4.71118796875,1,highest outer-training mean; exact ties by lexicographic probe ID
0,2,candidate,PMAIP1,11724509_a_at,2,6.521199656249999,1,highest outer-training mean; exact ties by lexicographic probe ID
0,2,candidate,RELA,11745440_s_at,3,7.909184375000001,1,highest outer-training mean; exact ties by lexicographic probe ID
0,2,candidate,RHEB,11716260_s_at,4,8.33068609375,1,highest outer-training mean; exact ties by lexicographic probe ID
0,2,candidate,RPS6KB1,11750648_x_at,7,6.65953846875,1,highest outer-training mean; exact ties by lexicographic probe ID
0,2,candidate,RPTOR,11722498_s_at,6,4.873616125,1,highest outer-training mean; exact ties by lexicographic probe ID
0,2,candidate,SQSTM1,11756761_x_at,5,9.136268874999999,1,highest outer-training mean; exact ties by lexicographic probe ID
0,2,candidate,TAX1BP1,11752195_s_at,5,9.36604609375,1,highest outer-training mean; exact ties by lexicographic probe ID
0,2,candidate,TBK1,11717931_at,2,7.6727510625,1,highest outer-training mean; exact ties by lexicographic probe ID
0,2,candidate,TEAD1,11752086_a_at,3,5.4176709375,1,highest outer-training mean; exact ties by lexicographic probe ID
0,2,candidate,TEAD4,11733699_a_at,1,4.8645541875,1,highest outer-training mean; exact ties by lexicographic probe ID
0,2,candidate,TMEM173,11727044_a_at,1,6.90901171875,1,highest outer-training mean; exact ties by lexicographic probe ID
0,2,candidate,TNF,11721577_at,1,6.5324008437500005,1,highest outer-training mean; exact ties by lexicographic probe ID
0,2,candidate,TSC1,11718820_at,4,7.2115427812499995,1,highest outer-training mean; exact ties by lexicographic probe ID
0,2,candidate,TSC2,11756886_a_at,2,6.102642875000001,1,highest outer-training mean; exact ties by lexicographic probe ID
0,2,candidate,ULK1,11744271_a_at,1,6.471933375,1,highest outer-training mean; exact ties by lexicographic probe ID
0,2,candidate,VCP,11745875_x_at,4,8.200889781250002,1,highest outer-training mean; exact ties by lexicographic probe ID
0,2,candidate,VDAC1,11715655_s_at,1,7.571178375000001,1,highest outer-training mean; exact ties by lexicographic probe ID
0,2,candidate,VDAC2,11748509_s_at,2,9.3870568125,1,highest outer-training mean; exact ties by lexicographic probe ID
0,2,candidate,VDAC3,11754510_s_at,3,9.254507968750001,1,highest outer-training mean; exact ties by lexicographic probe ID
0,2,candidate,WWTR1,11755099_a_at,3,6.780304718750001,1,highest outer-training mean; exact ties by lexicographic probe ID
0,2,candidate,YAP1,11717924_a_at,8,4.58381275,1,highest outer-training mean; exact ties by lexicographic probe ID
0,2,ma,BID,11732218_x_at,4,8.226138500000001,1,highest outer-training mean; exact ties by lexicographic probe ID
0,2,ma,FTH1,11757633_x_at,2,12.2657028125,1,highest outer-training mean; exact ties by lexicographic probe ID
0,2,ma,LACTB,11721387_at,2,7.48345615625,1,highest outer-training mean; exact ties by lexicographic probe ID
0,2,ma,PDK3,11730952_a_at,1,5.86667028125,1,highest outer-training mean; exact ties by lexicographic probe ID
0,3,candidate,AKT1,11716087_s_at,3,7.2312899375,1,highest outer-training mean; exact ties by lexicographic probe ID
0,3,candidate,AMBRA1,11741563_a_at,3,6.4175266875000005,1,highest outer-training mean; exact ties by lexicographic probe ID
0,3,candidate,ATG5,11718147_a_at,3,6.4031758750000005,1,highest outer-training mean; exact ties by lexicographic probe ID
0,3,candidate,ATG7,11750782_a_at,3,5.837413843749999,1,highest outer-training mean; exact ties by lexicographic probe ID
0,3,candidate,BAK1,11748849_a_at,5,7.209587125,1,highest outer-training mean; exact ties by lexicographic probe ID
0,3,candidate,BAX,11742537_a_at,2,6.3417340625000005,1,highest outer-training mean; exact ties by lexicographic probe ID
0,3,candidate,BBC3,11727707_a_at,2,8.31899459375,1,highest outer-training mean; exact ties by lexicographic probe ID
0,3,candidate,BCL2,11721376_at,6,7.28821971875,1,highest outer-training mean; exact ties by lexicographic probe ID
0,3,candidate,BCL2L1,11739958_x_at,3,9.695663906250001,1,highest outer-training mean; exact ties by lexicographic probe ID
0,3,candidate,BCL2L13,11747880_a_at,7,7.55812228125,1,highest outer-training mean; exact ties by lexicographic probe ID
0,3,candidate,BID,11732218_x_at,4,8.29398871875,1,highest outer-training mean; exact ties by lexicographic probe ID
0,3,candidate,BNIP3,11743084_s_at,2,5.4899785,1,highest outer-training mean; exact ties by lexicographic probe ID
0,3,candidate,BNIP3L,11746802_x_at,6,11.10762590625,1,highest outer-training mean; exact ties by lexicographic probe ID
0,3,candidate,CALCOCO2,11744395_s_at,5,8.5207745625,1,highest outer-training mean; exact ties by lexicographic probe ID
0,3,candidate,CCL5,11753810_a_at,3,10.85426840625,1,highest outer-training mean; exact ties by lexicographic probe ID
0,3,candidate,CHUK,11754797_a_at,1,6.62679259375,1,highest outer-training mean; exact ties by lexicographic probe ID
0,3,candidate,CXCL10,11720298_at,1,5.01375321875,1,highest outer-training mean; exact ties by lexicographic probe ID
0,3,candidate,DNM1,11761584_x_at,3,5.32132521875,1,highest outer-training mean; exact ties by lexicographic probe ID
0,3,candidate,DNM1L,11742435_a_at,4,7.34551028125,1,highest outer-training mean; exact ties by lexicographic probe ID
0,3,candidate,DNM2,11735759_a_at,3,9.30857325,1,highest outer-training mean; exact ties by lexicographic probe ID
0,3,candidate,EIF4EBP1,11718284_x_at,3,7.2382343125,1,highest outer-training mean; exact ties by lexicographic probe ID
0,3,candidate,FIS1,11723286_a_at,1,8.26017821875,1,highest outer-training mean; exact ties by lexicographic probe ID
0,3,candidate,FKBP8,11743133_a_at,3,7.333712875,1,highest outer-training mean; exact ties by lexicographic probe ID
0,3,candidate,FUNDC1,11731671_at,1,6.015798312499999,1,highest outer-training mean; exact ties by lexicographic probe ID
0,3,candidate,GABARAP,11715479_a_at,4,11.510013749999999,1,highest outer-training mean; exact ties by lexicographic probe ID
0,3,candidate,GABARAPL2,11728662_s_at,4,10.140803875,1,highest outer-training mean; exact ties by lexicographic probe ID
0,3,candidate,GDAP1,11739561_at,4,4.1809801250000005,1,highest outer-training mean; exact ties by lexicographic probe ID
0,3,candidate,GIGYF1,11720122_at,5,7.976303875,1,highest outer-training mean; exact ties by lexicographic probe ID
0,3,candidate,GIGYF2,11739463_a_at,7,5.92280646875,1,highest outer-training mean; exact ties by lexicographic probe ID
0,3,candidate,HIF1A,11718757_s_at,8,9.133406156249999,1,highest outer-training mean; exact ties by lexicographic probe ID
0,3,candidate,IKBKB,11730928_a_at,11,7.976852062500001,1,highest outer-training mean; exact ties by lexicographic probe ID
0,3,candidate,IL6,11760425_a_at,2,4.47500025,1,highest outer-training mean; exact ties by lexicographic probe ID
0,3,candidate,INF2,11736439_a_at,5,6.19483628125,1,highest outer-training mean; exact ties by lexicographic probe ID
0,3,candidate,IRF3,11745499_x_at,6,6.391156468749999,1,highest outer-training mean; exact ties by lexicographic probe ID
0,3,candidate,IRF7,11718916_a_at,1,8.60883903125,1,highest outer-training mean; exact ties by lexicographic probe ID
0,3,candidate,LATS1,11745334_a_at,3,3.05301559375,1,highest outer-training mean; exact ties by lexicographic probe ID
0,3,candidate,LATS2,11755581_a_at,3,6.8903771874999995,1,highest outer-training mean; exact ties by lexicographic probe ID
0,3,candidate,MAP1LC3B,11738984_x_at,4,9.535943781250001,1,highest outer-training mean; exact ties by lexicographic probe ID
0,3,candidate,MCL1,11715483_s_at,6,11.9708840625,1,highest outer-training mean; exact ties by lexicographic probe ID
0,3,candidate,MFF,11745184_a_at,5,7.64578321875,1,highest outer-training mean; exact ties by lexicographic probe ID
0,3,candidate,MFN1,11731456_at,3,6.65312546875,1,highest outer-training mean; exact ties by lexicographic probe ID
0,3,candidate,MFN2,11741010_a_at,3,8.460021812499999,1,highest outer-training mean; exact ties by lexicographic probe ID
0,3,candidate,MIEF1,11757944_s_at,3,6.2288483125,1,highest outer-training mean; exact ties by lexicographic probe ID
0,3,candidate,MIEF2,11735347_a_at,1,4.3184254375,1,highest outer-training mean; exact ties by lexicographic probe ID
0,3,candidate,MST1,11721819_x_at,2,5.22792475,1,highest outer-training mean; exact ties by lexicographic probe ID
0,3,candidate,MTCH2,11721075_a_at,2,6.8688059375,1,highest outer-training mean; exact ties by lexicographic probe ID
0,3,candidate,MTFR1,11725658_a_at,5,5.66595434375,1,highest outer-training mean; exact ties by lexicographic probe ID
0,3,candidate,MTFR1L,11735789_a_at,8,7.0107515,1,highest outer-training mean; exact ties by lexicographic probe ID
0,3,candidate,MTOR,11716134_a_at,3,6.34867521875,1,highest outer-training mean; exact ties by lexicographic probe ID
0,3,candidate,NBR1,11738519_x_at,6,7.740004062500001,1,highest outer-training mean; exact ties by lexicographic probe ID
0,3,candidate,NFKB1,11717542_a_at,1,8.772475625,1,highest outer-training mean; exact ties by lexicographic probe ID
0,3,candidate,OPA1,11740746_s_at,5,6.2001858125,1,highest outer-training mean; exact ties by lexicographic probe ID
0,3,candidate,OPTN,11745271_x_at,3,8.828505781250001,1,highest outer-training mean; exact ties by lexicographic probe ID
0,3,candidate,PHB2,11715383_a_at,3,8.64648378125,1,highest outer-training mean; exact ties by lexicographic probe ID
0,3,candidate,PINK1,11726996_at,2,8.979108406249999,1,highest outer-training mean; exact ties by lexicographic probe ID
0,3,candidate,PLD6,11725448_at,2,4.748793125000001,1,highest outer-training mean; exact ties by lexicographic probe ID
0,3,candidate,PMAIP1,11724509_a_at,2,6.52786434375,1,highest outer-training mean; exact ties by lexicographic probe ID
0,3,candidate,RELA,11745440_s_at,3,7.845086374999999,1,highest outer-training mean; exact ties by lexicographic probe ID
0,3,candidate,RHEB,11716260_s_at,4,8.33705478125,1,highest outer-training mean; exact ties by lexicographic probe ID
0,3,candidate,RPS6KB1,11750648_x_at,7,6.645537,1,highest outer-training mean; exact ties by lexicographic probe ID
0,3,candidate,RPTOR,11722498_s_at,6,4.86937765625,1,highest outer-training mean; exact ties by lexicographic probe ID
0,3,candidate,SQSTM1,11756761_x_at,5,9.10587965625,1,highest outer-training mean; exact ties by lexicographic probe ID
0,3,candidate,TAX1BP1,11752195_s_at,5,9.43990371875,1,highest outer-training mean; exact ties by lexicographic probe ID
0,3,candidate,TBK1,11717931_at,2,7.74253171875,1,highest outer-training mean; exact ties by lexicographic probe ID
0,3,candidate,TEAD1,11752086_a_at,3,5.434990125,1,highest outer-training mean; exact ties by lexicographic probe ID
0,3,candidate,TEAD4,11733699_a_at,1,4.8098934374999995,1,highest outer-training mean; exact ties by lexicographic probe ID
0,3,candidate,TMEM173,11727044_a_at,1,6.948492343750001,1,highest outer-training mean; exact ties by lexicographic probe ID
0,3,candidate,TNF,11721577_at,1,6.52749275,1,highest outer-training mean; exact ties by lexicographic probe ID
0,3,candidate,TSC1,11718820_at,4,7.16334328125,1,highest outer-training mean; exact ties by lexicographic probe ID
0,3,candidate,TSC2,11756886_a_at,2,6.01873159375,1,highest outer-training mean; exact ties by lexicographic probe ID
0,3,candidate,ULK1,11744271_a_at,1,6.4601506875000005,1,highest outer-training mean; exact ties by lexicographic probe ID
0,3,candidate,VCP,11745875_x_at,4,8.11414215625,1,highest outer-training mean; exact ties by lexicographic probe ID
0,3,candidate,VDAC1,11715655_s_at,1,7.4684931875,1,highest outer-training mean; exact ties by lexicographic probe ID
0,3,candidate,VDAC2,11748509_s_at,2,9.358192687499999,1,highest outer-training mean; exact ties by lexicographic probe ID
0,3,candidate,VDAC3,11754510_s_at,3,9.26273015625,1,highest outer-training mean; exact ties by lexicographic probe ID
0,3,candidate,WWTR1,11755099_a_at,3,6.7651060625,1,highest outer-training mean; exact ties by lexicographic probe ID
0,3,candidate,YAP1,11717924_a_at,8,4.5778013125,1,highest outer-training mean; exact ties by lexicographic probe ID
0,3,ma,BID,11732218_x_at,4,8.29398871875,1,highest outer-training mean; exact ties by lexicographic probe ID
0,3,ma,FTH1,11757633_x_at,2,12.271175,1,highest outer-training mean; exact ties by lexicographic probe ID
0,3,ma,LACTB,11721387_at,2,7.5909240625,1,highest outer-training mean; exact ties by lexicographic probe ID
0,3,ma,PDK3,11730952_a_at,1,5.827045406250001,1,highest outer-training mean; exact ties by lexicographic probe ID
0,4,candidate,AKT1,11716087_s_at,3,7.293542875,1,highest outer-training mean; exact ties by lexicographic probe ID
0,4,candidate,AMBRA1,11741563_a_at,3,6.42839159375,1,highest outer-training mean; exact ties by lexicographic probe ID
0,4,candidate,ATG5,11718147_a_at,3,6.371365375,1,highest outer-training mean; exact ties by lexicographic probe ID
0,4,candidate,ATG7,11750782_a_at,3,5.7564798125,1,highest outer-training mean; exact ties by lexicographic probe ID
0,4,candidate,BAK1,11748849_a_at,5,7.13063159375,1,highest outer-training mean; exact ties by lexicographic probe ID
0,4,candidate,BAX,11742537_a_at,2,6.2957809375,1,highest outer-training mean; exact ties by lexicographic probe ID
0,4,candidate,BBC3,11727707_a_at,2,8.33160921875,1,highest outer-training mean; exact ties by lexicographic probe ID
0,4,candidate,BCL2,11721377_x_at,6,7.43235959375,1,highest outer-training mean; exact ties by lexicographic probe ID
0,4,candidate,BCL2L1,11739958_x_at,3,9.69342484375,1,highest outer-training mean; exact ties by lexicographic probe ID
0,4,candidate,BCL2L13,11747880_a_at,7,7.5835721875,1,highest outer-training mean; exact ties by lexicographic probe ID
0,4,candidate,BID,11732218_x_at,4,8.25583515625,1,highest outer-training mean; exact ties by lexicographic probe ID
0,4,candidate,BNIP3,11743084_s_at,2,5.55946078125,1,highest outer-training mean; exact ties by lexicographic probe ID
0,4,candidate,BNIP3L,11746802_x_at,6,11.12082815625,1,highest outer-training mean; exact ties by lexicographic probe ID
0,4,candidate,CALCOCO2,11744395_s_at,5,8.52408475,1,highest outer-training mean; exact ties by lexicographic probe ID
0,4,candidate,CCL5,11753810_a_at,3,10.8315978125,1,highest outer-training mean; exact ties by lexicographic probe ID
0,4,candidate,CHUK,11754797_a_at,1,6.594112593749999,1,highest outer-training mean; exact ties by lexicographic probe ID
0,4,candidate,CXCL10,11720298_at,1,4.7225934375000005,1,highest outer-training mean; exact ties by lexicographic probe ID
0,4,candidate,DNM1,11761584_x_at,3,5.2772718125,1,highest outer-training mean; exact ties by lexicographic probe ID
0,4,candidate,DNM1L,11742435_a_at,4,7.423252375000001,1,highest outer-training mean; exact ties by lexicographic probe ID
0,4,candidate,DNM2,11735759_a_at,3,9.27785171875,1,highest outer-training mean; exact ties by lexicographic probe ID
0,4,candidate,EIF4EBP1,11718284_x_at,3,7.232543250000001,1,highest outer-training mean; exact ties by lexicographic probe ID
0,4,candidate,FIS1,11723286_a_at,1,8.29237740625,1,highest outer-training mean; exact ties by lexicographic probe ID
0,4,candidate,FKBP8,11743133_a_at,3,7.33741875,1,highest outer-training mean; exact ties by lexicographic probe ID
0,4,candidate,FUNDC1,11731671_at,1,6.0237966875,1,highest outer-training mean; exact ties by lexicographic probe ID
0,4,candidate,GABARAP,11715479_a_at,4,11.5221865625,1,highest outer-training mean; exact ties by lexicographic probe ID
0,4,candidate,GABARAPL2,11728662_s_at,4,10.1534016875,1,highest outer-training mean; exact ties by lexicographic probe ID
0,4,candidate,GDAP1,11739561_at,4,4.18152246875,1,highest outer-training mean; exact ties by lexicographic probe ID
0,4,candidate,GIGYF1,11720122_at,5,8.0068670625,1,highest outer-training mean; exact ties by lexicographic probe ID
0,4,candidate,GIGYF2,11739463_a_at,7,5.9918429062500005,1,highest outer-training mean; exact ties by lexicographic probe ID
0,4,candidate,HIF1A,11718757_s_at,8,9.1141031875,1,highest outer-training mean; exact ties by lexicographic probe ID
0,4,candidate,IKBKB,11730928_a_at,11,8.00546046875,1,highest outer-training mean; exact ties by lexicographic probe ID
0,4,candidate,IL6,11760425_a_at,2,4.459289499999999,1,highest outer-training mean; exact ties by lexicographic probe ID
0,4,candidate,INF2,11736439_a_at,5,6.13371575,1,highest outer-training mean; exact ties by lexicographic probe ID
0,4,candidate,IRF3,11745499_x_at,6,6.420673562499999,1,highest outer-training mean; exact ties by lexicographic probe ID
0,4,candidate,IRF7,11718916_a_at,1,8.558666093749999,1,highest outer-training mean; exact ties by lexicographic probe ID
0,4,candidate,LATS1,11745334_a_at,3,3.00408359375,1,highest outer-training mean; exact ties by lexicographic probe ID
0,4,candidate,LATS2,11755581_a_at,3,6.78420115625,1,highest outer-training mean; exact ties by lexicographic probe ID
0,4,candidate,MAP1LC3B,11738984_x_at,4,9.53636515625,1,highest outer-training mean; exact ties by lexicographic probe ID
0,4,candidate,MCL1,11715483_s_at,6,11.921226968749998,1,highest outer-training mean; exact ties by lexicographic probe ID
0,4,candidate,MFF,11745184_a_at,5,7.698614687499999,1,highest outer-training mean; exact ties by lexicographic probe ID
0,4,candidate,MFN1,11731456_at,3,6.67401325,1,highest outer-training mean; exact ties by lexicographic probe ID
0,4,candidate,MFN2,11741010_a_at,3,8.4539413125,1,highest outer-training mean; exact ties by lexicographic probe ID
0,4,candidate,MIEF1,11757944_s_at,3,6.277702968749999,1,highest outer-training mean; exact ties by lexicographic probe ID
0,4,candidate,MIEF2,11735347_a_at,1,4.313866875,1,highest outer-training mean; exact ties by lexicographic probe ID
0,4,candidate,MST1,11721819_x_at,2,5.2036113125,1,highest outer-training mean; exact ties by lexicographic probe ID
0,4,candidate,MTCH2,11721075_a_at,2,6.89432053125,1,highest outer-training mean; exact ties by lexicographic probe ID
0,4,candidate,MTFR1,11725658_a_at,5,5.65948371875,1,highest outer-training mean; exact ties by lexicographic probe ID
0,4,candidate,MTFR1L,11735789_a_at,8,7.0014770625,1,highest outer-training mean; exact ties by lexicographic probe ID
0,4,candidate,MTOR,11716134_a_at,3,6.37926321875,1,highest outer-training mean; exact ties by lexicographic probe ID
0,4,candidate,NBR1,11738519_x_at,6,7.7293705,1,highest outer-training mean; exact ties by lexicographic probe ID
0,4,candidate,NFKB1,11717542_a_at,1,8.807768093750001,1,highest outer-training mean; exact ties by lexicographic probe ID
0,4,candidate,OPA1,11740746_s_at,5,6.251955125,1,highest outer-training mean; exact ties by lexicographic probe ID
0,4,candidate,OPTN,11745271_x_at,3,8.88652009375,1,highest outer-training mean; exact ties by lexicographic probe ID
0,4,candidate,PHB2,11715383_a_at,3,8.726307343750001,1,highest outer-training mean; exact ties by lexicographic probe ID
0,4,candidate,PINK1,11726996_at,2,8.99653015625,1,highest outer-training mean; exact ties by lexicographic probe ID
0,4,candidate,PLD6,11725448_at,2,4.80172065625,1,highest outer-training mean; exact ties by lexicographic probe ID
0,4,candidate,PMAIP1,11724509_a_at,2,6.5719240625,1,highest outer-training mean; exact ties by lexicographic probe ID
0,4,candidate,RELA,11745440_s_at,3,7.8974815312499995,1,highest outer-training mean; exact ties by lexicographic probe ID
0,4,candidate,RHEB,11716260_s_at,4,8.356266625,1,highest outer-training mean; exact ties by lexicographic probe ID
0,4,candidate,RPS6KB1,11750648_x_at,7,6.66442721875,1,highest outer-training mean; exact ties by lexicographic probe ID
0,4,candidate,RPTOR,11722498_s_at,6,4.8461184062500005,1,highest outer-training mean; exact ties by lexicographic probe ID
0,4,candidate,SQSTM1,11756761_x_at,5,9.13952325,1,highest outer-training mean; exact ties by lexicographic probe ID
0,4,candidate,TAX1BP1,11752195_s_at,5,9.421411625,1,highest outer-training mean; exact ties by lexicographic probe ID
0,4,candidate,TBK1,11717931_at,2,7.68329875,1,highest outer-training mean; exact ties by lexicographic probe ID
0,4,candidate,TEAD1,11752086_a_at,3,5.41007265625,1,highest outer-training mean; exact ties by lexicographic probe ID
0,4,candidate,TEAD4,11733699_a_at,1,4.833070312499999,1,highest outer-training mean; exact ties by lexicographic probe ID
0,4,candidate,TMEM173,11727044_a_at,1,6.924679218750001,1,highest outer-training mean; exact ties by lexicographic probe ID
0,4,candidate,TNF,11721577_at,1,6.4974786875,1,highest outer-training mean; exact ties by lexicographic probe ID
0,4,candidate,TSC1,11718820_at,4,7.229490687499999,1,highest outer-training mean; exact ties by lexicographic probe ID
0,4,candidate,TSC2,11756886_a_at,2,6.0960279375,1,highest outer-training mean; exact ties by lexicographic probe ID
0,4,candidate,ULK1,11744271_a_at,1,6.45765175,1,highest outer-training mean; exact ties by lexicographic probe ID
0,4,candidate,VCP,11745875_x_at,4,8.19073934375,1,highest outer-training mean; exact ties by lexicographic probe ID
0,4,candidate,VDAC1,11715655_s_at,1,7.55166346875,1,highest outer-training mean; exact ties by lexicographic probe ID
0,4,candidate,VDAC2,11748509_s_at,2,9.41148071875,1,highest outer-training mean; exact ties by lexicographic probe ID
0,4,candidate,VDAC3,11754510_s_at,3,9.292586125,1,highest outer-training mean; exact ties by lexicographic probe ID
0,4,candidate,WWTR1,11755099_a_at,3,6.728900593750001,1,highest outer-training mean; exact ties by lexicographic probe ID
0,4,candidate,YAP1,11717924_a_at,8,4.576121375,1,highest outer-training mean; exact ties by lexicographic probe ID
0,4,ma,BID,11732218_x_at,4,8.25583515625,1,highest outer-training mean; exact ties by lexicographic probe ID
0,4,ma,FTH1,11757633_x_at,2,12.2580753125,1,highest outer-training mean; exact ties by lexicographic probe ID
0,4,ma,LACTB,11721387_at,2,7.4977019687499995,1,highest outer-training mean; exact ties by lexicographic probe ID
0,4,ma,PDK3,11730952_a_at,1,5.833486375000001,1,highest outer-training mean; exact ties by lexicographic probe ID
1,0,candidate,AKT1,11716087_s_at,3,7.28380128125,1,highest outer-training mean; exact ties by lexicographic probe ID
1,0,candidate,AMBRA1,11741563_a_at,3,6.43668484375,1,highest outer-training mean; exact ties by lexicographic probe ID
1,0,candidate,ATG5,11718147_a_at,3,6.3895899375,1,highest outer-training mean; exact ties by lexicographic probe ID
1,0,candidate,ATG7,11750782_a_at,3,5.8477983125,1,highest outer-training mean; exact ties by lexicographic probe ID
1,0,candidate,BAK1,11748849_a_at,5,7.1539923750000005,1,highest outer-training mean; exact ties by lexicographic probe ID
1,0,candidate,BAX,11742537_a_at,2,6.3226031875,1,highest outer-training mean; exact ties by lexicographic probe ID
1,0,candidate,BBC3,11727707_a_at,2,8.331457125,1,highest outer-training mean; exact ties by lexicographic probe ID
1,0,candidate,BCL2,11721376_at,6,7.3143150625,1,highest outer-training mean; exact ties by lexicographic probe ID
1,0,candidate,BCL2L1,11739958_x_at,3,9.609829249999999,1,highest outer-training mean; exact ties by lexicographic probe ID
1,0,candidate,BCL2L13,11747880_a_at,7,7.55148065625,1,highest outer-training mean; exact ties by lexicographic probe ID
1,0,candidate,BID,11732218_x_at,4,8.31416178125,1,highest outer-training mean; exact ties by lexicographic probe ID
1,0,candidate,BNIP3,11743084_s_at,2,5.514425156250001,1,highest outer-training mean; exact ties by lexicographic probe ID
1,0,candidate,BNIP3L,11746802_x_at,6,11.023071250000001,1,highest outer-training mean; exact ties by lexicographic probe ID
1,0,candidate,CALCOCO2,11744395_s_at,5,8.56985153125,1,highest outer-training mean; exact ties by lexicographic probe ID
1,0,candidate,CCL5,11753810_a_at,3,10.8290685,1,highest outer-training mean; exact ties by lexicographic probe ID
1,0,candidate,CHUK,11754797_a_at,1,6.6866121875,1,highest outer-training mean; exact ties by lexicographic probe ID
1,0,candidate,CXCL10,11720298_at,1,4.939497843750001,1,highest outer-training mean; exact ties by lexicographic probe ID
1,0,candidate,DNM1,11761584_x_at,3,5.25885234375,1,highest outer-training mean; exact ties by lexicographic probe ID
1,0,candidate,DNM1L,11742435_a_at,4,7.407341375,1,highest outer-training mean; exact ties by lexicographic probe ID
1,0,candidate,DNM2,11735759_a_at,3,9.312318750000001,1,highest outer-training mean; exact ties by lexicographic probe ID
1,0,candidate,EIF4EBP1,11718284_x_at,3,7.275784625,1,highest outer-training mean; exact ties by lexicographic probe ID
1,0,candidate,FIS1,11723286_a_at,1,8.204069781249999,1,highest outer-training mean; exact ties by lexicographic probe ID
1,0,candidate,FKBP8,11743133_a_at,3,7.26420525,1,highest outer-training mean; exact ties by lexicographic probe ID
1,0,candidate,FUNDC1,11731671_at,1,6.082282125000001,1,highest outer-training mean; exact ties by lexicographic probe ID
1,0,candidate,GABARAP,11715479_a_at,4,11.52297875,1,highest outer-training mean; exact ties by lexicographic probe ID
1,0,candidate,GABARAPL2,11754495_x_at,4,10.13011053125,1,highest outer-training mean; exact ties by lexicographic probe ID
1,0,candidate,GDAP1,11739561_at,4,4.227654,1,highest outer-training mean; exact ties by lexicographic probe ID
1,0,candidate,GIGYF1,11720122_at,5,7.961687531250001,1,highest outer-training mean; exact ties by lexicographic probe ID
1,0,candidate,GIGYF2,11739463_a_at,7,5.98861896875,1,highest outer-training mean; exact ties by lexicographic probe ID
1,0,candidate,HIF1A,11718757_s_at,8,9.1934341875,1,highest outer-training mean; exact ties by lexicographic probe ID
1,0,candidate,IKBKB,11730928_a_at,11,8.00830609375,1,highest outer-training mean; exact ties by lexicographic probe ID
1,0,candidate,IL6,11760425_a_at,2,4.459841375,1,highest outer-training mean; exact ties by lexicographic probe ID
1,0,candidate,INF2,11736439_a_at,5,6.1615135,1,highest outer-training mean; exact ties by lexicographic probe ID
1,0,candidate,IRF3,11745499_x_at,6,6.429500781250001,1,highest outer-training mean; exact ties by lexicographic probe ID
1,0,candidate,IRF7,11718916_a_at,1,8.680851718749999,1,highest outer-training mean; exact ties by lexicographic probe ID
1,0,candidate,LATS1,11745334_a_at,3,3.0218427500000002,1,highest outer-training mean; exact ties by lexicographic probe ID
1,0,candidate,LATS2,11755581_a_at,3,6.94304090625,1,highest outer-training mean; exact ties by lexicographic probe ID
1,0,candidate,MAP1LC3B,11738984_x_at,4,9.55152275,1,highest outer-training mean; exact ties by lexicographic probe ID
1,0,candidate,MCL1,11715483_s_at,6,11.980113124999999,1,highest outer-training mean; exact ties by lexicographic probe ID
1,0,candidate,MFF,11745184_a_at,5,7.6739425,1,highest outer-training mean; exact ties by lexicographic probe ID
1,0,candidate,MFN1,11731456_at,3,6.6700509375,1,highest outer-training mean; exact ties by lexicographic probe ID
1,0,candidate,MFN2,11741010_a_at,3,8.485890093750001,1,highest outer-training mean; exact ties by lexicographic probe ID
1,0,candidate,MIEF1,11757944_s_at,3,6.256238250000001,1,highest outer-training mean; exact ties by lexicographic probe ID
1,0,candidate,MIEF2,11735347_a_at,1,4.31459528125,1,highest outer-training mean; exact ties by lexicographic probe ID
1,0,candidate,MST1,11721819_x_at,2,5.163820937500001,1,highest outer-training mean; exact ties by lexicographic probe ID
1,0,candidate,MTCH2,11721075_a_at,2,6.922126593750001,1,highest outer-training mean; exact ties by lexicographic probe ID
1,0,candidate,MTFR1,11725658_a_at,5,5.683673,1,highest outer-training mean; exact ties by lexicographic probe ID
1,0,candidate,MTFR1L,11735789_a_at,8,7.02456559375,1,highest outer-training mean; exact ties by lexicographic probe ID
1,0,candidate,MTOR,11716134_a_at,3,6.389619906250001,1,highest outer-training mean; exact ties by lexicographic probe ID
1,0,candidate,NBR1,11738519_x_at,6,7.75643078125,1,highest outer-training mean; exact ties by lexicographic probe ID
1,0,candidate,NFKB1,11717542_a_at,1,8.808155156249999,1,highest outer-training mean; exact ties by lexicographic probe ID
1,0,candidate,OPA1,11757614_s_at,5,6.16996259375,1,highest outer-training mean; exact ties by lexicographic probe ID
1,0,candidate,OPTN,11745271_x_at,3,8.76032553125,1,highest outer-training mean; exact ties by lexicographic probe ID
1,0,candidate,PHB2,11715383_a_at,3,8.7109981875,1,highest outer-training mean; exact ties by lexicographic probe ID
1,0,candidate,PINK1,11726996_at,2,8.9300618125,1,highest outer-training mean; exact ties by lexicographic probe ID
1,0,candidate,PLD6,11725448_at,2,4.74904965625,1,highest outer-training mean; exact ties by lexicographic probe ID
1,0,candidate,PMAIP1,11724509_a_at,2,6.6563210625,1,highest outer-training mean; exact ties by lexicographic probe ID
1,0,candidate,RELA,11745440_s_at,3,7.89692890625,1,highest outer-training mean; exact ties by lexicographic probe ID
1,0,candidate,RHEB,11716260_s_at,4,8.3829708125,1,highest outer-training mean; exact ties by lexicographic probe ID
1,0,candidate,RPS6KB1,11750648_x_at,7,6.68189634375,1,highest outer-training mean; exact ties by lexicographic probe ID
1,0,candidate,RPTOR,11722498_s_at,6,4.84383928125,1,highest outer-training mean; exact ties by lexicographic probe ID
1,0,candidate,SQSTM1,11756761_x_at,5,9.139014125000001,1,highest outer-training mean; exact ties by lexicographic probe ID
1,0,candidate,TAX1BP1,11752195_s_at,5,9.3839220625,1,highest outer-training mean; exact ties by lexicographic probe ID
1,0,candidate,TBK1,11717931_at,2,7.731311343750001,1,highest outer-training mean; exact ties by lexicographic probe ID
1,0,candidate,TEAD1,11752086_a_at,3,5.42630509375,1,highest outer-training mean; exact ties by lexicographic probe ID
1,0,candidate,TEAD4,11733699_a_at,1,4.8277234687499995,1,highest outer-training mean; exact ties by lexicographic probe ID
1,0,candidate,TMEM173,11727044_a_at,1,6.950200875,1,highest outer-training mean; exact ties by lexicographic probe ID
1,0,candidate,TNF,11721577_at,1,6.5286853124999995,1,highest outer-training mean; exact ties by lexicographic probe ID
1,0,candidate,TSC1,11718820_at,4,7.210051125,1,highest outer-training mean; exact ties by lexicographic probe ID
1,0,candidate,TSC2,11756886_a_at,2,6.07714359375,1,highest outer-training mean; exact ties by lexicographic probe ID
1,0,candidate,ULK1,11744271_a_at,1,6.4428740625,1,highest outer-training mean; exact ties by lexicographic probe ID
1,0,candidate,VCP,11745875_x_at,4,8.15745321875,1,highest outer-training mean; exact ties by lexicographic probe ID
1,0,candidate,VDAC1,11715655_s_at,1,7.56629925,1,highest outer-training mean; exact ties by lexicographic probe ID
1,0,candidate,VDAC2,11748509_s_at,2,9.416125812499999,1,highest outer-training mean; exact ties by lexicographic probe ID
1,0,candidate,VDAC3,11754510_s_at,3,9.2995731875,1,highest outer-training mean; exact ties by lexicographic probe ID
1,0,candidate,WWTR1,11755099_a_at,3,6.740112968749999,1,highest outer-training mean; exact ties by lexicographic probe ID
1,0,candidate,YAP1,11717924_a_at,8,4.5527933125,1,highest outer-training mean; exact ties by lexicographic probe ID
1,0,ma,BID,11732218_x_at,4,8.31416178125,1,highest outer-training mean; exact ties by lexicographic probe ID
1,0,ma,FTH1,11757633_x_at,2,12.270852187500001,1,highest outer-training mean; exact ties by lexicographic probe ID
1,0,ma,LACTB,11721387_at,2,7.60280146875,1,highest outer-training mean; exact ties by lexicographic probe ID
1,0,ma,PDK3,11730952_a_at,1,5.86569459375,1,highest outer-training mean; exact ties by lexicographic probe ID
1,1,candidate,AKT1,11716087_s_at,3,7.261813500000001,1,highest outer-training mean; exact ties by lexicographic probe ID
1,1,candidate,AMBRA1,11741563_a_at,3,6.40230403125,1,highest outer-training mean; exact ties by lexicographic probe ID
1,1,candidate,ATG5,11718147_a_at,3,6.34498984375,1,highest outer-training mean; exact ties by lexicographic probe ID
1,1,candidate,ATG7,11750782_a_at,3,5.8153240625,1,highest outer-training mean; exact ties by lexicographic probe ID
1,1,candidate,BAK1,11748849_a_at,5,7.15122925,1,highest outer-training mean; exact ties by lexicographic probe ID
1,1,candidate,BAX,11742537_a_at,2,6.269892125,1,highest outer-training mean; exact ties by lexicographic probe ID
1,1,candidate,BBC3,11727707_a_at,2,8.27794046875,1,highest outer-training mean; exact ties by lexicographic probe ID
1,1,candidate,BCL2,11721376_at,6,7.3971798125,1,highest outer-training mean; exact ties by lexicographic probe ID
1,1,candidate,BCL2L1,11739958_x_at,3,9.717786125,1,highest outer-training mean; exact ties by lexicographic probe ID
1,1,candidate,BCL2L13,11747880_a_at,7,7.59624353125,1,highest outer-training mean; exact ties by lexicographic probe ID
1,1,candidate,BID,11732218_x_at,4,8.2731995,1,highest outer-training mean; exact ties by lexicographic probe ID
1,1,candidate,BNIP3,11743084_s_at,2,5.608265875,1,highest outer-training mean; exact ties by lexicographic probe ID
1,1,candidate,BNIP3L,11746802_x_at,6,11.1144140625,1,highest outer-training mean; exact ties by lexicographic probe ID
1,1,candidate,CALCOCO2,11744395_s_at,5,8.55673325,1,highest outer-training mean; exact ties by lexicographic probe ID
1,1,candidate,CCL5,11753810_a_at,3,10.80345421875,1,highest outer-training mean; exact ties by lexicographic probe ID
1,1,candidate,CHUK,11754797_a_at,1,6.6164475312499995,1,highest outer-training mean; exact ties by lexicographic probe ID
1,1,candidate,CXCL10,11720298_at,1,4.9358003125,1,highest outer-training mean; exact ties by lexicographic probe ID
1,1,candidate,DNM1,11761584_x_at,3,5.312778843749999,1,highest outer-training mean; exact ties by lexicographic probe ID
1,1,candidate,DNM1L,11742435_a_at,4,7.32208128125,1,highest outer-training mean; exact ties by lexicographic probe ID
1,1,candidate,DNM2,11735759_a_at,3,9.299300062499999,1,highest outer-training mean; exact ties by lexicographic probe ID
1,1,candidate,EIF4EBP1,11718284_x_at,3,7.148545562500001,1,highest outer-training mean; exact ties by lexicographic probe ID
1,1,candidate,FIS1,11723286_a_at,1,8.29083528125,1,highest outer-training mean; exact ties by lexicographic probe ID
1,1,candidate,FKBP8,11743133_a_at,3,7.3589324375,1,highest outer-training mean; exact ties by lexicographic probe ID
1,1,candidate,FUNDC1,11731671_at,1,5.961991937500001,1,highest outer-training mean; exact ties by lexicographic probe ID
1,1,candidate,GABARAP,11715479_a_at,4,11.567722812500001,1,highest outer-training mean; exact ties by lexicographic probe ID
1,1,candidate,GABARAPL2,11754495_x_at,4,10.190551625,1,highest outer-training mean; exact ties by lexicographic probe ID
1,1,candidate,GDAP1,11739561_at,4,4.22762128125,1,highest outer-training mean; exact ties by lexicographic probe ID
1,1,candidate,GIGYF1,11720122_at,5,8.01914875,1,highest outer-training mean; exact ties by lexicographic probe ID
1,1,candidate,GIGYF2,11739463_a_at,7,5.9364420312499995,1,highest outer-training mean; exact ties by lexicographic probe ID
1,1,candidate,HIF1A,11718757_s_at,8,9.117536625,1,highest outer-training mean; exact ties by lexicographic probe ID
1,1,candidate,IKBKB,11730928_a_at,11,8.01384615625,1,highest outer-training mean; exact ties by lexicographic probe ID
1,1,candidate,IL6,11760425_a_at,2,4.50752621875,1,highest outer-training mean; exact ties by lexicographic probe ID
1,1,candidate,INF2,11736439_a_at,5,6.12436175,1,highest outer-training mean; exact ties by lexicographic probe ID
1,1,candidate,IRF3,11745499_x_at,6,6.42101334375,1,highest outer-training mean; exact ties by lexicographic probe ID
1,1,candidate,IRF7,11718916_a_at,1,8.718972249999998,1,highest outer-training mean; exact ties by lexicographic probe ID
1,1,candidate,LATS1,11745334_a_at,3,3.04491378125,1,highest outer-training mean; exact ties by lexicographic probe ID
1,1,candidate,LATS2,11755581_a_at,3,6.7693825937500005,1,highest outer-training mean; exact ties by lexicographic probe ID
1,1,candidate,MAP1LC3B,11738984_x_at,4,9.6501275625,1,highest outer-training mean; exact ties by lexicographic probe ID
1,1,candidate,MCL1,11715483_s_at,6,11.98967821875,1,highest outer-training mean; exact ties by lexicographic probe ID
1,1,candidate,MFF,11745184_a_at,5,7.66111865625,1,highest outer-training mean; exact ties by lexicographic probe ID
1,1,candidate,MFN1,11731456_at,3,6.6719299375,1,highest outer-training mean; exact ties by lexicographic probe ID
1,1,candidate,MFN2,11741010_a_at,3,8.53614928125,1,highest outer-training mean; exact ties by lexicographic probe ID
1,1,candidate,MIEF1,11757944_s_at,3,6.22294434375,1,highest outer-training mean; exact ties by lexicographic probe ID
1,1,candidate,MIEF2,11735347_a_at,1,4.31082684375,1,highest outer-training mean; exact ties by lexicographic probe ID
1,1,candidate,MST1,11721819_x_at,2,5.211979031249999,1,highest outer-training mean; exact ties by lexicographic probe ID
1,1,candidate,MTCH2,11721075_a_at,2,6.82519525,1,highest outer-training mean; exact ties by lexicographic probe ID
1,1,candidate,MTFR1,11725658_a_at,5,5.65731240625,1,highest outer-training mean; exact ties by lexicographic probe ID
1,1,candidate,MTFR1L,11735789_a_at,8,7.0483630625,1,highest outer-training mean; exact ties by lexicographic probe ID
1,1,candidate,MTOR,11716134_a_at,3,6.36327059375,1,highest outer-training mean; exact ties by lexicographic probe ID
1,1,candidate,NBR1,11738519_x_at,6,7.799792,1,highest outer-training mean; exact ties by lexicographic probe ID
1,1,candidate,NFKB1,11717542_a_at,1,8.774778625,1,highest outer-training mean; exact ties by lexicographic probe ID
1,1,candidate,OPA1,11740746_s_at,5,6.2719924375,1,highest outer-training mean; exact ties by lexicographic probe ID
1,1,candidate,OPTN,11745271_x_at,3,8.80442440625,1,highest outer-training mean; exact ties by lexicographic probe ID
1,1,candidate,PHB2,11715383_a_at,3,8.6142593125,1,highest outer-training mean; exact ties by lexicographic probe ID
1,1,candidate,PINK1,11726996_at,2,9.0543309375,1,highest outer-training mean; exact ties by lexicographic probe ID
1,1,candidate,PLD6,11725448_at,2,4.761900625000001,1,highest outer-training mean; exact ties by lexicographic probe ID
1,1,candidate,PMAIP1,11724509_a_at,2,6.421823968749999,1,highest outer-training mean; exact ties by lexicographic probe ID
1,1,candidate,RELA,11745440_s_at,3,7.8566075,1,highest outer-training mean; exact ties by lexicographic probe ID
1,1,candidate,RHEB,11716260_s_at,4,8.319573375000001,1,highest outer-training mean; exact ties by lexicographic probe ID
1,1,candidate,RPS6KB1,11750648_x_at,7,6.6576516562500005,1,highest outer-training mean; exact ties by lexicographic probe ID
1,1,candidate,RPTOR,11722498_s_at,6,4.892478125,1,highest outer-training mean; exact ties by lexicographic probe ID
1,1,candidate,SQSTM1,11756761_x_at,5,9.157685,1,highest outer-training mean; exact ties by lexicographic probe ID
1,1,candidate,TAX1BP1,11752195_s_at,5,9.4383458125,1,highest outer-training mean; exact ties by lexicographic probe ID
1,1,candidate,TBK1,11717931_at,2,7.7207930625,1,highest outer-training mean; exact ties by lexicographic probe ID
1,1,candidate,TEAD1,11752086_a_at,3,5.430978249999999,1,highest outer-training mean; exact ties by lexicographic probe ID
1,1,candidate,TEAD4,11733699_a_at,1,4.7982446875,1,highest outer-training mean; exact ties by lexicographic probe ID
1,1,candidate,TMEM173,11727044_a_at,1,6.9128458125000005,1,highest outer-training mean; exact ties by lexicographic probe ID
1,1,candidate,TNF,11721577_at,1,6.5227366875,1,highest outer-training mean; exact ties by lexicographic probe ID
1,1,candidate,TSC1,11718820_at,4,7.210281999999999,1,highest outer-training mean; exact ties by lexicographic probe ID
1,1,candidate,TSC2,11756886_a_at,2,6.07767978125,1,highest outer-training mean; exact ties by lexicographic probe ID
1,1,candidate,ULK1,11744271_a_at,1,6.47472040625,1,highest outer-training mean; exact ties by lexicographic probe ID
1,1,candidate,VCP,11745875_x_at,4,8.139963062500001,1,highest outer-training mean; exact ties by lexicographic probe ID
1,1,candidate,VDAC1,11715655_s_at,1,7.4315844375,1,highest outer-training mean; exact ties by lexicographic probe ID
1,1,candidate,VDAC2,11748509_s_at,2,9.3115555,1,highest outer-training mean; exact ties by lexicographic probe ID
1,1,candidate,VDAC3,11754510_s_at,3,9.248823375,1,highest outer-training mean; exact ties by lexicographic probe ID
1,1,candidate,WWTR1,11755099_a_at,3,6.75709634375,1,highest outer-training mean; exact ties by lexicographic probe ID
1,1,candidate,YAP1,11717924_a_at,8,4.5652685625,1,highest outer-training mean; exact ties by lexicographic probe ID
1,1,ma,BID,11732218_x_at,4,8.2731995,1,highest outer-training mean; exact ties by lexicographic probe ID
1,1,ma,FTH1,11757633_x_at,2,12.3068040625,1,highest outer-training mean; exact ties by lexicographic probe ID
1,1,ma,LACTB,11721387_at,2,7.566184375000001,1,highest outer-training mean; exact ties by lexicographic probe ID
1,1,ma,PDK3,11730952_a_at,1,5.91535559375,1,highest outer-training mean; exact ties by lexicographic probe ID
1,2,candidate,AKT1,11716087_s_at,3,7.2516023125,1,highest outer-training mean; exact ties by lexicographic probe ID
1,2,candidate,AMBRA1,11741563_a_at,3,6.42690709375,1,highest outer-training mean; exact ties by lexicographic probe ID
1,2,candidate,ATG5,11718147_a_at,3,6.376921124999999,1,highest outer-training mean; exact ties by lexicographic probe ID
1,2,candidate,ATG7,11750782_a_at,3,5.7871559375,1,highest outer-training mean; exact ties by lexicographic probe ID
1,2,candidate,BAK1,11748849_a_at,5,7.143216125,1,highest outer-training mean; exact ties by lexicographic probe ID
1,2,candidate,BAX,11742537_a_at,2,6.3352344375000005,1,highest outer-training mean; exact ties by lexicographic probe ID
1,2,candidate,BBC3,11727707_a_at,2,8.30439734375,1,highest outer-training mean; exact ties by lexicographic probe ID
1,2,candidate,BCL2,11721376_at,6,7.3734639062500005,1,highest outer-training mean; exact ties by lexicographic probe ID
1,2,candidate,BCL2L1,11739958_x_at,3,9.669820031250001,1,highest outer-training mean; exact ties by lexicographic probe ID
1,2,candidate,BCL2L13,11747880_a_at,7,7.565045312500001,1,highest outer-training mean; exact ties by lexicographic probe ID
1,2,candidate,BID,11732218_x_at,4,8.19161596875,1,highest outer-training mean; exact ties by lexicographic probe ID
1,2,candidate,BNIP3,11743084_s_at,2,5.52175134375,1,highest outer-training mean; exact ties by lexicographic probe ID
1,2,candidate,BNIP3L,11746802_x_at,6,11.08127528125,1,highest outer-training mean; exact ties by lexicographic probe ID
1,2,candidate,CALCOCO2,11744395_s_at,5,8.565539375,1,highest outer-training mean; exact ties by lexicographic probe ID
1,2,candidate,CCL5,11753810_a_at,3,10.7378464375,1,highest outer-training mean; exact ties by lexicographic probe ID
1,2,candidate,CHUK,11754797_a_at,1,6.6139966875,1,highest outer-training mean; exact ties by lexicographic probe ID
1,2,candidate,CXCL10,11720298_at,1,4.91756809375,1,highest outer-training mean; exact ties by lexicographic probe ID
1,2,candidate,DNM1,11761584_x_at,3,5.28621309375,1,highest outer-training mean; exact ties by lexicographic probe ID
1,2,candidate,DNM1L,11742435_a_at,4,7.416821531249999,1,highest outer-training mean; exact ties by lexicographic probe ID
1,2,candidate,DNM2,11735759_a_at,3,9.30033078125,1,highest outer-training mean; exact ties by lexicographic probe ID
1,2,candidate,EIF4EBP1,11718284_x_at,3,7.2642598125,1,highest outer-training mean; exact ties by lexicographic probe ID
1,2,candidate,FIS1,11723286_a_at,1,8.2733556875,1,highest outer-training mean; exact ties by lexicographic probe ID
1,2,candidate,FKBP8,11743133_a_at,3,7.310086281249999,1,highest outer-training mean; exact ties by lexicographic probe ID
1,2,candidate,FUNDC1,11731671_at,1,6.0337816250000005,1,highest outer-training mean; exact ties by lexicographic probe ID
1,2,candidate,GABARAP,11715479_a_at,4,11.530366875,1,highest outer-training mean; exact ties by lexicographic probe ID
1,2,candidate,GABARAPL2,11728662_s_at,4,10.162050906250002,1,highest outer-training mean; exact ties by lexicographic probe ID
1,2,candidate,GDAP1,11739561_at,4,4.20024465625,1,highest outer-training mean; exact ties by lexicographic probe ID
1,2,candidate,GIGYF1,11720122_at,5,7.992970625,1,highest outer-training mean; exact ties by lexicographic probe ID
1,2,candidate,GIGYF2,11739463_a_at,7,5.9750507187499995,1,highest outer-training mean; exact ties by lexicographic probe ID
1,2,candidate,HIF1A,11718757_s_at,8,9.1342223125,1,highest outer-training mean; exact ties by lexicographic probe ID
1,2,candidate,IKBKB,11730928_a_at,11,8.01433125,1,highest outer-training mean; exact ties by lexicographic probe ID
1,2,candidate,IL6,11760425_a_at,2,4.4552253125000005,1,highest outer-training mean; exact ties by lexicographic probe ID
1,2,candidate,INF2,11736439_a_at,5,6.13426815625,1,highest outer-training mean; exact ties by lexicographic probe ID
1,2,candidate,IRF3,11745499_x_at,6,6.44727128125,1,highest outer-training mean; exact ties by lexicographic probe ID
1,2,candidate,IRF7,11718916_a_at,1,8.636373531250001,1,highest outer-training mean; exact ties by lexicographic probe ID
1,2,candidate,LATS1,11745334_a_at,3,3.02573053125,1,highest outer-training mean; exact ties by lexicographic probe ID
1,2,candidate,LATS2,11755581_a_at,3,6.818871625,1,highest outer-training mean; exact ties by lexicographic probe ID
1,2,candidate,MAP1LC3B,11738984_x_at,4,9.580026656249998,1,highest outer-training mean; exact ties by lexicographic probe ID
1,2,candidate,MCL1,11715483_s_at,6,11.92707353125,1,highest outer-training mean; exact ties by lexicographic probe ID
1,2,candidate,MFF,11745184_a_at,5,7.69228628125,1,highest outer-training mean; exact ties by lexicographic probe ID
1,2,candidate,MFN1,11731456_at,3,6.679039281250001,1,highest outer-training mean; exact ties by lexicographic probe ID
1,2,candidate,MFN2,11741010_a_at,3,8.4855484375,1,highest outer-training mean; exact ties by lexicographic probe ID
1,2,candidate,MIEF1,11757944_s_at,3,6.270706125,1,highest outer-training mean; exact ties by lexicographic probe ID
1,2,candidate,MIEF2,11735347_a_at,1,4.31811525,1,highest outer-training mean; exact ties by lexicographic probe ID
1,2,candidate,MST1,11721819_x_at,2,5.2047369375,1,highest outer-training mean; exact ties by lexicographic probe ID
1,2,candidate,MTCH2,11721075_a_at,2,6.899688906250001,1,highest outer-training mean; exact ties by lexicographic probe ID
1,2,candidate,MTFR1,11725658_a_at,5,5.673901125,1,highest outer-training mean; exact ties by lexicographic probe ID
1,2,candidate,MTFR1L,11735789_a_at,8,6.996633375,1,highest outer-training mean; exact ties by lexicographic probe ID
1,2,candidate,MTOR,11716134_a_at,3,6.3927633125,1,highest outer-training mean; exact ties by lexicographic probe ID
1,2,candidate,NBR1,11738519_x_at,6,7.755371875,1,highest outer-training mean; exact ties by lexicographic probe ID
1,2,candidate,NFKB1,11717542_a_at,1,8.782256687499999,1,highest outer-training mean; exact ties by lexicographic probe ID
1,2,candidate,OPA1,11740746_s_at,5,6.28994734375,1,highest outer-training mean; exact ties by lexicographic probe ID
1,2,candidate,OPTN,11745271_x_at,3,8.8713779375,1,highest outer-training mean; exact ties by lexicographic probe ID
1,2,candidate,PHB2,11715383_a_at,3,8.698380937500001,1,highest outer-training mean; exact ties by lexicographic probe ID
1,2,candidate,PINK1,11726996_at,2,8.99848709375,1,highest outer-training mean; exact ties by lexicographic probe ID
1,2,candidate,PLD6,11725448_at,2,4.75053196875,1,highest outer-training mean; exact ties by lexicographic probe ID
1,2,candidate,PMAIP1,11724509_a_at,2,6.5842405625,1,highest outer-training mean; exact ties by lexicographic probe ID
1,2,candidate,RELA,11745440_s_at,3,7.87519925,1,highest outer-training mean; exact ties by lexicographic probe ID
1,2,candidate,RHEB,11716260_s_at,4,8.373624312499999,1,highest outer-training mean; exact ties by lexicographic probe ID
1,2,candidate,RPS6KB1,11750648_x_at,7,6.7184403125,1,highest outer-training mean; exact ties by lexicographic probe ID
1,2,candidate,RPTOR,11722498_s_at,6,4.8584,1,highest outer-training mean; exact ties by lexicographic probe ID
1,2,candidate,SQSTM1,11756761_x_at,5,9.1274254375,1,highest outer-training mean; exact ties by lexicographic probe ID
1,2,candidate,TAX1BP1,11752195_s_at,5,9.457707812499999,1,highest outer-training mean; exact ties by lexicographic probe ID
1,2,candidate,TBK1,11717931_at,2,7.733322906250001,1,highest outer-training mean; exact ties by lexicographic probe ID
1,2,candidate,TEAD1,11752086_a_at,3,5.4130382812499995,1,highest outer-training mean; exact ties by lexicographic probe ID
1,2,candidate,TEAD4,11733699_a_at,1,4.8313391875,1,highest outer-training mean; exact ties by lexicographic probe ID
1,2,candidate,TMEM173,11727044_a_at,1,6.9319640625000005,1,highest outer-training mean; exact ties by lexicographic probe ID
1,2,candidate,TNF,11721577_at,1,6.5045564375,1,highest outer-training mean; exact ties by lexicographic probe ID
1,2,candidate,TSC1,11718820_at,4,7.2364631875,1,highest outer-training mean; exact ties by lexicographic probe ID
1,2,candidate,TSC2,11756886_a_at,2,6.0843883125,1,highest outer-training mean; exact ties by lexicographic probe ID
1,2,candidate,ULK1,11744271_a_at,1,6.49117934375,1,highest outer-training mean; exact ties by lexicographic probe ID
1,2,candidate,VCP,11745875_x_at,4,8.17739525,1,highest outer-training mean; exact ties by lexicographic probe ID
1,2,candidate,VDAC1,11715655_s_at,1,7.5531130625000005,1,highest outer-training mean; exact ties by lexicographic probe ID
1,2,candidate,VDAC2,11748509_s_at,2,9.39334040625,1,highest outer-training mean; exact ties by lexicographic probe ID
1,2,candidate,VDAC3,11754510_s_at,3,9.27755275,1,highest outer-training mean; exact ties by lexicographic probe ID
1,2,candidate,WWTR1,11755099_a_at,3,6.72839471875,1,highest outer-training mean; exact ties by lexicographic probe ID
1,2,candidate,YAP1,11717924_a_at,8,4.57221775,1,highest outer-training mean; exact ties by lexicographic probe ID
1,2,ma,BID,11732218_x_at,4,8.19161596875,1,highest outer-training mean; exact ties by lexicographic probe ID
1,2,ma,FTH1,11757633_x_at,2,12.2551225,1,highest outer-training mean; exact ties by lexicographic probe ID
1,2,ma,LACTB,11721387_at,2,7.5119117187499995,1,highest outer-training mean; exact ties by lexicographic probe ID
1,2,ma,PDK3,11730952_a_at,1,5.7939988125,1,highest outer-training mean; exact ties by lexicographic probe ID
1,3,candidate,AKT1,11716087_s_at,3,7.2580083124999994,1,highest outer-training mean; exact ties by lexicographic probe ID
1,3,candidate,AMBRA1,11741563_a_at,3,6.427109375000001,1,highest outer-training mean; exact ties by lexicographic probe ID
1,3,candidate,ATG5,11718147_a_at,3,6.30317725,1,highest outer-training mean; exact ties by lexicographic probe ID
1,3,candidate,ATG7,11750782_a_at,3,5.763293,1,highest outer-training mean; exact ties by lexicographic probe ID
1,3,candidate,BAK1,11748849_a_at,5,7.1653505,1,highest outer-training mean; exact ties by lexicographic probe ID
1,3,candidate,BAX,11742537_a_at,2,6.2555707499999995,1,highest outer-training mean; exact ties by lexicographic probe ID
1,3,candidate,BBC3,11727707_a_at,2,8.29491484375,1,highest outer-training mean; exact ties by lexicographic probe ID
1,3,candidate,BCL2,11721377_x_at,6,7.372117875000001,1,highest outer-training mean; exact ties by lexicographic probe ID
1,3,candidate,BCL2L1,11739958_x_at,3,9.653100437500001,1,highest outer-training mean; exact ties by lexicographic probe ID
1,3,candidate,BCL2L13,11747880_a_at,7,7.57410725,1,highest outer-training mean; exact ties by lexicographic probe ID
1,3,candidate,BID,11732218_x_at,4,8.229652125,1,highest outer-training mean; exact ties by lexicographic probe ID
1,3,candidate,BNIP3,11743084_s_at,2,5.52548846875,1,highest outer-training mean; exact ties by lexicographic probe ID
1,3,candidate,BNIP3L,11746802_x_at,6,11.0951540625,1,highest outer-training mean; exact ties by lexicographic probe ID
1,3,candidate,CALCOCO2,11744395_s_at,5,8.533432093750001,1,highest outer-training mean; exact ties by lexicographic probe ID
1,3,candidate,CCL5,11753810_a_at,3,10.838584718749999,1,highest outer-training mean; exact ties by lexicographic probe ID
1,3,candidate,CHUK,11754797_a_at,1,6.54730528125,1,highest outer-training mean; exact ties by lexicographic probe ID
1,3,candidate,CXCL10,11720298_at,1,4.77114803125,1,highest outer-training mean; exact ties by lexicographic probe ID
1,3,candidate,DNM1,11761584_x_at,3,5.29494103125,1,highest outer-training mean; exact ties by lexicographic probe ID
1,3,candidate,DNM1L,11742435_a_at,4,7.3975015312500005,1,highest outer-training mean; exact ties by lexicographic probe ID
1,3,candidate,DNM2,11735759_a_at,3,9.311777750000001,1,highest outer-training mean; exact ties by lexicographic probe ID
1,3,candidate,EIF4EBP1,11718284_x_at,3,7.270422968749999,1,highest outer-training mean; exact ties by lexicographic probe ID
1,3,candidate,FIS1,11723286_a_at,1,8.239655437500002,1,highest outer-training mean; exact ties by lexicographic probe ID
1,3,candidate,FKBP8,11743133_a_at,3,7.31044428125,1,highest outer-training mean; exact ties by lexicographic probe ID
1,3,candidate,FUNDC1,11731671_at,1,6.055957187500001,1,highest outer-training mean; exact ties by lexicographic probe ID
1,3,candidate,GABARAP,11715479_a_at,4,11.5406840625,1,highest outer-training mean; exact ties by lexicographic probe ID
1,3,candidate,GABARAPL2,11728662_s_at,4,10.17855225,1,highest outer-training mean; exact ties by lexicographic probe ID
1,3,candidate,GDAP1,11739561_at,4,4.19964796875,1,highest outer-training mean; exact ties by lexicographic probe ID
1,3,candidate,GIGYF1,11720122_at,5,7.9980150000000005,1,highest outer-training mean; exact ties by lexicographic probe ID
1,3,candidate,GIGYF2,11739463_a_at,7,5.966534125,1,highest outer-training mean; exact ties by lexicographic probe ID
1,3,candidate,HIF1A,11718757_s_at,8,9.07970584375,1,highest outer-training mean; exact ties by lexicographic probe ID
1,3,candidate,IKBKB,11730928_a_at,11,7.978375249999999,1,highest outer-training mean; exact ties by lexicographic probe ID
1,3,candidate,IL6,11760425_a_at,2,4.484070593749999,1,highest outer-training mean; exact ties by lexicographic probe ID
1,3,candidate,INF2,11736439_a_at,5,6.1799336875,1,highest outer-training mean; exact ties by lexicographic probe ID
1,3,candidate,IRF3,11745499_x_at,6,6.388215,1,highest outer-training mean; exact ties by lexicographic probe ID
1,3,candidate,IRF7,11718916_a_at,1,8.559294812500001,1,highest outer-training mean; exact ties by lexicographic probe ID
1,3,candidate,LATS1,11745334_a_at,3,3.0288424375,1,highest outer-training mean; exact ties by lexicographic probe ID
1,3,candidate,LATS2,11755581_a_at,3,6.811067093749999,1,highest outer-training mean; exact ties by lexicographic probe ID
1,3,candidate,MAP1LC3B,11738984_x_at,4,9.57335871875,1,highest outer-training mean; exact ties by lexicographic probe ID
1,3,candidate,MCL1,11715483_s_at,6,11.903102593749999,1,highest outer-training mean; exact ties by lexicographic probe ID
1,3,candidate,MFF,11745184_a_at,5,7.6564528125,1,highest outer-training mean; exact ties by lexicographic probe ID
1,3,candidate,MFN1,11731456_at,3,6.6215425,1,highest outer-training mean; exact ties by lexicographic probe ID
1,3,candidate,MFN2,11741010_a_at,3,8.48551603125,1,highest outer-training mean; exact ties by lexicographic probe ID
1,3,candidate,MIEF1,11757944_s_at,3,6.27314978125,1,highest outer-training mean; exact ties by lexicographic probe ID
1,3,candidate,MIEF2,11735347_a_at,1,4.31537896875,1,highest outer-training mean; exact ties by lexicographic probe ID
1,3,candidate,MST1,11721819_x_at,2,5.22822840625,1,highest outer-training mean; exact ties by lexicographic probe ID
1,3,candidate,MTCH2,11721075_a_at,2,6.90432275,1,highest outer-training mean; exact ties by lexicographic probe ID
1,3,candidate,MTFR1,11725658_a_at,5,5.6515231875,1,highest outer-training mean; exact ties by lexicographic probe ID
1,3,candidate,MTFR1L,11735789_a_at,8,7.01577034375,1,highest outer-training mean; exact ties by lexicographic probe ID
1,3,candidate,MTOR,11716134_a_at,3,6.382066437500001,1,highest outer-training mean; exact ties by lexicographic probe ID
1,3,candidate,NBR1,11738519_x_at,6,7.75117134375,1,highest outer-training mean; exact ties by lexicographic probe ID
1,3,candidate,NFKB1,11717542_a_at,1,8.82082275,1,highest outer-training mean; exact ties by lexicographic probe ID
1,3,candidate,OPA1,11740746_s_at,5,6.2487816249999995,1,highest outer-training mean; exact ties by lexicographic probe ID
1,3,candidate,OPTN,11745271_x_at,3,8.82189421875,1,highest outer-training mean; exact ties by lexicographic probe ID
1,3,candidate,PHB2,11715383_a_at,3,8.66902434375,1,highest outer-training mean; exact ties by lexicographic probe ID
1,3,candidate,PINK1,11726996_at,2,8.96212153125,1,highest outer-training mean; exact ties by lexicographic probe ID
1,3,candidate,PLD6,11725448_at,2,4.7544275,1,highest outer-training mean; exact ties by lexicographic probe ID
1,3,candidate,PMAIP1,11724509_a_at,2,6.501548312499999,1,highest outer-training mean; exact ties by lexicographic probe ID
1,3,candidate,RELA,11745440_s_at,3,7.89358628125,1,highest outer-training mean; exact ties by lexicographic probe ID
1,3,candidate,RHEB,11716260_s_at,4,8.30996134375,1,highest outer-training mean; exact ties by lexicographic probe ID
1,3,candidate,RPS6KB1,11750648_x_at,7,6.6240250625,1,highest outer-training mean; exact ties by lexicographic probe ID
1,3,candidate,RPTOR,11722498_s_at,6,4.88100828125,1,highest outer-training mean; exact ties by lexicographic probe ID
1,3,candidate,SQSTM1,11756761_x_at,5,9.136071125,1,highest outer-training mean; exact ties by lexicographic probe ID
1,3,candidate,TAX1BP1,11752195_s_at,5,9.41364065625,1,highest outer-training mean; exact ties by lexicographic probe ID
1,3,candidate,TBK1,11717931_at,2,7.63874603125,1,highest outer-training mean; exact ties by lexicographic probe ID
1,3,candidate,TEAD1,11752086_a_at,3,5.42085821875,1,highest outer-training mean; exact ties by lexicographic probe ID
1,3,candidate,TEAD4,11733699_a_at,1,4.87954840625,1,highest outer-training mean; exact ties by lexicographic probe ID
1,3,candidate,TMEM173,11727044_a_at,1,6.94876846875,1,highest outer-training mean; exact ties by lexicographic probe ID
1,3,candidate,TNF,11721577_at,1,6.4922730625,1,highest outer-training mean; exact ties by lexicographic probe ID
1,3,candidate,TSC1,11718820_at,4,7.18717871875,1,highest outer-training mean; exact ties by lexicographic probe ID
1,3,candidate,TSC2,11756886_a_at,2,6.08746934375,1,highest outer-training mean; exact ties by lexicographic probe ID
1,3,candidate,ULK1,11744271_a_at,1,6.446222656249999,1,highest outer-training mean; exact ties by lexicographic probe ID
1,3,candidate,VCP,11745875_x_at,4,8.18929409375,1,highest outer-training mean; exact ties by lexicographic probe ID
1,3,candidate,VDAC1,11715655_s_at,1,7.549370906249999,1,highest outer-training mean; exact ties by lexicographic probe ID
1,3,candidate,VDAC2,11748509_s_at,2,9.41236053125,1,highest outer-training mean; exact ties by lexicographic probe ID
1,3,candidate,VDAC3,11754510_s_at,3,9.262007906250002,1,highest outer-training mean; exact ties by lexicographic probe ID
1,3,candidate,WWTR1,11755099_a_at,3,6.78411959375,1,highest outer-training mean; exact ties by lexicographic probe ID
1,3,candidate,YAP1,11717924_a_at,8,4.585039125,1,highest outer-training mean; exact ties by lexicographic probe ID
1,3,ma,BID,11732218_x_at,4,8.229652125,1,highest outer-training mean; exact ties by lexicographic probe ID
1,3,ma,FTH1,11757633_x_at,2,12.2567546875,1,highest outer-training mean; exact ties by lexicographic probe ID
1,3,ma,LACTB,11721387_at,2,7.468264906250001,1,highest outer-training mean; exact ties by lexicographic probe ID
1,3,ma,PDK3,11730952_a_at,1,5.805246718749999,1,highest outer-training mean; exact ties by lexicographic probe ID
1,4,candidate,AKT1,11716087_s_at,3,7.28334184375,1,highest outer-training mean; exact ties by lexicographic probe ID
1,4,candidate,AMBRA1,11741563_a_at,3,6.42428390625,1,highest outer-training mean; exact ties by lexicographic probe ID
1,4,candidate,ATG5,11718147_a_at,3,6.3516210937499995,1,highest outer-training mean; exact ties by lexicographic probe ID
1,4,candidate,ATG7,11750782_a_at,3,5.7684731875,1,highest outer-training mean; exact ties by lexicographic probe ID
1,4,candidate,BAK1,11748849_a_at,5,7.140580249999999,1,highest outer-training mean; exact ties by lexicographic probe ID
1,4,candidate,BAX,11742537_a_at,2,6.320903374999999,1,highest outer-training mean; exact ties by lexicographic probe ID
1,4,candidate,BBC3,11727707_a_at,2,8.330441968749998,1,highest outer-training mean; exact ties by lexicographic probe ID
1,4,candidate,BCL2,11721377_x_at,6,7.429036281249999,1,highest outer-training mean; exact ties by lexicographic probe ID
1,4,candidate,BCL2L1,11739958_x_at,3,9.70253603125,1,highest outer-training mean; exact ties by lexicographic probe ID
1,4,candidate,BCL2L13,11747880_a_at,7,7.5612168749999995,1,highest outer-training mean; exact ties by lexicographic probe ID
1,4,candidate,BID,11732218_x_at,4,8.2445195,1,highest outer-training mean; exact ties by lexicographic probe ID
1,4,candidate,BNIP3,11743084_s_at,2,5.49645415625,1,highest outer-training mean; exact ties by lexicographic probe ID
1,4,candidate,BNIP3L,11746802_x_at,6,11.12191034375,1,highest outer-training mean; exact ties by lexicographic probe ID
1,4,candidate,CALCOCO2,11744395_s_at,5,8.5102715,1,highest outer-training mean; exact ties by lexicographic probe ID
1,4,candidate,CCL5,11753810_a_at,3,10.815105625000001,1,highest outer-training mean; exact ties by lexicographic probe ID
1,4,candidate,CHUK,11754797_a_at,1,6.5878448125,1,highest outer-training mean; exact ties by lexicographic probe ID
1,4,candidate,CXCL10,11720298_at,1,4.7514038437499995,1,highest outer-training mean; exact ties by lexicographic probe ID
1,4,candidate,DNM1,11761584_x_at,3,5.3014759375,1,highest outer-training mean; exact ties by lexicographic probe ID
1,4,candidate,DNM1L,11742435_a_at,4,7.400070906250001,1,highest outer-training mean; exact ties by lexicographic probe ID
1,4,candidate,DNM2,11735759_a_at,3,9.30547928125,1,highest outer-training mean; exact ties by lexicographic probe ID
1,4,candidate,EIF4EBP1,11718284_x_at,3,7.24575978125,1,highest outer-training mean; exact ties by lexicographic probe ID
1,4,candidate,FIS1,11723286_a_at,1,8.293027312500001,1,highest outer-training mean; exact ties by lexicographic probe ID
1,4,candidate,FKBP8,11743133_a_at,3,7.350309375,1,highest outer-training mean; exact ties by lexicographic probe ID
1,4,candidate,FUNDC1,11731671_at,1,6.022845375,1,highest outer-training mean; exact ties by lexicographic probe ID
1,4,candidate,GABARAP,11715479_a_at,4,11.49132375,1,highest outer-training mean; exact ties by lexicographic probe ID
1,4,candidate,GABARAPL2,11728662_s_at,4,10.11260025,1,highest outer-training mean; exact ties by lexicographic probe ID
1,4,candidate,GDAP1,11739561_at,4,4.18425771875,1,highest outer-training mean; exact ties by lexicographic probe ID
1,4,candidate,GIGYF1,11720122_at,5,8.01858646875,1,highest outer-training mean; exact ties by lexicographic probe ID
1,4,candidate,GIGYF2,11739463_a_at,7,6.00487653125,1,highest outer-training mean; exact ties by lexicographic probe ID
1,4,candidate,HIF1A,11718757_s_at,8,9.11483478125,1,highest outer-training mean; exact ties by lexicographic probe ID
1,4,candidate,IKBKB,11730928_a_at,11,7.97260525,1,highest outer-training mean; exact ties by lexicographic probe ID
1,4,candidate,IL6,11760425_a_at,2,4.479754875,1,highest outer-training mean; exact ties by lexicographic probe ID
1,4,candidate,INF2,11736439_a_at,5,6.14886328125,1,highest outer-training mean; exact ties by lexicographic probe ID
1,4,candidate,IRF3,11745499_x_at,6,6.42370534375,1,highest outer-training mean; exact ties by lexicographic probe ID
1,4,candidate,IRF7,11718916_a_at,1,8.5951203125,1,highest outer-training mean; exact ties by lexicographic probe ID
1,4,candidate,LATS1,11745334_a_at,3,3.00717325,1,highest outer-training mean; exact ties by lexicographic probe ID
1,4,candidate,LATS2,11755581_a_at,3,6.80757278125,1,highest outer-training mean; exact ties by lexicographic probe ID
1,4,candidate,MAP1LC3B,11738984_x_at,4,9.5146545625,1,highest outer-training mean; exact ties by lexicographic probe ID
1,4,candidate,MCL1,11715483_s_at,6,11.917001656250001,1,highest outer-training mean; exact ties by lexicographic probe ID
1,4,candidate,MFF,11745184_a_at,5,7.699291625,1,highest outer-training mean; exact ties by lexicographic probe ID
1,4,candidate,MFN1,11731456_at,3,6.67551846875,1,highest outer-training mean; exact ties by lexicographic probe ID
1,4,candidate,MFN2,11741010_a_at,3,8.47295615625,1,highest outer-training mean; exact ties by lexicographic probe ID
1,4,candidate,MIEF1,11757944_s_at,3,6.26764,1,highest outer-training mean; exact ties by lexicographic probe ID
1,4,candidate,MIEF2,11735347_a_at,1,4.32840278125,1,highest outer-training mean; exact ties by lexicographic probe ID
1,4,candidate,MST1,11721819_x_at,2,5.2163971875,1,highest outer-training mean; exact ties by lexicographic probe ID
1,4,candidate,MTCH2,11721075_a_at,2,6.88681475,1,highest outer-training mean; exact ties by lexicographic probe ID
1,4,candidate,MTFR1,11725658_a_at,5,5.6599239062499995,1,highest outer-training mean; exact ties by lexicographic probe ID
1,4,candidate,MTFR1L,11735789_a_at,8,7.0256675,1,highest outer-training mean; exact ties by lexicographic probe ID
1,4,candidate,MTOR,11716134_a_at,3,6.38331625,1,highest outer-training mean; exact ties by lexicographic probe ID
1,4,candidate,NBR1,11738519_x_at,6,7.725217125,1,highest outer-training mean; exact ties by lexicographic probe ID
1,4,candidate,NFKB1,11717542_a_at,1,8.80973690625,1,highest outer-training mean; exact ties by lexicographic probe ID
1,4,candidate,OPA1,11740746_s_at,5,6.1987006875,1,highest outer-training mean; exact ties by lexicographic probe ID
1,4,candidate,OPTN,11745271_x_at,3,8.879696406250002,1,highest outer-training mean; exact ties by lexicographic probe ID
1,4,candidate,PHB2,11715383_a_at,3,8.70525271875,1,highest outer-training mean; exact ties by lexicographic probe ID
1,4,candidate,PINK1,11726996_at,2,8.99882775,1,highest outer-training mean; exact ties by lexicographic probe ID
1,4,candidate,PLD6,11725448_at,2,4.7819442500000005,1,highest outer-training mean; exact ties by lexicographic probe ID
1,4,candidate,PMAIP1,11724509_a_at,2,6.56614996875,1,highest outer-training mean; exact ties by lexicographic probe ID
1,4,candidate,RELA,11745440_s_at,3,7.8887904375,1,highest outer-training mean; exact ties by lexicographic probe ID
1,4,candidate,RHEB,11716260_s_at,4,8.34232428125,1,highest outer-training mean; exact ties by lexicographic probe ID
1,4,candidate,RPS6KB1,11750648_x_at,7,6.656483125,1,highest outer-training mean; exact ties by lexicographic probe ID
1,4,candidate,RPTOR,11722498_s_at,6,4.8449851875,1,highest outer-training mean; exact ties by lexicographic probe ID
1,4,candidate,SQSTM1,11756761_x_at,5,9.1139676875,1,highest outer-training mean; exact ties by lexicographic probe ID
1,4,candidate,TAX1BP1,11752195_s_at,5,9.38738640625,1,highest outer-training mean; exact ties by lexicographic probe ID
1,4,candidate,TBK1,11717931_at,2,7.67199040625,1,highest outer-training mean; exact ties by lexicographic probe ID
1,4,candidate,TEAD1,11752086_a_at,3,5.43506165625,1,highest outer-training mean; exact ties by lexicographic probe ID
1,4,candidate,TEAD4,11733699_a_at,1,4.8574725,1,highest outer-training mean; exact ties by lexicographic probe ID
1,4,candidate,TMEM173,11727044_a_at,1,6.929331156250001,1,highest outer-training mean; exact ties by lexicographic probe ID
1,4,candidate,TNF,11721577_at,1,6.500153,1,highest outer-training mean; exact ties by lexicographic probe ID
1,4,candidate,TSC1,11718820_at,4,7.210329843749999,1,highest outer-training mean; exact ties by lexicographic probe ID
1,4,candidate,TSC2,11756886_a_at,2,6.10597821875,1,highest outer-training mean; exact ties by lexicographic probe ID
1,4,candidate,ULK1,11744271_a_at,1,6.480720906249999,1,highest outer-training mean; exact ties by lexicographic probe ID
1,4,candidate,VCP,11745875_x_at,4,8.185804874999999,1,highest outer-training mean; exact ties by lexicographic probe ID
1,4,candidate,VDAC1,11715655_s_at,1,7.5372193437499995,1,highest outer-training mean; exact ties by lexicographic probe ID
1,4,candidate,VDAC2,11748509_s_at,2,9.408404125,1,highest outer-training mean; exact ties by lexicographic probe ID
1,4,candidate,VDAC3,11754510_s_at,3,9.27587715625,1,highest outer-training mean; exact ties by lexicographic probe ID
1,4,candidate,WWTR1,11755099_a_at,3,6.740463625,1,highest outer-training mean; exact ties by lexicographic probe ID
1,4,candidate,YAP1,11717924_a_at,8,4.591496375,1,highest outer-training mean; exact ties by lexicographic probe ID
1,4,ma,BID,11732218_x_at,4,8.2445195,1,highest outer-training mean; exact ties by lexicographic probe ID
1,4,ma,FTH1,11757633_x_at,2,12.245019062499999,1,highest outer-training mean; exact ties by lexicographic probe ID
1,4,ma,LACTB,11721387_at,2,7.49352740625,1,highest outer-training mean; exact ties by lexicographic probe ID
1,4,ma,PDK3,11730952_a_at,1,5.81591253125,1,highest outer-training mean; exact ties by lexicographic probe ID
2,0,candidate,AKT1,11716087_s_at,3,7.28737071875,1,highest outer-training mean; exact ties by lexicographic probe ID
2,0,candidate,AMBRA1,11741563_a_at,3,6.43274115625,1,highest outer-training mean; exact ties by lexicographic probe ID
2,0,candidate,ATG5,11718147_a_at,3,6.38146175,1,highest outer-training mean; exact ties by lexicographic probe ID
2,0,candidate,ATG7,11750782_a_at,3,5.803370093750001,1,highest outer-training mean; exact ties by lexicographic probe ID
2,0,candidate,BAK1,11748849_a_at,5,7.166301499999999,1,highest outer-training mean; exact ties by lexicographic probe ID
2,0,candidate,BAX,11742537_a_at,2,6.319997125,1,highest outer-training mean; exact ties by lexicographic probe ID
2,0,candidate,BBC3,11727707_a_at,2,8.3375160625,1,highest outer-training mean; exact ties by lexicographic probe ID
2,0,candidate,BCL2,11721376_at,6,7.31442634375,1,highest outer-training mean; exact ties by lexicographic probe ID
2,0,candidate,BCL2L1,11739958_x_at,3,9.6591223125,1,highest outer-training mean; exact ties by lexicographic probe ID
2,0,candidate,BCL2L13,11747880_a_at,7,7.578305,1,highest outer-training mean; exact ties by lexicographic probe ID
2,0,candidate,BID,11732218_x_at,4,8.27229059375,1,highest outer-training mean; exact ties by lexicographic probe ID
2,0,candidate,BNIP3,11743084_s_at,2,5.508596,1,highest outer-training mean; exact ties by lexicographic probe ID
2,0,candidate,BNIP3L,11746802_x_at,6,11.0947578125,1,highest outer-training mean; exact ties by lexicographic probe ID
2,0,candidate,CALCOCO2,11744395_s_at,5,8.549046093749999,1,highest outer-training mean; exact ties by lexicographic probe ID
2,0,candidate,CCL5,11753810_a_at,3,10.812784874999998,1,highest outer-training mean; exact ties by lexicographic probe ID
2,0,candidate,CHUK,11754797_a_at,1,6.61588365625,1,highest outer-training mean; exact ties by lexicographic probe ID
2,0,candidate,CXCL10,11720298_at,1,4.869143218750001,1,highest outer-training mean; exact ties by lexicographic probe ID
2,0,candidate,DNM1,11761584_x_at,3,5.2776007187500005,1,highest outer-training mean; exact ties by lexicographic probe ID
2,0,candidate,DNM1L,11742435_a_at,4,7.383893812499999,1,highest outer-training mean; exact ties by lexicographic probe ID
2,0,candidate,DNM2,11735759_a_at,3,9.300368531250001,1,highest outer-training mean; exact ties by lexicographic probe ID
2,0,candidate,EIF4EBP1,11718284_x_at,3,7.23811296875,1,highest outer-training mean; exact ties by lexicographic probe ID
2,0,candidate,FIS1,11723286_a_at,1,8.25731596875,1,highest outer-training mean; exact ties by lexicographic probe ID
2,0,candidate,FKBP8,11743133_a_at,3,7.29891425,1,highest outer-training mean; exact ties by lexicographic probe ID
2,0,candidate,FUNDC1,11731671_at,1,6.03253090625,1,highest outer-training mean; exact ties by lexicographic probe ID
2,0,candidate,GABARAP,11715479_a_at,4,11.5257325,1,highest outer-training mean; exact ties by lexicographic probe ID
2,0,candidate,GABARAPL2,11754495_x_at,4,10.16575046875,1,highest outer-training mean; exact ties by lexicographic probe ID
2,0,candidate,GDAP1,11739561_at,4,4.190923187499999,1,highest outer-training mean; exact ties by lexicographic probe ID
2,0,candidate,GIGYF1,11720122_at,5,7.97746721875,1,highest outer-training mean; exact ties by lexicographic probe ID
2,0,candidate,GIGYF2,11739463_a_at,7,5.991024187499999,1,highest outer-training mean; exact ties by lexicographic probe ID
2,0,candidate,HIF1A,11718757_s_at,8,9.1498861875,1,highest outer-training mean; exact ties by lexicographic probe ID
2,0,candidate,IKBKB,11730928_a_at,11,7.97835684375,1,highest outer-training mean; exact ties by lexicographic probe ID
2,0,candidate,IL6,11760425_a_at,2,4.46665046875,1,highest outer-training mean; exact ties by lexicographic probe ID
2,0,candidate,INF2,11736439_a_at,5,6.133918062499999,1,highest outer-training mean; exact ties by lexicographic probe ID
2,0,candidate,IRF3,11745499_x_at,6,6.42922275,1,highest outer-training mean; exact ties by lexicographic probe ID
2,0,candidate,IRF7,11718916_a_at,1,8.62791071875,1,highest outer-training mean; exact ties by lexicographic probe ID
2,0,candidate,LATS1,11745334_a_at,3,3.01326325,1,highest outer-training mean; exact ties by lexicographic probe ID
2,0,candidate,LATS2,11755581_a_at,3,6.85891140625,1,highest outer-training mean; exact ties by lexicographic probe ID
2,0,candidate,MAP1LC3B,11738984_x_at,4,9.560703468749999,1,highest outer-training mean; exact ties by lexicographic probe ID
2,0,candidate,MCL1,11715483_s_at,6,11.95315884375,1,highest outer-training mean; exact ties by lexicographic probe ID
2,0,candidate,MFF,11745184_a_at,5,7.672694125,1,highest outer-training mean; exact ties by lexicographic probe ID
2,0,candidate,MFN1,11731456_at,3,6.6549891875,1,highest outer-training mean; exact ties by lexicographic probe ID
2,0,candidate,MFN2,11741010_a_at,3,8.510082562500001,1,highest outer-training mean; exact ties by lexicographic probe ID
2,0,candidate,MIEF1,11757944_s_at,3,6.239021343749999,1,highest outer-training mean; exact ties by lexicographic probe ID
2,0,candidate,MIEF2,11735347_a_at,1,4.3193312187499995,1,highest outer-training mean; exact ties by lexicographic probe ID
2,0,candidate,MST1,11721819_x_at,2,5.2006793125,1,highest outer-training mean; exact ties by lexicographic probe ID
2,0,candidate,MTCH2,11721075_a_at,2,6.89347009375,1,highest outer-training mean; exact ties by lexicographic probe ID
2,0,candidate,MTFR1,11725658_a_at,5,5.6522739062500005,1,highest outer-training mean; exact ties by lexicographic probe ID
2,0,candidate,MTFR1L,11735789_a_at,8,7.01264128125,1,highest outer-training mean; exact ties by lexicographic probe ID
2,0,candidate,MTOR,11716134_a_at,3,6.36304771875,1,highest outer-training mean; exact ties by lexicographic probe ID
2,0,candidate,NBR1,11738519_x_at,6,7.763097281250001,1,highest outer-training mean; exact ties by lexicographic probe ID
2,0,candidate,NFKB1,11717542_a_at,1,8.79243115625,1,highest outer-training mean; exact ties by lexicographic probe ID
2,0,candidate,OPA1,11740746_s_at,5,6.2236800625,1,highest outer-training mean; exact ties by lexicographic probe ID
2,0,candidate,OPTN,11745271_x_at,3,8.81534803125,1,highest outer-training mean; exact ties by lexicographic probe ID
2,0,candidate,PHB2,11715383_a_at,3,8.6793254375,1,highest outer-training mean; exact ties by lexicographic probe ID
2,0,candidate,PINK1,11726996_at,2,9.0107090625,1,highest outer-training mean; exact ties by lexicographic probe ID
2,0,candidate,PLD6,11725448_at,2,4.80957553125,1,highest outer-training mean; exact ties by lexicographic probe ID
2,0,candidate,PMAIP1,11724509_a_at,2,6.62048959375,1,highest outer-training mean; exact ties by lexicographic probe ID
2,0,candidate,RELA,11745440_s_at,3,7.888072312499999,1,highest outer-training mean; exact ties by lexicographic probe ID
2,0,candidate,RHEB,11716260_s_at,4,8.35355153125,1,highest outer-training mean; exact ties by lexicographic probe ID
2,0,candidate,RPS6KB1,11750648_x_at,7,6.6730106875,1,highest outer-training mean; exact ties by lexicographic probe ID
2,0,candidate,RPTOR,11722498_s_at,6,4.837414375,1,highest outer-training mean; exact ties by lexicographic probe ID
2,0,candidate,SQSTM1,11756761_x_at,5,9.13547590625,1,highest outer-training mean; exact ties by lexicographic probe ID
2,0,candidate,TAX1BP1,11752195_s_at,5,9.402431374999999,1,highest outer-training mean; exact ties by lexicographic probe ID
2,0,candidate,TBK1,11717931_at,2,7.718818875,1,highest outer-training mean; exact ties by lexicographic probe ID
2,0,candidate,TEAD1,11752086_a_at,3,5.44029153125,1,highest outer-training mean; exact ties by lexicographic probe ID
2,0,candidate,TEAD4,11733699_a_at,1,4.8595384062499996,1,highest outer-training mean; exact ties by lexicographic probe ID
2,0,candidate,TMEM173,11727044_a_at,1,6.906331375000001,1,highest outer-training mean; exact ties by lexicographic probe ID
2,0,candidate,TNF,11721577_at,1,6.505847437500001,1,highest outer-training mean; exact ties by lexicographic probe ID
2,0,candidate,TSC1,11718820_at,4,7.189684375,1,highest outer-training mean; exact ties by lexicographic probe ID
2,0,candidate,TSC2,11756886_a_at,2,6.078234999999999,1,highest outer-training mean; exact ties by lexicographic probe ID
2,0,candidate,ULK1,11744271_a_at,1,6.469663375,1,highest outer-training mean; exact ties by lexicographic probe ID
2,0,candidate,VCP,11745875_x_at,4,8.17387459375,1,highest outer-training mean; exact ties by lexicographic probe ID
2,0,candidate,VDAC1,11715655_s_at,1,7.52735415625,1,highest outer-training mean; exact ties by lexicographic probe ID
2,0,candidate,VDAC2,11748509_s_at,2,9.3985236875,1,highest outer-training mean; exact ties by lexicographic probe ID
2,0,candidate,VDAC3,11754510_s_at,3,9.27211709375,1,highest outer-training mean; exact ties by lexicographic probe ID
2,0,candidate,WWTR1,11755099_a_at,3,6.74241896875,1,highest outer-training mean; exact ties by lexicographic probe ID
2,0,candidate,YAP1,11717924_a_at,8,4.5790528125000005,1,highest outer-training mean; exact ties by lexicographic probe ID
2,0,ma,BID,11732218_x_at,4,8.27229059375,1,highest outer-training mean; exact ties by lexicographic probe ID
2,0,ma,FTH1,11757633_x_at,2,12.259544062500002,1,highest outer-training mean; exact ties by lexicographic probe ID
2,0,ma,LACTB,11721387_at,2,7.54588715625,1,highest outer-training mean; exact ties by lexicographic probe ID
2,0,ma,PDK3,11730952_a_at,1,5.85530471875,1,highest outer-training mean; exact ties by lexicographic probe ID
2,1,candidate,AKT1,11716087_s_at,3,7.29643028125,1,highest outer-training mean; exact ties by lexicographic probe ID
2,1,candidate,AMBRA1,11741563_a_at,3,6.43368865625,1,highest outer-training mean; exact ties by lexicographic probe ID
2,1,candidate,ATG5,11718147_a_at,3,6.39304178125,1,highest outer-training mean; exact ties by lexicographic probe ID
2,1,candidate,ATG7,11750782_a_at,3,5.8203443749999995,1,highest outer-training mean; exact ties by lexicographic probe ID
2,1,candidate,BAK1,11748849_a_at,5,7.13528915625,1,highest outer-training mean; exact ties by lexicographic probe ID
2,1,candidate,BAX,11742537_a_at,2,6.28655784375,1,highest outer-training mean; exact ties by lexicographic probe ID
2,1,candidate,BBC3,11727707_a_at,2,8.314071156250002,1,highest outer-training mean; exact ties by lexicographic probe ID
2,1,candidate,BCL2,11721377_x_at,6,7.366199906249999,1,highest outer-training mean; exact ties by lexicographic probe ID
2,1,candidate,BCL2L1,11739958_x_at,3,9.65167640625,1,highest outer-training mean; exact ties by lexicographic probe ID
2,1,candidate,BCL2L13,11747880_a_at,7,7.556603437500001,1,highest outer-training mean; exact ties by lexicographic probe ID
2,1,candidate,BID,11732218_x_at,4,8.3169553125,1,highest outer-training mean; exact ties by lexicographic probe ID
2,1,candidate,BNIP3,11743084_s_at,2,5.574192,1,highest outer-training mean; exact ties by lexicographic probe ID
2,1,candidate,BNIP3L,11746802_x_at,6,11.0466275,1,highest outer-training mean; exact ties by lexicographic probe ID
2,1,candidate,CALCOCO2,11744395_s_at,5,8.56735375,1,highest outer-training mean; exact ties by lexicographic probe ID
2,1,candidate,CCL5,11753810_a_at,3,10.8661474375,1,highest outer-training mean; exact ties by lexicographic probe ID
2,1,candidate,CHUK,11754797_a_at,1,6.64268121875,1,highest outer-training mean; exact ties by lexicographic probe ID
2,1,candidate,CXCL10,11720298_at,1,4.88980940625,1,highest outer-training mean; exact ties by lexicographic probe ID
2,1,candidate,DNM1,11761584_x_at,3,5.24942628125,1,highest outer-training mean; exact ties by lexicographic probe ID
2,1,candidate,DNM1L,11742435_a_at,4,7.403236156249999,1,highest outer-training mean; exact ties by lexicographic probe ID
2,1,candidate,DNM2,11735759_a_at,3,9.300284750000001,1,highest outer-training mean; exact ties by lexicographic probe ID
2,1,candidate,EIF4EBP1,11718284_x_at,3,7.19884434375,1,highest outer-training mean; exact ties by lexicographic probe ID
2,1,candidate,FIS1,11723286_a_at,1,8.218938999999999,1,highest outer-training mean; exact ties by lexicographic probe ID
2,1,candidate,FKBP8,11743133_a_at,3,7.27218021875,1,highest outer-training mean; exact ties by lexicographic probe ID
2,1,candidate,FUNDC1,11731671_at,1,6.03651621875,1,highest outer-training mean; exact ties by lexicographic probe ID
2,1,candidate,GABARAP,11715479_a_at,4,11.537858125,1,highest outer-training mean; exact ties by lexicographic probe ID
2,1,candidate,GABARAPL2,11728662_s_at,4,10.1570244375,1,highest outer-training mean; exact ties by lexicographic probe ID
2,1,candidate,GDAP1,11739561_at,4,4.2236933125,1,highest outer-training mean; exact ties by lexicographic probe ID
2,1,candidate,GIGYF1,11720122_at,5,7.96707959375,1,highest outer-training mean; exact ties by lexicographic probe ID
2,1,candidate,GIGYF2,11739463_a_at,7,5.96677490625,1,highest outer-training mean; exact ties by lexicographic probe ID
2,1,candidate,HIF1A,11718757_s_at,8,9.163331249999999,1,highest outer-training mean; exact ties by lexicographic probe ID
2,1,candidate,IKBKB,11730928_a_at,11,8.03624203125,1,highest outer-training mean; exact ties by lexicographic probe ID
2,1,candidate,IL6,11760425_a_at,2,4.4839590000000005,1,highest outer-training mean; exact ties by lexicographic probe ID
2,1,candidate,INF2,11736439_a_at,5,6.13486615625,1,highest outer-training mean; exact ties by lexicographic probe ID
2,1,candidate,IRF3,11745499_x_at,6,6.40162615625,1,highest outer-training mean; exact ties by lexicographic probe ID
2,1,candidate,IRF7,11718916_a_at,1,8.63615878125,1,highest outer-training mean; exact ties by lexicographic probe ID
2,1,candidate,LATS1,11745334_a_at,3,3.0172151562500003,1,highest outer-training mean; exact ties by lexicographic probe ID
2,1,candidate,LATS2,11755581_a_at,3,6.889792249999999,1,highest outer-training mean; exact ties by lexicographic probe ID
2,1,candidate,MAP1LC3B,11738984_x_at,4,9.5600121875,1,highest outer-training mean; exact ties by lexicographic probe ID
2,1,candidate,MCL1,11715483_s_at,6,12.0087734375,1,highest outer-training mean; exact ties by lexicographic probe ID
2,1,candidate,MFF,11745184_a_at,5,7.664650937499999,1,highest outer-training mean; exact ties by lexicographic probe ID
2,1,candidate,MFN1,11731456_at,3,6.68056115625,1,highest outer-training mean; exact ties by lexicographic probe ID
2,1,candidate,MFN2,11741010_a_at,3,8.482764625,1,highest outer-training mean; exact ties by lexicographic probe ID
2,1,candidate,MIEF1,11757944_s_at,3,6.2910555,1,highest outer-training mean; exact ties by lexicographic probe ID
2,1,candidate,MIEF2,11735347_a_at,1,4.3225630624999996,1,highest outer-training mean; exact ties by lexicographic probe ID
2,1,candidate,MST1,11721819_x_at,2,5.1692923437500005,1,highest outer-training mean; exact ties by lexicographic probe ID
2,1,candidate,MTCH2,11721075_a_at,2,6.8747669375,1,highest outer-training mean; exact ties by lexicographic probe ID
2,1,candidate,MTFR1,11725658_a_at,5,5.6449658125,1,highest outer-training mean; exact ties by lexicographic probe ID
2,1,candidate,MTFR1L,11735789_a_at,8,7.03660840625,1,highest outer-training mean; exact ties by lexicographic probe ID
2,1,candidate,MTOR,11716134_a_at,3,6.3941069375,1,highest outer-training mean; exact ties by lexicographic probe ID
2,1,candidate,NBR1,11738519_x_at,6,7.7552713125,1,highest outer-training mean; exact ties by lexicographic probe ID
2,1,candidate,NFKB1,11717542_a_at,1,8.79250865625,1,highest outer-training mean; exact ties by lexicographic probe ID
2,1,candidate,OPA1,11740746_s_at,5,6.234617500000001,1,highest outer-training mean; exact ties by lexicographic probe ID
2,1,candidate,OPTN,11745271_x_at,3,8.77390575,1,highest outer-training mean; exact ties by lexicographic probe ID
2,1,candidate,PHB2,11715383_a_at,3,8.672506093749998,1,highest outer-training mean; exact ties by lexicographic probe ID
2,1,candidate,PINK1,11726996_at,2,8.96180440625,1,highest outer-training mean; exact ties by lexicographic probe ID
2,1,candidate,PLD6,11725448_at,2,4.7465440625,1,highest outer-training mean; exact ties by lexicographic probe ID
2,1,candidate,PMAIP1,11724509_a_at,2,6.5431396875,1,highest outer-training mean; exact ties by lexicographic probe ID
2,1,candidate,RELA,11745440_s_at,3,7.8675721562500005,1,highest outer-training mean; exact ties by lexicographic probe ID
2,1,candidate,RHEB,11716260_s_at,4,8.36343759375,1,highest outer-training mean; exact ties by lexicographic probe ID
2,1,candidate,RPS6KB1,11750648_x_at,7,6.65810403125,1,highest outer-training mean; exact ties by lexicographic probe ID
2,1,candidate,RPTOR,11722498_s_at,6,4.86511765625,1,highest outer-training mean; exact ties by lexicographic probe ID
2,1,candidate,SQSTM1,11756761_x_at,5,9.1411176875,1,highest outer-training mean; exact ties by lexicographic probe ID
2,1,candidate,TAX1BP1,11752195_s_at,5,9.444041499999999,1,highest outer-training mean; exact ties by lexicographic probe ID
2,1,candidate,TBK1,11717931_at,2,7.74690884375,1,highest outer-training mean; exact ties by lexicographic probe ID
2,1,candidate,TEAD1,11752086_a_at,3,5.4145024062500005,1,highest outer-training mean; exact ties by lexicographic probe ID
2,1,candidate,TEAD4,11733699_a_at,1,4.773912125,1,highest outer-training mean; exact ties by lexicographic probe ID
2,1,candidate,TMEM173,11727044_a_at,1,6.945786750000001,1,highest outer-training mean; exact ties by lexicographic probe ID
2,1,candidate,TNF,11721577_at,1,6.54236265625,1,highest outer-training mean; exact ties by lexicographic probe ID
2,1,candidate,TSC1,11718820_at,4,7.2445711875,1,highest outer-training mean; exact ties by lexicographic probe ID
2,1,candidate,TSC2,11756886_a_at,2,6.078877437499999,1,highest outer-training mean; exact ties by lexicographic probe ID
2,1,candidate,ULK1,11744271_a_at,1,6.4611491875,1,highest outer-training mean; exact ties by lexicographic probe ID
2,1,candidate,VCP,11745875_x_at,4,8.16847209375,1,highest outer-training mean; exact ties by lexicographic probe ID
2,1,candidate,VDAC1,11715655_s_at,1,7.514612281250001,1,highest outer-training mean; exact ties by lexicographic probe ID
2,1,candidate,VDAC2,11748509_s_at,2,9.3797049375,1,highest outer-training mean; exact ties by lexicographic probe ID
2,1,candidate,VDAC3,11754510_s_at,3,9.29613609375,1,highest outer-training mean; exact ties by lexicographic probe ID
2,1,candidate,WWTR1,11755099_a_at,3,6.7359013125,1,highest outer-training mean; exact ties by lexicographic probe ID
2,1,candidate,YAP1,11717924_a_at,8,4.56883903125,1,highest outer-training mean; exact ties by lexicographic probe ID
2,1,ma,BID,11732218_x_at,4,8.3169553125,1,highest outer-training mean; exact ties by lexicographic probe ID
2,1,ma,FTH1,11757633_x_at,2,12.29429125,1,highest outer-training mean; exact ties by lexicographic probe ID
2,1,ma,LACTB,11721387_at,2,7.60160421875,1,highest outer-training mean; exact ties by lexicographic probe ID
2,1,ma,PDK3,11730952_a_at,1,5.8962,1,highest outer-training mean; exact ties by lexicographic probe ID
2,2,candidate,AKT1,11716087_s_at,3,7.26463115625,1,highest outer-training mean; exact ties by lexicographic probe ID
2,2,candidate,AMBRA1,11741563_a_at,3,6.38464171875,1,highest outer-training mean; exact ties by lexicographic probe ID
2,2,candidate,ATG5,11718147_a_at,3,6.3589111562500005,1,highest outer-training mean; exact ties by lexicographic probe ID
2,2,candidate,ATG7,11750782_a_at,3,5.7918372187500005,1,highest outer-training mean; exact ties by lexicographic probe ID
2,2,candidate,BAK1,11748849_a_at,5,7.164859874999999,1,highest outer-training mean; exact ties by lexicographic probe ID
2,2,candidate,BAX,11742537_a_at,2,6.3215205625,1,highest outer-training mean; exact ties by lexicographic probe ID
2,2,candidate,BBC3,11727707_a_at,2,8.268514593750002,1,highest outer-training mean; exact ties by lexicographic probe ID
2,2,candidate,BCL2,11721377_x_at,6,7.41186234375,1,highest outer-training mean; exact ties by lexicographic probe ID
2,2,candidate,BCL2L1,11739958_x_at,3,9.658819906249999,1,highest outer-training mean; exact ties by lexicographic probe ID
2,2,candidate,BCL2L13,11747880_a_at,7,7.5809180312499995,1,highest outer-training mean; exact ties by lexicographic probe ID
2,2,candidate,BID,11732218_x_at,4,8.2420635625,1,highest outer-training mean; exact ties by lexicographic probe ID
2,2,candidate,BNIP3,11743084_s_at,2,5.584671468750001,1,highest outer-training mean; exact ties by lexicographic probe ID
2,2,candidate,BNIP3L,11746802_x_at,6,11.1013815625,1,highest outer-training mean; exact ties by lexicographic probe ID
2,2,candidate,CALCOCO2,11744395_s_at,5,8.553281875,1,highest outer-training mean; exact ties by lexicographic probe ID
2,2,candidate,CCL5,11753810_a_at,3,10.8685358125,1,highest outer-training mean; exact ties by lexicographic probe ID
2,2,candidate,CHUK,11754797_a_at,1,6.6196174375000005,1,highest outer-training mean; exact ties by lexicographic probe ID
2,2,candidate,CXCL10,11720298_at,1,4.90742246875,1,highest outer-training mean; exact ties by lexicographic probe ID
2,2,candidate,DNM1,11761584_x_at,3,5.299289312499999,1,highest outer-training mean; exact ties by lexicographic probe ID
2,2,candidate,DNM1L,11742435_a_at,4,7.3938574062499995,1,highest outer-training mean; exact ties by lexicographic probe ID
2,2,candidate,DNM2,11735759_a_at,3,9.29764496875,1,highest outer-training mean; exact ties by lexicographic probe ID
2,2,candidate,EIF4EBP1,11718284_x_at,3,7.212830718749999,1,highest outer-training mean; exact ties by lexicographic probe ID
2,2,candidate,FIS1,11723286_a_at,1,8.24207084375,1,highest outer-training mean; exact ties by lexicographic probe ID
2,2,candidate,FKBP8,11743133_a_at,3,7.3540049375,1,highest outer-training mean; exact ties by lexicographic probe ID
2,2,candidate,FUNDC1,11731671_at,1,6.013478656249999,1,highest outer-training mean; exact ties by lexicographic probe ID
2,2,candidate,GABARAP,11715479_a_at,4,11.55382875,1,highest outer-training mean; exact ties by lexicographic probe ID
2,2,candidate,GABARAPL2,11754495_x_at,4,10.17390696875,1,highest outer-training mean; exact ties by lexicographic probe ID
2,2,candidate,GDAP1,11739561_at,4,4.28328190625,1,highest outer-training mean; exact ties by lexicographic probe ID
2,2,candidate,GIGYF1,11720122_at,5,8.01276703125,1,highest outer-training mean; exact ties by lexicographic probe ID
2,2,candidate,GIGYF2,11739463_a_at,7,5.954397125,1,highest outer-training mean; exact ties by lexicographic probe ID
2,2,candidate,HIF1A,11718757_s_at,8,9.1191685,1,highest outer-training mean; exact ties by lexicographic probe ID
2,2,candidate,IKBKB,11730928_a_at,11,8.0464336875,1,highest outer-training mean; exact ties by lexicographic probe ID
2,2,candidate,IL6,11760425_a_at,2,4.4891475,1,highest outer-training mean; exact ties by lexicographic probe ID
2,2,candidate,INF2,11736439_a_at,5,6.123086499999999,1,highest outer-training mean; exact ties by lexicographic probe ID
2,2,candidate,IRF3,11745499_x_at,6,6.42435934375,1,highest outer-training mean; exact ties by lexicographic probe ID
2,2,candidate,IRF7,11718916_a_at,1,8.6960583125,1,highest outer-training mean; exact ties by lexicographic probe ID
2,2,candidate,LATS1,11745334_a_at,3,3.04994571875,1,highest outer-training mean; exact ties by lexicographic probe ID
2,2,candidate,LATS2,11755581_a_at,3,6.811921,1,highest outer-training mean; exact ties by lexicographic probe ID
2,2,candidate,MAP1LC3B,11738984_x_at,4,9.6240911875,1,highest outer-training mean; exact ties by lexicographic probe ID
2,2,candidate,MCL1,11715483_s_at,6,11.96924478125,1,highest outer-training mean; exact ties by lexicographic probe ID
2,2,candidate,MFF,11745184_a_at,5,7.68260325,1,highest outer-training mean; exact ties by lexicographic probe ID
2,2,candidate,MFN1,11731456_at,3,6.68104284375,1,highest outer-training mean; exact ties by lexicographic probe ID
2,2,candidate,MFN2,11741010_a_at,3,8.505554625,1,highest outer-training mean; exact ties by lexicographic probe ID
2,2,candidate,MIEF1,11757944_s_at,3,6.2477116875,1,highest outer-training mean; exact ties by lexicographic probe ID
2,2,candidate,MIEF2,11735347_a_at,1,4.294871656250001,1,highest outer-training mean; exact ties by lexicographic probe ID
2,2,candidate,MST1,11721819_x_at,2,5.21054884375,1,highest outer-training mean; exact ties by lexicographic probe ID
2,2,candidate,MTCH2,11721075_a_at,2,6.8781852812499995,1,highest outer-training mean; exact ties by lexicographic probe ID
2,2,candidate,MTFR1,11725658_a_at,5,5.6703450625,1,highest outer-training mean; exact ties by lexicographic probe ID
2,2,candidate,MTFR1L,11735789_a_at,8,7.035492875,1,highest outer-training mean; exact ties by lexicographic probe ID
2,2,candidate,MTOR,11716134_a_at,3,6.39127440625,1,highest outer-training mean; exact ties by lexicographic probe ID
2,2,candidate,NBR1,11738519_x_at,6,7.799420875,1,highest outer-training mean; exact ties by lexicographic probe ID
2,2,candidate,NFKB1,11717542_a_at,1,8.81821184375,1,highest outer-training mean; exact ties by lexicographic probe ID
2,2,candidate,OPA1,11740746_s_at,5,6.265850406249999,1,highest outer-training mean; exact ties by lexicographic probe ID
2,2,candidate,OPTN,11745271_x_at,3,8.79461253125,1,highest outer-training mean; exact ties by lexicographic probe ID
2,2,candidate,PHB2,11715383_a_at,3,8.69472546875,1,highest outer-training mean; exact ties by lexicographic probe ID
2,2,candidate,PINK1,11726996_at,2,8.968856531250001,1,highest outer-training mean; exact ties by lexicographic probe ID
2,2,candidate,PLD6,11725448_at,2,4.7759916874999995,1,highest outer-training mean; exact ties by lexicographic probe ID
2,2,candidate,PMAIP1,11724509_a_at,2,6.51466328125,1,highest outer-training mean; exact ties by lexicographic probe ID
2,2,candidate,RELA,11745440_s_at,3,7.870866124999999,1,highest outer-training mean; exact ties by lexicographic probe ID
2,2,candidate,RHEB,11716260_s_at,4,8.3564354375,1,highest outer-training mean; exact ties by lexicographic probe ID
2,2,candidate,RPS6KB1,11750648_x_at,7,6.70352278125,1,highest outer-training mean; exact ties by lexicographic probe ID
2,2,candidate,RPTOR,11722498_s_at,6,4.89093871875,1,highest outer-training mean; exact ties by lexicographic probe ID
2,2,candidate,SQSTM1,11756761_x_at,5,9.15478721875,1,highest outer-training mean; exact ties by lexicographic probe ID
2,2,candidate,TAX1BP1,11752195_s_at,5,9.436508812500001,1,highest outer-training mean; exact ties by lexicographic probe ID
2,2,candidate,TBK1,11717931_at,2,7.72773696875,1,highest outer-training mean; exact ties by lexicographic probe ID
2,2,candidate,TEAD1,11752086_a_at,3,5.4219508125,1,highest outer-training mean; exact ties by lexicographic probe ID
2,2,candidate,TEAD4,11733699_a_at,1,4.829470531249999,1,highest outer-training mean; exact ties by lexicographic probe ID
2,2,candidate,TMEM173,11727044_a_at,1,6.9503299062499995,1,highest outer-training mean; exact ties by lexicographic probe ID
2,2,candidate,TNF,11721577_at,1,6.530422,1,highest outer-training mean; exact ties by lexicographic probe ID
2,2,candidate,TSC1,11718820_at,4,7.21195353125,1,highest outer-training mean; exact ties by lexicographic probe ID
2,2,candidate,TSC2,11756886_a_at,2,6.08453125,1,highest outer-training mean; exact ties by lexicographic probe ID
2,2,candidate,ULK1,11744271_a_at,1,6.4447508749999995,1,highest outer-training mean; exact ties by lexicographic probe ID
2,2,candidate,VCP,11745875_x_at,4,8.178199125,1,highest outer-training mean; exact ties by lexicographic probe ID
2,2,candidate,VDAC1,11715655_s_at,1,7.51523709375,1,highest outer-training mean; exact ties by lexicographic probe ID
2,2,candidate,VDAC2,11748509_s_at,2,9.368854062499999,1,highest outer-training mean; exact ties by lexicographic probe ID
2,2,candidate,VDAC3,11754510_s_at,3,9.276786625,1,highest outer-training mean; exact ties by lexicographic probe ID
2,2,candidate,WWTR1,11755099_a_at,3,6.7504659375,1,highest outer-training mean; exact ties by lexicographic probe ID
2,2,candidate,YAP1,11717924_a_at,8,4.5517780625,1,highest outer-training mean; exact ties by lexicographic probe ID
2,2,ma,BID,11732218_x_at,4,8.2420635625,1,highest outer-training mean; exact ties by lexicographic probe ID
2,2,ma,FTH1,11757633_x_at,2,12.28866,1,highest outer-training mean; exact ties by lexicographic probe ID
2,2,ma,LACTB,11721387_at,2,7.53237615625,1,highest outer-training mean; exact ties by lexicographic probe ID
2,2,ma,PDK3,11730952_a_at,1,5.827424687500001,1,highest outer-training mean; exact ties by lexicographic probe ID
2,3,candidate,AKT1,11716087_s_at,3,7.2407946875,1,highest outer-training mean; exact ties by lexicographic probe ID
2,3,candidate,AMBRA1,11741563_a_at,3,6.4313791875,1,highest outer-training mean; exact ties by lexicographic probe ID
2,3,candidate,ATG5,11718147_a_at,3,6.35904528125,1,highest outer-training mean; exact ties by lexicographic probe ID
2,3,candidate,ATG7,11750782_a_at,3,5.76874865625,1,highest outer-training mean; exact ties by lexicographic probe ID
2,3,candidate,BAK1,11748849_a_at,5,7.165715125,1,highest outer-training mean; exact ties by lexicographic probe ID
2,3,candidate,BAX,11742537_a_at,2,6.30815546875,1,highest outer-training mean; exact ties by lexicographic probe ID
2,3,candidate,BBC3,11727707_a_at,2,8.32617546875,1,highest outer-training mean; exact ties by lexicographic probe ID
2,3,candidate,BCL2,11721377_x_at,6,7.45488825,1,highest outer-training mean; exact ties by lexicographic probe ID
2,3,candidate,BCL2L1,11739958_x_at,3,9.6948793125,1,highest outer-training mean; exact ties by lexicographic probe ID
2,3,candidate,BCL2L13,11747880_a_at,7,7.585155718749999,1,highest outer-training mean; exact ties by lexicographic probe ID
2,3,candidate,BID,11732218_x_at,4,8.219285,1,highest outer-training mean; exact ties by lexicographic probe ID
2,3,candidate,BNIP3,11743084_s_at,2,5.5701985625,1,highest outer-training mean; exact ties by lexicographic probe ID
2,3,candidate,BNIP3L,11746802_x_at,6,11.13317434375,1,highest outer-training mean; exact ties by lexicographic probe ID
2,3,candidate,CALCOCO2,11744395_s_at,5,8.53519703125,1,highest outer-training mean; exact ties by lexicographic probe ID
2,3,candidate,CCL5,11753810_a_at,3,10.748458375,1,highest outer-training mean; exact ties by lexicographic probe ID
2,3,candidate,CHUK,11754797_a_at,1,6.60050796875,1,highest outer-training mean; exact ties by lexicographic probe ID
2,3,candidate,CXCL10,11720298_at,1,4.824446374999999,1,highest outer-training mean; exact ties by lexicographic probe ID
2,3,candidate,DNM1,11761584_x_at,3,5.301190468750001,1,highest outer-training mean; exact ties by lexicographic probe ID
2,3,candidate,DNM1L,11742435_a_at,4,7.40673203125,1,highest outer-training mean; exact ties by lexicographic probe ID
2,3,candidate,DNM2,11735759_a_at,3,9.3115621875,1,highest outer-training mean; exact ties by lexicographic probe ID
2,3,candidate,EIF4EBP1,11718284_x_at,3,7.2711714375,1,highest outer-training mean; exact ties by lexicographic probe ID
2,3,candidate,FIS1,11723286_a_at,1,8.286450875,1,highest outer-training mean; exact ties by lexicographic probe ID
2,3,candidate,FKBP8,11743133_a_at,3,7.3068025625,1,highest outer-training mean; exact ties by lexicographic probe ID
2,3,candidate,FUNDC1,11731671_at,1,6.050853,1,highest outer-training mean; exact ties by lexicographic probe ID
2,3,candidate,GABARAP,11715479_a_at,4,11.5118403125,1,highest outer-training mean; exact ties by lexicographic probe ID
2,3,candidate,GABARAPL2,11728662_s_at,4,10.167024875,1,highest outer-training mean; exact ties by lexicographic probe ID
2,3,candidate,GDAP1,11739561_at,4,4.180637624999999,1,highest outer-training mean; exact ties by lexicographic probe ID
2,3,candidate,GIGYF1,11720122_at,5,7.989156031249999,1,highest outer-training mean; exact ties by lexicographic probe ID
2,3,candidate,GIGYF2,11739463_a_at,7,5.958201750000001,1,highest outer-training mean; exact ties by lexicographic probe ID
2,3,candidate,HIF1A,11718757_s_at,8,9.114078562500001,1,highest outer-training mean; exact ties by lexicographic probe ID
2,3,candidate,IKBKB,11730928_a_at,11,7.977089125000001,1,highest outer-training mean; exact ties by lexicographic probe ID
2,3,candidate,IL6,11760425_a_at,2,4.461023093750001,1,highest outer-training mean; exact ties by lexicographic probe ID
2,3,candidate,INF2,11736439_a_at,5,6.1846860625,1,highest outer-training mean; exact ties by lexicographic probe ID
2,3,candidate,IRF3,11745499_x_at,6,6.411121874999999,1,highest outer-training mean; exact ties by lexicographic probe ID
2,3,candidate,IRF7,11718916_a_at,1,8.5878584375,1,highest outer-training mean; exact ties by lexicographic probe ID
2,3,candidate,LATS1,11745334_a_at,3,3.03177175,1,highest outer-training mean; exact ties by lexicographic probe ID
2,3,candidate,LATS2,11755581_a_at,3,6.7993056562500005,1,highest outer-training mean; exact ties by lexicographic probe ID
2,3,candidate,MAP1LC3B,11738984_x_at,4,9.556352531249999,1,highest outer-training mean; exact ties by lexicographic probe ID
2,3,candidate,MCL1,11715483_s_at,6,11.89950790625,1,highest outer-training mean; exact ties by lexicographic probe ID
2,3,candidate,MFF,11745184_a_at,5,7.68927159375,1,highest outer-training mean; exact ties by lexicographic probe ID
2,3,candidate,MFN1,11731456_at,3,6.66805471875,1,highest outer-training mean; exact ties by lexicographic probe ID
2,3,candidate,MFN2,11741010_a_at,3,8.441422750000001,1,highest outer-training mean; exact ties by lexicographic probe ID
2,3,candidate,MIEF1,11757944_s_at,3,6.249333468750001,1,highest outer-training mean; exact ties by lexicographic probe ID
2,3,candidate,MIEF2,11735347_a_at,1,4.28935603125,1,highest outer-training mean; exact ties by lexicographic probe ID
2,3,candidate,MST1,11721819_x_at,2,5.2138536875,1,highest outer-training mean; exact ties by lexicographic probe ID
2,3,candidate,MTCH2,11721075_a_at,2,6.9115379375,1,highest outer-training mean; exact ties by lexicographic probe ID
2,3,candidate,MTFR1,11725658_a_at,5,5.69608921875,1,highest outer-training mean; exact ties by lexicographic probe ID
2,3,candidate,MTFR1L,11735789_a_at,8,7.00267346875,1,highest outer-training mean; exact ties by lexicographic probe ID
2,3,candidate,MTOR,11716134_a_at,3,6.375070125000001,1,highest outer-training mean; exact ties by lexicographic probe ID
2,3,candidate,NBR1,11738519_x_at,6,7.74202759375,1,highest outer-training mean; exact ties by lexicographic probe ID
2,3,candidate,NFKB1,11717542_a_at,1,8.797181312500001,1,highest outer-training mean; exact ties by lexicographic probe ID
2,3,candidate,OPA1,11740746_s_at,5,6.24798765625,1,highest outer-training mean; exact ties by lexicographic probe ID
2,3,candidate,OPTN,11745271_x_at,3,8.86081384375,1,highest outer-training mean; exact ties by lexicographic probe ID
2,3,candidate,PHB2,11715383_a_at,3,8.70943859375,1,highest outer-training mean; exact ties by lexicographic probe ID
2,3,candidate,PINK1,11726996_at,2,8.9862679375,1,highest outer-training mean; exact ties by lexicographic probe ID
2,3,candidate,PLD6,11725448_at,2,4.726688218750001,1,highest outer-training mean; exact ties by lexicographic probe ID
2,3,candidate,PMAIP1,11724509_a_at,2,6.57542575,1,highest outer-training mean; exact ties by lexicographic probe ID
2,3,candidate,RELA,11745440_s_at,3,7.8708780625,1,highest outer-training mean; exact ties by lexicographic probe ID
2,3,candidate,RHEB,11716260_s_at,4,8.341469624999998,1,highest outer-training mean; exact ties by lexicographic probe ID
2,3,candidate,RPS6KB1,11750648_x_at,7,6.6631311875,1,highest outer-training mean; exact ties by lexicographic probe ID
2,3,candidate,RPTOR,11722498_s_at,6,4.8750005000000005,1,highest outer-training mean; exact ties by lexicographic probe ID
2,3,candidate,SQSTM1,11756761_x_at,5,9.1362635625,1,highest outer-training mean; exact ties by lexicographic probe ID
2,3,candidate,TAX1BP1,11752195_s_at,5,9.43769203125,1,highest outer-training mean; exact ties by lexicographic probe ID
2,3,candidate,TBK1,11717931_at,2,7.681700874999999,1,highest outer-training mean; exact ties by lexicographic probe ID
2,3,candidate,TEAD1,11752086_a_at,3,5.4136345625,1,highest outer-training mean; exact ties by lexicographic probe ID
2,3,candidate,TEAD4,11733699_a_at,1,4.8683059687500005,1,highest outer-training mean; exact ties by lexicographic probe ID
2,3,candidate,TMEM173,11727044_a_at,1,6.9332199375000005,1,highest outer-training mean; exact ties by lexicographic probe ID
2,3,candidate,TNF,11721577_at,1,6.449756375,1,highest outer-training mean; exact ties by lexicographic probe ID
2,3,candidate,TSC1,11718820_at,4,7.205712875,1,highest outer-training mean; exact ties by lexicographic probe ID
2,3,candidate,TSC2,11756886_a_at,2,6.07396225,1,highest outer-training mean; exact ties by lexicographic probe ID
2,3,candidate,ULK1,11744271_a_at,1,6.4715826875,1,highest outer-training mean; exact ties by lexicographic probe ID
2,3,candidate,VCP,11745875_x_at,4,8.156035406249998,1,highest outer-training mean; exact ties by lexicographic probe ID
2,3,candidate,VDAC1,11715655_s_at,1,7.5242080937499995,1,highest outer-training mean; exact ties by lexicographic probe ID
2,3,candidate,VDAC2,11748509_s_at,2,9.4078571875,1,highest outer-training mean; exact ties by lexicographic probe ID
2,3,candidate,VDAC3,11754510_s_at,3,9.286107906249999,1,highest outer-training mean; exact ties by lexicographic probe ID
2,3,candidate,WWTR1,11755099_a_at,3,6.74419028125,1,highest outer-training mean; exact ties by lexicographic probe ID
2,3,candidate,YAP1,11717924_a_at,8,4.5887464375,1,highest outer-training mean; exact ties by lexicographic probe ID
2,3,ma,BID,11732218_x_at,4,8.219285,1,highest outer-training mean; exact ties by lexicographic probe ID
2,3,ma,FTH1,11757633_x_at,2,12.2295878125,1,highest outer-training mean; exact ties by lexicographic probe ID
2,3,ma,LACTB,11721387_at,2,7.50601640625,1,highest outer-training mean; exact ties by lexicographic probe ID
2,3,ma,PDK3,11730952_a_at,1,5.804467156249999,1,highest outer-training mean; exact ties by lexicographic probe ID
2,4,candidate,AKT1,11716087_s_at,3,7.24934040625,1,highest outer-training mean; exact ties by lexicographic probe ID
2,4,candidate,AMBRA1,11741563_a_at,3,6.43483853125,1,highest outer-training mean; exact ties by lexicographic probe ID
2,4,candidate,ATG5,11718147_a_at,3,6.27383928125,1,highest outer-training mean; exact ties by lexicographic probe ID
2,4,candidate,ATG7,11750782_a_at,3,5.79774415625,1,highest outer-training mean; exact ties by lexicographic probe ID
2,4,candidate,BAK1,11748849_a_at,5,7.12220284375,1,highest outer-training mean; exact ties by lexicographic probe ID
2,4,candidate,BAX,11742537_a_at,2,6.267972875,1,highest outer-training mean; exact ties by lexicographic probe ID
2,4,candidate,BBC3,11727707_a_at,2,8.29287446875,1,highest outer-training mean; exact ties by lexicographic probe ID
2,4,candidate,BCL2,11721376_at,6,7.33614096875,1,highest outer-training mean; exact ties by lexicographic probe ID
2,4,candidate,BCL2L1,11739958_x_at,3,9.6885739375,1,highest outer-training mean; exact ties by lexicographic probe ID
2,4,candidate,BCL2L13,11747880_a_at,7,7.5471114375,1,highest outer-training mean; exact ties by lexicographic probe ID
2,4,candidate,BID,11732218_x_at,4,8.20255440625,1,highest outer-training mean; exact ties by lexicographic probe ID
2,4,candidate,BNIP3,11743084_s_at,2,5.42872696875,1,highest outer-training mean; exact ties by lexicographic probe ID
2,4,candidate,BNIP3L,11746802_x_at,6,11.05988378125,1,highest outer-training mean; exact ties by lexicographic probe ID
2,4,candidate,CALCOCO2,11744395_s_at,5,8.530949,1,highest outer-training mean; exact ties by lexicographic probe ID
2,4,candidate,CCL5,11753810_a_at,3,10.728133,1,highest outer-training mean; exact ties by lexicographic probe ID
2,4,candidate,CHUK,11754797_a_at,1,6.57351621875,1,highest outer-training mean; exact ties by lexicographic probe ID
2,4,candidate,CXCL10,11720298_at,1,4.82459665625,1,highest outer-training mean; exact ties by lexicographic probe ID
2,4,candidate,DNM1,11761584_x_at,3,5.32675446875,1,highest outer-training mean; exact ties by lexicographic probe ID
2,4,candidate,DNM1L,11742435_a_at,4,7.3560972187499996,1,highest outer-training mean; exact ties by lexicographic probe ID
2,4,candidate,DNM2,11735759_a_at,3,9.3193461875,1,highest outer-training mean; exact ties by lexicographic probe ID
2,4,candidate,EIF4EBP1,11718284_x_at,3,7.28381328125,1,highest outer-training mean; exact ties by lexicographic probe ID
2,4,candidate,FIS1,11723286_a_at,1,8.296166812500001,1,highest outer-training mean; exact ties by lexicographic probe ID
2,4,candidate,FKBP8,11743133_a_at,3,7.36207565625,1,highest outer-training mean; exact ties by lexicographic probe ID
2,4,candidate,FUNDC1,11731671_at,1,6.023479468750001,1,highest outer-training mean; exact ties by lexicographic probe ID
2,4,candidate,GABARAP,11715479_a_at,4,11.5238165625,1,highest outer-training mean; exact ties by lexicographic probe ID
2,4,candidate,GABARAPL2,11728662_s_at,4,10.1219406875,1,highest outer-training mean; exact ties by lexicographic probe ID
2,4,candidate,GDAP1,11739561_at,4,4.1608895937499994,1,highest outer-training mean; exact ties by lexicographic probe ID
2,4,candidate,GIGYF1,11720122_at,5,8.0439385,1,highest outer-training mean; exact ties by lexicographic probe ID
2,4,candidate,GIGYF2,11739463_a_at,7,6.00112440625,1,highest outer-training mean; exact ties by lexicographic probe ID
2,4,candidate,HIF1A,11718757_s_at,8,9.093269249999999,1,highest outer-training mean; exact ties by lexicographic probe ID
2,4,candidate,IKBKB,11730928_a_at,11,7.9493423125,1,highest outer-training mean; exact ties by lexicographic probe ID
2,4,candidate,IL6,11760425_a_at,2,4.4856383125,1,highest outer-training mean; exact ties by lexicographic probe ID
2,4,candidate,INF2,11736439_a_at,5,6.17238359375,1,highest outer-training mean; exact ties by lexicographic probe ID
2,4,candidate,IRF3,11745499_x_at,6,6.443375625,1,highest outer-training mean; exact ties by lexicographic probe ID
2,4,candidate,IRF7,11718916_a_at,1,8.642626374999999,1,highest outer-training mean; exact ties by lexicographic probe ID
2,4,candidate,LATS1,11745334_a_at,3,3.016306875,1,highest outer-training mean; exact ties by lexicographic probe ID
2,4,candidate,LATS2,11755581_a_at,3,6.7900046875,1,highest outer-training mean; exact ties by lexicographic probe ID
2,4,candidate,MAP1LC3B,11738984_x_at,4,9.568530874999999,1,highest outer-training mean; exact ties by lexicographic probe ID
2,4,candidate,MCL1,11715483_s_at,6,11.88628415625,1,highest outer-training mean; exact ties by lexicographic probe ID
2,4,candidate,MFF,11745184_a_at,5,7.67387196875,1,highest outer-training mean; exact ties by lexicographic probe ID
2,4,candidate,MFN1,11731456_at,3,6.63343321875,1,highest outer-training mean; exact ties by lexicographic probe ID
2,4,candidate,MFN2,11741010_a_at,3,8.526235437499999,1,highest outer-training mean; exact ties by lexicographic probe ID
2,4,candidate,MIEF1,11757944_s_at,3,6.2635565,1,highest outer-training mean; exact ties by lexicographic probe ID
2,4,candidate,MIEF2,11735347_a_at,1,4.36119715625,1,highest outer-training mean; exact ties by lexicographic probe ID
2,4,candidate,MST1,11721819_x_at,2,5.2307883125,1,highest outer-training mean; exact ties by lexicographic probe ID
2,4,candidate,MTCH2,11721075_a_at,2,6.880188,1,highest outer-training mean; exact ties by lexicographic probe ID
2,4,candidate,MTFR1,11725658_a_at,5,5.662659625,1,highest outer-training mean; exact ties by lexicographic probe ID
2,4,candidate,MTFR1L,11735789_a_at,8,7.02358384375,1,highest outer-training mean; exact ties by lexicographic probe ID
2,4,candidate,MTOR,11716134_a_at,3,6.387537312500001,1,highest outer-training mean; exact ties by lexicographic probe ID
2,4,candidate,NBR1,11738519_x_at,6,7.7281660625,1,highest outer-training mean; exact ties by lexicographic probe ID
2,4,candidate,NFKB1,11717542_a_at,1,8.79541715625,1,highest outer-training mean; exact ties by lexicographic probe ID
2,4,candidate,OPA1,11740746_s_at,5,6.2070687499999995,1,highest outer-training mean; exact ties by lexicographic probe ID
2,4,candidate,OPTN,11745271_x_at,3,8.89303834375,1,highest outer-training mean; exact ties by lexicographic probe ID
2,4,candidate,PHB2,11715383_a_at,3,8.641919906250001,1,highest outer-training mean; exact ties by lexicographic probe ID
2,4,candidate,PINK1,11726996_at,2,9.016191187499999,1,highest outer-training mean; exact ties by lexicographic probe ID
2,4,candidate,PLD6,11725448_at,2,4.7390545,1,highest outer-training mean; exact ties by lexicographic probe ID
2,4,candidate,PMAIP1,11724509_a_at,2,6.4763655625,1,highest outer-training mean; exact ties by lexicographic probe ID
2,4,candidate,RELA,11745440_s_at,3,7.91372371875,1,highest outer-training mean; exact ties by lexicographic probe ID
2,4,candidate,RHEB,11716260_s_at,4,8.313559937499999,1,highest outer-training mean; exact ties by lexicographic probe ID
2,4,candidate,RPS6KB1,11750648_x_at,7,6.6407278125,1,highest outer-training mean; exact ties by lexicographic probe ID
2,4,candidate,RPTOR,11722498_s_at,6,4.852239625000001,1,highest outer-training mean; exact ties by lexicographic probe ID
2,4,candidate,SQSTM1,11756761_x_at,5,9.106518999999999,1,highest outer-training mean; exact ties by lexicographic probe ID
2,4,candidate,TAX1BP1,11752195_s_at,5,9.36032903125,1,highest outer-training mean; exact ties by lexicographic probe ID
2,4,candidate,TBK1,11717931_at,2,7.6209981875,1,highest outer-training mean; exact ties by lexicographic probe ID
2,4,candidate,TEAD1,11752086_a_at,3,5.4358621875,1,highest outer-training mean; exact ties by lexicographic probe ID
2,4,candidate,TEAD4,11733699_a_at,1,4.86310121875,1,highest outer-training mean; exact ties by lexicographic probe ID
2,4,candidate,TMEM173,11727044_a_at,1,6.93744240625,1,highest outer-training mean; exact ties by lexicographic probe ID
2,4,candidate,TNF,11721577_at,1,6.52001603125,1,highest outer-training mean; exact ties by lexicographic probe ID
2,4,candidate,TSC1,11718820_at,4,7.2023829062499996,1,highest outer-training mean; exact ties by lexicographic probe ID
2,4,candidate,TSC2,11756886_a_at,2,6.1170533124999995,1,highest outer-training mean; exact ties by lexicographic probe ID
2,4,candidate,ULK1,11744271_a_at,1,6.48857125,1,highest outer-training mean; exact ties by lexicographic probe ID
2,4,candidate,VCP,11745875_x_at,4,8.17332928125,1,highest outer-training mean; exact ties by lexicographic probe ID
2,4,candidate,VDAC1,11715655_s_at,1,7.5561753750000005,1,highest outer-training mean; exact ties by lexicographic probe ID
2,4,candidate,VDAC2,11748509_s_at,2,9.3868465,1,highest outer-training mean; exact ties by lexicographic probe ID
2,4,candidate,VDAC3,11754510_s_at,3,9.23268665625,1,highest outer-training mean; exact ties by lexicographic probe ID
2,4,candidate,WWTR1,11755099_a_at,3,6.77721075,1,highest outer-training mean; exact ties by lexicographic probe ID
2,4,candidate,YAP1,11717924_a_at,8,4.57839878125,1,highest outer-training mean; exact ties by lexicographic probe ID
2,4,ma,BID,11732218_x_at,4,8.20255440625,1,highest outer-training mean; exact ties by lexicographic probe ID
2,4,ma,FTH1,11757633_x_at,2,12.262469375000002,1,highest outer-training mean; exact ties by lexicographic probe ID
2,4,ma,LACTB,11721387_at,2,7.4568059375,1,highest outer-training mean; exact ties by lexicographic probe ID
2,4,ma,PDK3,11730952_a_at,1,5.8128116875,1,highest outer-training mean; exact ties by lexicographic probe ID
3,0,candidate,AKT1,11716087_s_at,3,7.20533484375,1,highest outer-training mean; exact ties by lexicographic probe ID
3,0,candidate,AMBRA1,11741563_a_at,3,6.41894709375,1,highest outer-training mean; exact ties by lexicographic probe ID
3,0,candidate,ATG5,11718147_a_at,3,6.36672309375,1,highest outer-training mean; exact ties by lexicographic probe ID
3,0,candidate,ATG7,11750782_a_at,3,5.7802529375,1,highest outer-training mean; exact ties by lexicographic probe ID
3,0,candidate,BAK1,11748849_a_at,5,7.14461678125,1,highest outer-training mean; exact ties by lexicographic probe ID
3,0,candidate,BAX,11742537_a_at,2,6.2792791875,1,highest outer-training mean; exact ties by lexicographic probe ID
3,0,candidate,BBC3,11727707_a_at,2,8.22739925,1,highest outer-training mean; exact ties by lexicographic probe ID
3,0,candidate,BCL2,11721376_at,6,7.4198183125,1,highest outer-training mean; exact ties by lexicographic probe ID
3,0,candidate,BCL2L1,11739958_x_at,3,9.672188,1,highest outer-training mean; exact ties by lexicographic probe ID
3,0,candidate,BCL2L13,11747880_a_at,7,7.589304562500001,1,highest outer-training mean; exact ties by lexicographic probe ID
3,0,candidate,BID,11732218_x_at,4,8.201360843749999,1,highest outer-training mean; exact ties by lexicographic probe ID
3,0,candidate,BNIP3,11743084_s_at,2,5.55635840625,1,highest outer-training mean; exact ties by lexicographic probe ID
3,0,candidate,BNIP3L,11746802_x_at,6,11.0922690625,1,highest outer-training mean; exact ties by lexicographic probe ID
3,0,candidate,CALCOCO2,11744395_s_at,5,8.550397624999999,1,highest outer-training mean; exact ties by lexicographic probe ID
3,0,candidate,CCL5,11753810_a_at,3,10.7546070625,1,highest outer-training mean; exact ties by lexicographic probe ID
3,0,candidate,CHUK,11754797_a_at,1,6.60573784375,1,highest outer-training mean; exact ties by lexicographic probe ID
3,0,candidate,CXCL10,11720298_at,1,4.91239540625,1,highest outer-training mean; exact ties by lexicographic probe ID
3,0,candidate,DNM1,11761584_x_at,3,5.278697031249999,1,highest outer-training mean; exact ties by lexicographic probe ID
3,0,candidate,DNM1L,11742435_a_at,4,7.4316246249999995,1,highest outer-training mean; exact ties by lexicographic probe ID
3,0,candidate,DNM2,11735759_a_at,3,9.280988,1,highest outer-training mean; exact ties by lexicographic probe ID
3,0,candidate,EIF4EBP1,11718284_x_at,3,7.2677707187500005,1,highest outer-training mean; exact ties by lexicographic probe ID
3,0,candidate,FIS1,11723286_a_at,1,8.275839,1,highest outer-training mean; exact ties by lexicographic probe ID
3,0,candidate,FKBP8,11743133_a_at,3,7.2640226875,1,highest outer-training mean; exact ties by lexicographic probe ID
3,0,candidate,FUNDC1,11731671_at,1,6.03896146875,1,highest outer-training mean; exact ties by lexicographic probe ID
3,0,candidate,GABARAP,11715479_a_at,4,11.5139515625,1,highest outer-training mean; exact ties by lexicographic probe ID
3,0,candidate,GABARAPL2,11728662_s_at,4,10.18066821875,1,highest outer-training mean; exact ties by lexicographic probe ID
3,0,candidate,GDAP1,11739561_at,4,4.247805625,1,highest outer-training mean; exact ties by lexicographic probe ID
3,0,candidate,GIGYF1,11720122_at,5,7.99633525,1,highest outer-training mean; exact ties by lexicographic probe ID
3,0,candidate,GIGYF2,11739463_a_at,7,5.970402218749999,1,highest outer-training mean; exact ties by lexicographic probe ID
3,0,candidate,HIF1A,11718757_s_at,8,9.088173874999999,1,highest outer-training mean; exact ties by lexicographic probe ID
3,0,candidate,IKBKB,11730928_a_at,11,7.9909479999999995,1,highest outer-training mean; exact ties by lexicographic probe ID
3,0,candidate,IL6,11760425_a_at,2,4.478108531249999,1,highest outer-training mean; exact ties by lexicographic probe ID
3,0,candidate,INF2,11736439_a_at,5,6.157345875,1,highest outer-training mean; exact ties by lexicographic probe ID
3,0,candidate,IRF3,11745499_x_at,6,6.41514290625,1,highest outer-training mean; exact ties by lexicographic probe ID
3,0,candidate,IRF7,11718916_a_at,1,8.599277718749999,1,highest outer-training mean; exact ties by lexicographic probe ID
3,0,candidate,LATS1,11745334_a_at,3,3.0643625625,1,highest outer-training mean; exact ties by lexicographic probe ID
3,0,candidate,LATS2,11755581_a_at,3,6.8023317187500005,1,highest outer-training mean; exact ties by lexicographic probe ID
3,0,candidate,MAP1LC3B,11738984_x_at,4,9.569405375,1,highest outer-training mean; exact ties by lexicographic probe ID
3,0,candidate,MCL1,11715483_s_at,6,11.88419478125,1,highest outer-training mean; exact ties by lexicographic probe ID
3,0,candidate,MFF,11745184_a_at,5,7.69421009375,1,highest outer-training mean; exact ties by lexicographic probe ID
3,0,candidate,MFN1,11731456_at,3,6.66501409375,1,highest outer-training mean; exact ties by lexicographic probe ID
3,0,candidate,MFN2,11741010_a_at,3,8.512341406250002,1,highest outer-training mean; exact ties by lexicographic probe ID
3,0,candidate,MIEF1,11757944_s_at,3,6.26885159375,1,highest outer-training mean; exact ties by lexicographic probe ID
3,0,candidate,MIEF2,11735347_a_at,1,4.29718534375,1,highest outer-training mean; exact ties by lexicographic probe ID
3,0,candidate,MST1,11721819_x_at,2,5.20247990625,1,highest outer-training mean; exact ties by lexicographic probe ID
3,0,candidate,MTCH2,11721075_a_at,2,6.90463290625,1,highest outer-training mean; exact ties by lexicographic probe ID
3,0,candidate,MTFR1,11725658_a_at,5,5.7001135625,1,highest outer-training mean; exact ties by lexicographic probe ID
3,0,candidate,MTFR1L,11735789_a_at,8,7.0114048125,1,highest outer-training mean; exact ties by lexicographic probe ID
3,0,candidate,MTOR,11716134_a_at,3,6.40053096875,1,highest outer-training mean; exact ties by lexicographic probe ID
3,0,candidate,NBR1,11738519_x_at,6,7.74856690625,1,highest outer-training mean; exact ties by lexicographic probe ID
3,0,candidate,NFKB1,11717542_a_at,1,8.78822746875,1,highest outer-training mean; exact ties by lexicographic probe ID
3,0,candidate,OPA1,11740746_s_at,5,6.2921622812499995,1,highest outer-training mean; exact ties by lexicographic probe ID
3,0,candidate,OPTN,11745271_x_at,3,8.821901,1,highest outer-training mean; exact ties by lexicographic probe ID
3,0,candidate,PHB2,11715383_a_at,3,8.69638325,1,highest outer-training mean; exact ties by lexicographic probe ID
3,0,candidate,PINK1,11726996_at,2,8.961896249999999,1,highest outer-training mean; exact ties by lexicographic probe ID
3,0,candidate,PLD6,11725448_at,2,4.8067960625,1,highest outer-training mean; exact ties by lexicographic probe ID
3,0,candidate,PMAIP1,11724509_a_at,2,6.53912446875,1,highest outer-training mean; exact ties by lexicographic probe ID
3,0,candidate,RELA,11745440_s_at,3,7.86198884375,1,highest outer-training mean; exact ties by lexicographic probe ID
3,0,candidate,RHEB,11716260_s_at,4,8.34378609375,1,highest outer-training mean; exact ties by lexicographic probe ID
3,0,candidate,RPS6KB1,11750648_x_at,7,6.67967975,1,highest outer-training mean; exact ties by lexicographic probe ID
3,0,candidate,RPTOR,11722498_s_at,6,4.88842278125,1,highest outer-training mean; exact ties by lexicographic probe ID
3,0,candidate,SQSTM1,11756761_x_at,5,9.120379,1,highest outer-training mean; exact ties by lexicographic probe ID
3,0,candidate,TAX1BP1,11752195_s_at,5,9.42291328125,1,highest outer-training mean; exact ties by lexicographic probe ID
3,0,candidate,TBK1,11717931_at,2,7.6858628125,1,highest outer-training mean; exact ties by lexicographic probe ID
3,0,candidate,TEAD1,11752086_a_at,3,5.393092781249999,1,highest outer-training mean; exact ties by lexicographic probe ID
3,0,candidate,TEAD4,11733699_a_at,1,4.86017284375,1,highest outer-training mean; exact ties by lexicographic probe ID
3,0,candidate,TMEM173,11727044_a_at,1,6.9285715625,1,highest outer-training mean; exact ties by lexicographic probe ID
3,0,candidate,TNF,11721577_at,1,6.496875875000001,1,highest outer-training mean; exact ties by lexicographic probe ID
3,0,candidate,TSC1,11718820_at,4,7.1891687187499995,1,highest outer-training mean; exact ties by lexicographic probe ID
3,0,candidate,TSC2,11756886_a_at,2,6.07298896875,1,highest outer-training mean; exact ties by lexicographic probe ID
3,0,candidate,ULK1,11744271_a_at,1,6.4350430625,1,highest outer-training mean; exact ties by lexicographic probe ID
3,0,candidate,VCP,11745875_x_at,4,8.16808853125,1,highest outer-training mean; exact ties by lexicographic probe ID
3,0,candidate,VDAC1,11715655_s_at,1,7.5643368749999995,1,highest outer-training mean; exact ties by lexicographic probe ID
3,0,candidate,VDAC2,11748509_s_at,2,9.414497125,1,highest outer-training mean; exact ties by lexicographic probe ID
3,0,candidate,VDAC3,11754510_s_at,3,9.27763228125,1,highest outer-training mean; exact ties by lexicographic probe ID
3,0,candidate,WWTR1,11755099_a_at,3,6.73363734375,1,highest outer-training mean; exact ties by lexicographic probe ID
3,0,candidate,YAP1,11717924_a_at,8,4.560134999999999,1,highest outer-training mean; exact ties by lexicographic probe ID
3,0,ma,BID,11732218_x_at,4,8.201360843749999,1,highest outer-training mean; exact ties by lexicographic probe ID
3,0,ma,FTH1,11757633_x_at,2,12.24441375,1,highest outer-training mean; exact ties by lexicographic probe ID
3,0,ma,LACTB,11721387_at,2,7.486973062500001,1,highest outer-training mean; exact ties by lexicographic probe ID
3,0,ma,PDK3,11730952_a_at,1,5.76713859375,1,highest outer-training mean; exact ties by lexicographic probe ID
3,1,candidate,AKT1,11716087_s_at,3,7.31118275,1,highest outer-training mean; exact ties by lexicographic probe ID
3,1,candidate,AMBRA1,11741563_a_at,3,6.43611515625,1,highest outer-training mean; exact ties by lexicographic probe ID
3,1,candidate,ATG5,11718147_a_at,3,6.3367859375,1,highest outer-training mean; exact ties by lexicographic probe ID
3,1,candidate,ATG7,11750782_a_at,3,5.7723320625,1,highest outer-training mean; exact ties by lexicographic probe ID
3,1,candidate,BAK1,11748849_a_at,5,7.114758,1,highest outer-training mean; exact ties by lexicographic probe ID
3,1,candidate,BAX,11742537_a_at,2,6.27446909375,1,highest outer-training mean; exact ties by lexicographic probe ID
3,1,candidate,BBC3,11727707_a_at,2,8.328972562500002,1,highest outer-training mean; exact ties by lexicographic probe ID
3,1,candidate,BCL2,11721376_at,6,7.3366775625,1,highest outer-training mean; exact ties by lexicographic probe ID
3,1,candidate,BCL2L1,11739958_x_at,3,9.668506562500001,1,highest outer-training mean; exact ties by lexicographic probe ID
3,1,candidate,BCL2L13,11747880_a_at,7,7.56125925,1,highest outer-training mean; exact ties by lexicographic probe ID
3,1,candidate,BID,11732218_x_at,4,8.259224,1,highest outer-training mean; exact ties by lexicographic probe ID
3,1,candidate,BNIP3,11743084_s_at,2,5.5250279375,1,highest outer-training mean; exact ties by lexicographic probe ID
3,1,candidate,BNIP3L,11746802_x_at,6,11.091855031249999,1,highest outer-training mean; exact ties by lexicographic probe ID
3,1,candidate,CALCOCO2,11744395_s_at,5,8.54686021875,1,highest outer-training mean; exact ties by lexicographic probe ID
3,1,candidate,CCL5,11753810_a_at,3,10.81856,1,highest outer-training mean; exact ties by lexicographic probe ID
3,1,candidate,CHUK,11754797_a_at,1,6.5867313437499995,1,highest outer-training mean; exact ties by lexicographic probe ID
3,1,candidate,CXCL10,11720298_at,1,4.7934248437499996,1,highest outer-training mean; exact ties by lexicographic probe ID
3,1,candidate,DNM1,11761584_x_at,3,5.27270996875,1,highest outer-training mean; exact ties by lexicographic probe ID
3,1,candidate,DNM1L,11742435_a_at,4,7.40300828125,1,highest outer-training mean; exact ties by lexicographic probe ID
3,1,candidate,DNM2,11735759_a_at,3,9.306293125,1,highest outer-training mean; exact ties by lexicographic probe ID
3,1,candidate,EIF4EBP1,11718284_x_at,3,7.24948203125,1,highest outer-training mean; exact ties by lexicographic probe ID
3,1,candidate,FIS1,11723286_a_at,1,8.259161124999999,1,highest outer-training mean; exact ties by lexicographic probe ID
3,1,candidate,FKBP8,11743133_a_at,3,7.292269875,1,highest outer-training mean; exact ties by lexicographic probe ID
3,1,candidate,FUNDC1,11731671_at,1,6.0646740625,1,highest outer-training mean; exact ties by lexicographic probe ID
3,1,candidate,GABARAP,11715479_a_at,4,11.52872625,1,highest outer-training mean; exact ties by lexicographic probe ID
3,1,candidate,GABARAPL2,11728662_s_at,4,10.134962,1,highest outer-training mean; exact ties by lexicographic probe ID
3,1,candidate,GDAP1,11739561_at,4,4.182116593750001,1,highest outer-training mean; exact ties by lexicographic probe ID
3,1,candidate,GIGYF1,11720122_at,5,8.002056281249999,1,highest outer-training mean; exact ties by lexicographic probe ID
3,1,candidate,GIGYF2,11739463_a_at,7,6.02353909375,1,highest outer-training mean; exact ties by lexicographic probe ID
3,1,candidate,HIF1A,11718757_s_at,8,9.109982406250001,1,highest outer-training mean; exact ties by lexicographic probe ID
3,1,candidate,IKBKB,11730928_a_at,11,7.978602125,1,highest outer-training mean; exact ties by lexicographic probe ID
3,1,candidate,IL6,11760425_a_at,2,4.47196384375,1,highest outer-training mean; exact ties by lexicographic probe ID
3,1,candidate,INF2,11736439_a_at,5,6.132080687499999,1,highest outer-training mean; exact ties by lexicographic probe ID
3,1,candidate,IRF3,11745499_x_at,6,6.41565084375,1,highest outer-training mean; exact ties by lexicographic probe ID
3,1,candidate,IRF7,11718916_a_at,1,8.583211062499998,1,highest outer-training mean; exact ties by lexicographic probe ID
3,1,candidate,LATS1,11745334_a_at,3,2.99211959375,1,highest outer-training mean; exact ties by lexicographic probe ID
3,1,candidate,LATS2,11755581_a_at,3,6.832418562499999,1,highest outer-training mean; exact ties by lexicographic probe ID
3,1,candidate,MAP1LC3B,11738984_x_at,4,9.550168687500001,1,highest outer-training mean; exact ties by lexicographic probe ID
3,1,candidate,MCL1,11715483_s_at,6,11.94478478125,1,highest outer-training mean; exact ties by lexicographic probe ID
3,1,candidate,MFF,11745184_a_at,5,7.69821278125,1,highest outer-training mean; exact ties by lexicographic probe ID
3,1,candidate,MFN1,11731456_at,3,6.6500706875,1,highest outer-training mean; exact ties by lexicographic probe ID
3,1,candidate,MFN2,11741010_a_at,3,8.503421374999999,1,highest outer-training mean; exact ties by lexicographic probe ID
3,1,candidate,MIEF1,11757944_s_at,3,6.29580246875,1,highest outer-training mean; exact ties by lexicographic probe ID
3,1,candidate,MIEF2,11735347_a_at,1,4.3655349999999995,1,highest outer-training mean; exact ties by lexicographic probe ID
3,1,candidate,MST1,11721819_x_at,2,5.183656375,1,highest outer-training mean; exact ties by lexicographic probe ID
3,1,candidate,MTCH2,11721075_a_at,2,6.9068115,1,highest outer-training mean; exact ties by lexicographic probe ID
3,1,candidate,MTFR1,11725658_a_at,5,5.64951140625,1,highest outer-training mean; exact ties by lexicographic probe ID
3,1,candidate,MTFR1L,11735789_a_at,8,7.023302187500001,1,highest outer-training mean; exact ties by lexicographic probe ID
3,1,candidate,MTOR,11716134_a_at,3,6.3927765,1,highest outer-training mean; exact ties by lexicographic probe ID
3,1,candidate,NBR1,11738519_x_at,6,7.74275503125,1,highest outer-training mean; exact ties by lexicographic probe ID
3,1,candidate,NFKB1,11717542_a_at,1,8.80578525,1,highest outer-training mean; exact ties by lexicographic probe ID
3,1,candidate,OPA1,11740746_s_at,5,6.22976384375,1,highest outer-training mean; exact ties by lexicographic probe ID
3,1,candidate,OPTN,11745271_x_at,3,8.83228396875,1,highest outer-training mean; exact ties by lexicographic probe ID
3,1,candidate,PHB2,11715383_a_at,3,8.684083875,1,highest outer-training mean; exact ties by lexicographic probe ID
3,1,candidate,PINK1,11726996_at,2,8.99804140625,1,highest outer-training mean; exact ties by lexicographic probe ID
3,1,candidate,PLD6,11725448_at,2,4.77183815625,1,highest outer-training mean; exact ties by lexicographic probe ID
3,1,candidate,PMAIP1,11724509_a_at,2,6.5123873437499995,1,highest outer-training mean; exact ties by lexicographic probe ID
3,1,candidate,RELA,11745440_s_at,3,7.9106510624999995,1,highest outer-training mean; exact ties by lexicographic probe ID
3,1,candidate,RHEB,11716260_s_at,4,8.32762340625,1,highest outer-training mean; exact ties by lexicographic probe ID
3,1,candidate,RPS6KB1,11750648_x_at,7,6.665584093750001,1,highest outer-training mean; exact ties by lexicographic probe ID
3,1,candidate,RPTOR,11722498_s_at,6,4.8354491875,1,highest outer-training mean; exact ties by lexicographic probe ID
3,1,candidate,SQSTM1,11756761_x_at,5,9.12467571875,1,highest outer-training mean; exact ties by lexicographic probe ID
3,1,candidate,TAX1BP1,11752195_s_at,5,9.41445034375,1,highest outer-training mean; exact ties by lexicographic probe ID
3,1,candidate,TBK1,11717931_at,2,7.675302625,1,highest outer-training mean; exact ties by lexicographic probe ID
3,1,candidate,TEAD1,11752086_a_at,3,5.424279406249999,1,highest outer-training mean; exact ties by lexicographic probe ID
3,1,candidate,TEAD4,11733699_a_at,1,4.852143375,1,highest outer-training mean; exact ties by lexicographic probe ID
3,1,candidate,TMEM173,11727044_a_at,1,6.9279357812499995,1,highest outer-training mean; exact ties by lexicographic probe ID
3,1,candidate,TNF,11721577_at,1,6.5104915625,1,highest outer-training mean; exact ties by lexicographic probe ID
3,1,candidate,TSC1,11718820_at,4,7.232638968749999,1,highest outer-training mean; exact ties by lexicographic probe ID
3,1,candidate,TSC2,11756886_a_at,2,6.1155548125,1,highest outer-training mean; exact ties by lexicographic probe ID
3,1,candidate,ULK1,11744271_a_at,1,6.4751304375,1,highest outer-training mean; exact ties by lexicographic probe ID
3,1,candidate,VCP,11745875_x_at,4,8.19493603125,1,highest outer-training mean; exact ties by lexicographic probe ID
3,1,candidate,VDAC1,11715655_s_at,1,7.5552248437500005,1,highest outer-training mean; exact ties by lexicographic probe ID
3,1,candidate,VDAC2,11748509_s_at,2,9.413564749999999,1,highest outer-training mean; exact ties by lexicographic probe ID
3,1,candidate,VDAC3,11754510_s_at,3,9.27545828125,1,highest outer-training mean; exact ties by lexicographic probe ID
3,1,candidate,WWTR1,11755099_a_at,3,6.7587139999999994,1,highest outer-training mean; exact ties by lexicographic probe ID
3,1,candidate,YAP1,11717924_a_at,8,4.5873186875,1,highest outer-training mean; exact ties by lexicographic probe ID
3,1,ma,BID,11732218_x_at,4,8.259224,1,highest outer-training mean; exact ties by lexicographic probe ID
3,1,ma,FTH1,11757633_x_at,2,12.262808750000001,1,highest outer-training mean; exact ties by lexicographic probe ID
3,1,ma,LACTB,11721387_at,2,7.5031160625,1,highest outer-training mean; exact ties by lexicographic probe ID
3,1,ma,PDK3,11730952_a_at,1,5.8459069687500005,1,highest outer-training mean; exact ties by lexicographic probe ID
3,2,candidate,AKT1,11716087_s_at,3,7.27649665625,1,highest outer-training mean; exact ties by lexicographic probe ID
3,2,candidate,AMBRA1,11741563_a_at,3,6.3889340937500005,1,highest outer-training mean; exact ties by lexicographic probe ID
3,2,candidate,ATG5,11718147_a_at,3,6.37618625,1,highest outer-training mean; exact ties by lexicographic probe ID
3,2,candidate,ATG7,11750782_a_at,3,5.820750375,1,highest outer-training mean; exact ties by lexicographic probe ID
3,2,candidate,BAK1,11748849_a_at,5,7.18051496875,1,highest outer-training mean; exact ties by lexicographic probe ID
3,2,candidate,BAX,11742537_a_at,2,6.36421290625,1,highest outer-training mean; exact ties by lexicographic probe ID
3,2,candidate,BBC3,11727707_a_at,2,8.310813312500002,1,highest outer-training mean; exact ties by lexicographic probe ID
3,2,candidate,BCL2,11721376_at,6,7.372029156250001,1,highest outer-training mean; exact ties by lexicographic probe ID
3,2,candidate,BCL2L1,11739958_x_at,3,9.62164959375,1,highest outer-training mean; exact ties by lexicographic probe ID
3,2,candidate,BCL2L13,11747880_a_at,7,7.577908031250001,1,highest outer-training mean; exact ties by lexicographic probe ID
3,2,candidate,BID,11732218_x_at,4,8.30243253125,1,highest outer-training mean; exact ties by lexicographic probe ID
3,2,candidate,BNIP3,11743084_s_at,2,5.5415269375000005,1,highest outer-training mean; exact ties by lexicographic probe ID
3,2,candidate,BNIP3L,11746802_x_at,6,11.082328125,1,highest outer-training mean; exact ties by lexicographic probe ID
3,2,candidate,CALCOCO2,11744395_s_at,5,8.57689009375,1,highest outer-training mean; exact ties by lexicographic probe ID
3,2,candidate,CCL5,11753810_a_at,3,10.801312375,1,highest outer-training mean; exact ties by lexicographic probe ID
3,2,candidate,CHUK,11754797_a_at,1,6.66931753125,1,highest outer-training mean; exact ties by lexicographic probe ID
3,2,candidate,CXCL10,11720298_at,1,4.9734940625,1,highest outer-training mean; exact ties by lexicographic probe ID
3,2,candidate,DNM1,11761584_x_at,3,5.29483759375,1,highest outer-training mean; exact ties by lexicographic probe ID
3,2,candidate,DNM1L,11742435_a_at,4,7.37398428125,1,highest outer-training mean; exact ties by lexicographic probe ID
3,2,candidate,DNM2,11735759_a_at,3,9.298381781249999,1,highest outer-training mean; exact ties by lexicographic probe ID
3,2,candidate,EIF4EBP1,11718284_x_at,3,7.2282206250000005,1,highest outer-training mean; exact ties by lexicographic probe ID
3,2,candidate,FIS1,11723286_a_at,1,8.2895744375,1,highest outer-training mean; exact ties by lexicographic probe ID
3,2,candidate,FKBP8,11743133_a_at,3,7.3655455312499996,1,highest outer-training mean; exact ties by lexicographic probe ID
3,2,candidate,FUNDC1,11731671_at,1,6.02545709375,1,highest outer-training mean; exact ties by lexicographic probe ID
3,2,candidate,GABARAP,11715479_a_at,4,11.5652496875,1,highest outer-training mean; exact ties by lexicographic probe ID
3,2,candidate,GABARAPL2,11728662_s_at,4,10.1999429375,1,highest outer-training mean; exact ties by lexicographic probe ID
3,2,candidate,GDAP1,11739561_at,4,4.2277740625,1,highest outer-training mean; exact ties by lexicographic probe ID
3,2,candidate,GIGYF1,11720122_at,5,7.97963628125,1,highest outer-training mean; exact ties by lexicographic probe ID
3,2,candidate,GIGYF2,11739463_a_at,7,5.9600094375,1,highest outer-training mean; exact ties by lexicographic probe ID
3,2,candidate,HIF1A,11718757_s_at,8,9.151254312499999,1,highest outer-training mean; exact ties by lexicographic probe ID
3,2,candidate,IKBKB,11730928_a_at,11,8.022592156249999,1,highest outer-training mean; exact ties by lexicographic probe ID
3,2,candidate,IL6,11760425_a_at,2,4.463493,1,highest outer-training mean; exact ties by lexicographic probe ID
3,2,candidate,INF2,11736439_a_at,5,6.1091146875,1,highest outer-training mean; exact ties by lexicographic probe ID
3,2,candidate,IRF3,11745499_x_at,6,6.41494809375,1,highest outer-training mean; exact ties by lexicographic probe ID
3,2,candidate,IRF7,11718916_a_at,1,8.69118821875,1,highest outer-training mean; exact ties by lexicographic probe ID
3,2,candidate,LATS1,11745334_a_at,3,3.02545165625,1,highest outer-training mean; exact ties by lexicographic probe ID
3,2,candidate,LATS2,11755581_a_at,3,6.8205500625,1,highest outer-training mean; exact ties by lexicographic probe ID
3,2,candidate,MAP1LC3B,11738984_x_at,4,9.628143999999999,1,highest outer-training mean; exact ties by lexicographic probe ID
3,2,candidate,MCL1,11715483_s_at,6,11.97105259375,1,highest outer-training mean; exact ties by lexicographic probe ID
3,2,candidate,MFF,11745184_a_at,5,7.6910084375,1,highest outer-training mean; exact ties by lexicographic probe ID
3,2,candidate,MFN1,11731456_at,3,6.6953960312500005,1,highest outer-training mean; exact ties by lexicographic probe ID
3,2,candidate,MFN2,11741010_a_at,3,8.49123925,1,highest outer-training mean; exact ties by lexicographic probe ID
3,2,candidate,MIEF1,11757944_s_at,3,6.2102288125000005,1,highest outer-training mean; exact ties by lexicographic probe ID
3,2,candidate,MIEF2,11735347_a_at,1,4.291895375,1,highest outer-training mean; exact ties by lexicographic probe ID
3,2,candidate,MST1,11721819_x_at,2,5.19509496875,1,highest outer-training mean; exact ties by lexicographic probe ID
3,2,candidate,MTCH2,11721075_a_at,2,6.8970294687500004,1,highest outer-training mean; exact ties by lexicographic probe ID
3,2,candidate,MTFR1,11725658_a_at,5,5.67562165625,1,highest outer-training mean; exact ties by lexicographic probe ID
3,2,candidate,MTFR1L,11735789_a_at,8,7.017496625,1,highest outer-training mean; exact ties by lexicographic probe ID
3,2,candidate,MTOR,11716134_a_at,3,6.35497265625,1,highest outer-training mean; exact ties by lexicographic probe ID
3,2,candidate,NBR1,11738519_x_at,6,7.78823353125,1,highest outer-training mean; exact ties by lexicographic probe ID
3,2,candidate,NFKB1,11717542_a_at,1,8.7773951875,1,highest outer-training mean; exact ties by lexicographic probe ID
3,2,candidate,OPA1,11740746_s_at,5,6.23745753125,1,highest outer-training mean; exact ties by lexicographic probe ID
3,2,candidate,OPTN,11745271_x_at,3,8.807321968750001,1,highest outer-training mean; exact ties by lexicographic probe ID
3,2,candidate,PHB2,11715383_a_at,3,8.69191634375,1,highest outer-training mean; exact ties by lexicographic probe ID
3,2,candidate,PINK1,11726996_at,2,9.007270281250001,1,highest outer-training mean; exact ties by lexicographic probe ID
3,2,candidate,PLD6,11725448_at,2,4.75736025,1,highest outer-training mean; exact ties by lexicographic probe ID
3,2,candidate,PMAIP1,11724509_a_at,2,6.596168468749999,1,highest outer-training mean; exact ties by lexicographic probe ID
3,2,candidate,RELA,11745440_s_at,3,7.8662758437499996,1,highest outer-training mean; exact ties by lexicographic probe ID
3,2,candidate,RHEB,11716260_s_at,4,8.39874021875,1,highest outer-training mean; exact ties by lexicographic probe ID
3,2,candidate,RPS6KB1,11750648_x_at,7,6.688393218750001,1,highest outer-training mean; exact ties by lexicographic probe ID
3,2,candidate,RPTOR,11722498_s_at,6,4.85094459375,1,highest outer-training mean; exact ties by lexicographic probe ID
3,2,candidate,SQSTM1,11756761_x_at,5,9.156158000000001,1,highest outer-training mean; exact ties by lexicographic probe ID
3,2,candidate,TAX1BP1,11752195_s_at,5,9.44913625,1,highest outer-training mean; exact ties by lexicographic probe ID
3,2,candidate,TBK1,11717931_at,2,7.75391415625,1,highest outer-training mean; exact ties by lexicographic probe ID
3,2,candidate,TEAD1,11752086_a_at,3,5.438082968750001,1,highest outer-training mean; exact ties by lexicographic probe ID
3,2,candidate,TEAD4,11733699_a_at,1,4.8133425625,1,highest outer-training mean; exact ties by lexicographic probe ID
3,2,candidate,TMEM173,11727044_a_at,1,6.908445406250001,1,highest outer-training mean; exact ties by lexicographic probe ID
3,2,candidate,TNF,11721577_at,1,6.525623937500001,1,highest outer-training mean; exact ties by lexicographic probe ID
3,2,candidate,TSC1,11718820_at,4,7.20525175,1,highest outer-training mean; exact ties by lexicographic probe ID
3,2,candidate,TSC2,11756886_a_at,2,6.04027275,1,highest outer-training mean; exact ties by lexicographic probe ID
3,2,candidate,ULK1,11744271_a_at,1,6.4688029375,1,highest outer-training mean; exact ties by lexicographic probe ID
3,2,candidate,VCP,11745875_x_at,4,8.158971937499999,1,highest outer-training mean; exact ties by lexicographic probe ID
3,2,candidate,VDAC1,11715655_s_at,1,7.50332571875,1,highest outer-training mean; exact ties by lexicographic probe ID
3,2,candidate,VDAC2,11748509_s_at,2,9.363139781249998,1,highest outer-training mean; exact ties by lexicographic probe ID
3,2,candidate,VDAC3,11754510_s_at,3,9.27125334375,1,highest outer-training mean; exact ties by lexicographic probe ID
3,2,candidate,WWTR1,11755099_a_at,3,6.741982125000001,1,highest outer-training mean; exact ties by lexicographic probe ID
3,2,candidate,YAP1,11717924_a_at,8,4.5599968125,1,highest outer-training mean; exact ties by lexicographic probe ID
3,2,ma,BID,11732218_x_at,4,8.30243253125,1,highest outer-training mean; exact ties by lexicographic probe ID
3,2,ma,FTH1,11757633_x_at,2,12.292695625,1,highest outer-training mean; exact ties by lexicographic probe ID
3,2,ma,LACTB,11721387_at,2,7.6014160625,1,highest outer-training mean; exact ties by lexicographic probe ID
3,2,ma,PDK3,11730952_a_at,1,5.9046581875,1,highest outer-training mean; exact ties by lexicographic probe ID
3,3,candidate,AKT1,11716087_s_at,3,7.27675340625,1,highest outer-training mean; exact ties by lexicographic probe ID
3,3,candidate,AMBRA1,11741563_a_at,3,6.4352119375,1,highest outer-training mean; exact ties by lexicographic probe ID
3,3,candidate,ATG5,11718147_a_at,3,6.3362731875,1,highest outer-training mean; exact ties by lexicographic probe ID
3,3,candidate,ATG7,11750782_a_at,3,5.80516915625,1,highest outer-training mean; exact ties by lexicographic probe ID
3,3,candidate,BAK1,11748849_a_at,5,7.19068875,1,highest outer-training mean; exact ties by lexicographic probe ID
3,3,candidate,BAX,11742537_a_at,2,6.3130774375,1,highest outer-training mean; exact ties by lexicographic probe ID
3,3,candidate,BBC3,11727707_a_at,2,8.315193625,1,highest outer-training mean; exact ties by lexicographic probe ID
3,3,candidate,BCL2,11721377_x_at,6,7.35424428125,1,highest outer-training mean; exact ties by lexicographic probe ID
3,3,candidate,BCL2L1,11739958_x_at,3,9.718311968750001,1,highest outer-training mean; exact ties by lexicographic probe ID
3,3,candidate,BCL2L13,11747880_a_at,7,7.56937546875,1,highest outer-training mean; exact ties by lexicographic probe ID
3,3,candidate,BID,11732218_x_at,4,8.25558578125,1,highest outer-training mean; exact ties by lexicographic probe ID
3,3,candidate,BNIP3,11743084_s_at,2,5.5085209375,1,highest outer-training mean; exact ties by lexicographic probe ID
3,3,candidate,BNIP3L,11746802_x_at,6,11.117818406249999,1,highest outer-training mean; exact ties by lexicographic probe ID
3,3,candidate,CALCOCO2,11744395_s_at,5,8.525647218749999,1,highest outer-training mean; exact ties by lexicographic probe ID
3,3,candidate,CCL5,11753810_a_at,3,10.86831684375,1,highest outer-training mean; exact ties by lexicographic probe ID
3,3,candidate,CHUK,11754797_a_at,1,6.567013812499999,1,highest outer-training mean; exact ties by lexicographic probe ID
3,3,candidate,CXCL10,11720298_at,1,4.9284654375,1,highest outer-training mean; exact ties by lexicographic probe ID
3,3,candidate,DNM1,11761584_x_at,3,5.32699090625,1,highest outer-training mean; exact ties by lexicographic probe ID
3,3,candidate,DNM1L,11742435_a_at,4,7.36288303125,1,highest outer-training mean; exact ties by lexicographic probe ID
3,3,candidate,DNM2,11735759_a_at,3,9.316923312499998,1,highest outer-training mean; exact ties by lexicographic probe ID
3,3,candidate,EIF4EBP1,11718284_x_at,3,7.227361125,1,highest outer-training mean; exact ties by lexicographic probe ID
3,3,candidate,FIS1,11723286_a_at,1,8.239847687500001,1,highest outer-training mean; exact ties by lexicographic probe ID
3,3,candidate,FKBP8,11743133_a_at,3,7.38114478125,1,highest outer-training mean; exact ties by lexicographic probe ID
3,3,candidate,FUNDC1,11731671_at,1,5.9665993749999995,1,highest outer-training mean; exact ties by lexicographic probe ID
3,3,candidate,GABARAP,11715479_a_at,4,11.524254062499999,1,highest outer-training mean; exact ties by lexicographic probe ID
3,3,candidate,GABARAPL2,11754495_x_at,4,10.09167796875,1,highest outer-training mean; exact ties by lexicographic probe ID
3,3,candidate,GDAP1,11739561_at,4,4.1808068125,1,highest outer-training mean; exact ties by lexicographic probe ID
3,3,candidate,GIGYF1,11720122_at,5,8.0261004375,1,highest outer-training mean; exact ties by lexicographic probe ID
3,3,candidate,GIGYF2,11739463_a_at,7,5.94359409375,1,highest outer-training mean; exact ties by lexicographic probe ID
3,3,candidate,HIF1A,11718757_s_at,8,9.128656437499998,1,highest outer-training mean; exact ties by lexicographic probe ID
3,3,candidate,IKBKB,11730928_a_at,11,8.00613796875,1,highest outer-training mean; exact ties by lexicographic probe ID
3,3,candidate,IL6,11760425_a_at,2,4.505909031250001,1,highest outer-training mean; exact ties by lexicographic probe ID
3,3,candidate,INF2,11736439_a_at,5,6.1799081875,1,highest outer-training mean; exact ties by lexicographic probe ID
3,3,candidate,IRF3,11745499_x_at,6,6.41054125,1,highest outer-training mean; exact ties by lexicographic probe ID
3,3,candidate,IRF7,11718916_a_at,1,8.62680309375,1,highest outer-training mean; exact ties by lexicographic probe ID
3,3,candidate,LATS1,11745334_a_at,3,3.0263040937500003,1,highest outer-training mean; exact ties by lexicographic probe ID
3,3,candidate,LATS2,11755581_a_at,3,6.83604021875,1,highest outer-training mean; exact ties by lexicographic probe ID
3,3,candidate,MAP1LC3B,11738984_x_at,4,9.532837812499999,1,highest outer-training mean; exact ties by lexicographic probe ID
3,3,candidate,MCL1,11715483_s_at,6,11.9592725,1,highest outer-training mean; exact ties by lexicographic probe ID
3,3,candidate,MFF,11745184_a_at,5,7.6284795,1,highest outer-training mean; exact ties by lexicographic probe ID
3,3,candidate,MFN1,11731456_at,3,6.63193096875,1,highest outer-training mean; exact ties by lexicographic probe ID
3,3,candidate,MFN2,11741010_a_at,3,8.46486778125,1,highest outer-training mean; exact ties by lexicographic probe ID
3,3,candidate,MIEF1,11757944_s_at,3,6.26102071875,1,highest outer-training mean; exact ties by lexicographic probe ID
3,3,candidate,MIEF2,11735347_a_at,1,4.30656821875,1,highest outer-training mean; exact ties by lexicographic probe ID
3,3,candidate,MST1,11721819_x_at,2,5.23756878125,1,highest outer-training mean; exact ties by lexicographic probe ID
3,3,candidate,MTCH2,11721075_a_at,2,6.8709125625,1,highest outer-training mean; exact ties by lexicographic probe ID
3,3,candidate,MTFR1,11725658_a_at,5,5.6525018125,1,highest outer-training mean; exact ties by lexicographic probe ID
3,3,candidate,MTFR1L,11735789_a_at,8,7.04786434375,1,highest outer-training mean; exact ties by lexicographic probe ID
3,3,candidate,MTOR,11716134_a_at,3,6.374368125,1,highest outer-training mean; exact ties by lexicographic probe ID
3,3,candidate,NBR1,11738519_x_at,6,7.7315829375,1,highest outer-training mean; exact ties by lexicographic probe ID
3,3,candidate,NFKB1,11717542_a_at,1,8.81003103125,1,highest outer-training mean; exact ties by lexicographic probe ID
3,3,candidate,OPA1,11740746_s_at,5,6.186325125,1,highest outer-training mean; exact ties by lexicographic probe ID
3,3,candidate,OPTN,11745271_x_at,3,8.83978478125,1,highest outer-training mean; exact ties by lexicographic probe ID
3,3,candidate,PHB2,11715383_a_at,3,8.65214446875,1,highest outer-training mean; exact ties by lexicographic probe ID
3,3,candidate,PINK1,11726996_at,2,8.997521531250001,1,highest outer-training mean; exact ties by lexicographic probe ID
3,3,candidate,PLD6,11725448_at,2,4.71474659375,1,highest outer-training mean; exact ties by lexicographic probe ID
3,3,candidate,PMAIP1,11724509_a_at,2,6.46325371875,1,highest outer-training mean; exact ties by lexicographic probe ID
3,3,candidate,RELA,11745440_s_at,3,7.87449490625,1,highest outer-training mean; exact ties by lexicographic probe ID
3,3,candidate,RHEB,11716260_s_at,4,8.31604165625,1,highest outer-training mean; exact ties by lexicographic probe ID
3,3,candidate,RPS6KB1,11750648_x_at,7,6.6327441875,1,highest outer-training mean; exact ties by lexicographic probe ID
3,3,candidate,RPTOR,11722498_s_at,6,4.8910025625,1,highest outer-training mean; exact ties by lexicographic probe ID
3,3,candidate,SQSTM1,11756761_x_at,5,9.1183926875,1,highest outer-training mean; exact ties by lexicographic probe ID
3,3,candidate,TAX1BP1,11752195_s_at,5,9.399003875,1,highest outer-training mean; exact ties by lexicographic probe ID
3,3,candidate,TBK1,11717931_at,2,7.69033203125,1,highest outer-training mean; exact ties by lexicographic probe ID
3,3,candidate,TEAD1,11752086_a_at,3,5.440031874999999,1,highest outer-training mean; exact ties by lexicographic probe ID
3,3,candidate,TEAD4,11733699_a_at,1,4.79523015625,1,highest outer-training mean; exact ties by lexicographic probe ID
3,3,candidate,TMEM173,11727044_a_at,1,6.98361190625,1,highest outer-training mean; exact ties by lexicographic probe ID
3,3,candidate,TNF,11721577_at,1,6.49841696875,1,highest outer-training mean; exact ties by lexicographic probe ID
3,3,candidate,TSC1,11718820_at,4,7.209495562499999,1,highest outer-training mean; exact ties by lexicographic probe ID
3,3,candidate,TSC2,11756886_a_at,2,6.0866445625,1,highest outer-training mean; exact ties by lexicographic probe ID
3,3,candidate,ULK1,11744271_a_at,1,6.4797206875,1,highest outer-training mean; exact ties by lexicographic probe ID
3,3,candidate,VCP,11745875_x_at,4,8.16309325,1,highest outer-training mean; exact ties by lexicographic probe ID
3,3,candidate,VDAC1,11715655_s_at,1,7.50228509375,1,highest outer-training mean; exact ties by lexicographic probe ID
3,3,candidate,VDAC2,11748509_s_at,2,9.36529065625,1,highest outer-training mean; exact ties by lexicographic probe ID
3,3,candidate,VDAC3,11754510_s_at,3,9.259180468750001,1,highest outer-training mean; exact ties by lexicographic probe ID
3,3,candidate,WWTR1,11755099_a_at,3,6.76887365625,1,highest outer-training mean; exact ties by lexicographic probe ID
3,3,candidate,YAP1,11717924_a_at,8,4.5747638749999995,1,highest outer-training mean; exact ties by lexicographic probe ID
3,3,ma,BID,11732218_x_at,4,8.25558578125,1,highest outer-training mean; exact ties by lexicographic probe ID
3,3,ma,FTH1,11757633_x_at,2,12.268587812499998,1,highest outer-training mean; exact ties by lexicographic probe ID
3,3,ma,LACTB,11721387_at,2,7.552576625,1,highest outer-training mean; exact ties by lexicographic probe ID
3,3,ma,PDK3,11730952_a_at,1,5.8400349687499995,1,highest outer-training mean; exact ties by lexicographic probe ID
3,4,candidate,AKT1,11716087_s_at,3,7.26879959375,1,highest outer-training mean; exact ties by lexicographic probe ID
3,4,candidate,AMBRA1,11741563_a_at,3,6.4380809687500005,1,highest outer-training mean; exact ties by lexicographic probe ID
3,4,candidate,ATG5,11718147_a_at,3,6.35033078125,1,highest outer-training mean; exact ties by lexicographic probe ID
3,4,candidate,ATG7,11750782_a_at,3,5.80353996875,1,highest outer-training mean; exact ties by lexicographic probe ID
3,4,candidate,BAK1,11748849_a_at,5,7.1237900000000005,1,highest outer-training mean; exact ties by lexicographic probe ID
3,4,candidate,BAX,11742537_a_at,2,6.27316525,1,highest outer-training mean; exact ties by lexicographic probe ID
3,4,candidate,BBC3,11727707_a_at,2,8.356773,1,highest outer-training mean; exact ties by lexicographic probe ID
3,4,candidate,BCL2,11721377_x_at,6,7.4065048125,1,highest outer-training mean; exact ties by lexicographic probe ID
3,4,candidate,BCL2L1,11739958_x_at,3,9.67241575,1,highest outer-training mean; exact ties by lexicographic probe ID
3,4,candidate,BCL2L13,11747880_a_at,7,7.550246312500001,1,highest outer-training mean; exact ties by lexicographic probe ID
3,4,candidate,BID,11732218_x_at,4,8.234545718749999,1,highest outer-training mean; exact ties by lexicographic probe ID
3,4,candidate,BNIP3,11743084_s_at,2,5.53495078125,1,highest outer-training mean; exact ties by lexicographic probe ID
3,4,candidate,BNIP3L,11746802_x_at,6,11.051554375,1,highest outer-training mean; exact ties by lexicographic probe ID
3,4,candidate,CALCOCO2,11744395_s_at,5,8.536032593749999,1,highest outer-training mean; exact ties by lexicographic probe ID
3,4,candidate,CCL5,11753810_a_at,3,10.781263218750002,1,highest outer-training mean; exact ties by lexicographic probe ID
3,4,candidate,CHUK,11754797_a_at,1,6.62340596875,1,highest outer-training mean; exact ties by lexicographic probe ID
3,4,candidate,CXCL10,11720298_at,1,4.707638375,1,highest outer-training mean; exact ties by lexicographic probe ID
3,4,candidate,DNM1,11761584_x_at,3,5.2810257499999995,1,highest outer-training mean; exact ties by lexicographic probe ID
3,4,candidate,DNM1L,11742435_a_at,4,7.37231640625,1,highest outer-training mean; exact ties by lexicographic probe ID
3,4,candidate,DNM2,11735759_a_at,3,9.32662040625,1,highest outer-training mean; exact ties by lexicographic probe ID
3,4,candidate,EIF4EBP1,11718284_x_at,3,7.23193825,1,highest outer-training mean; exact ties by lexicographic probe ID
3,4,candidate,FIS1,11723286_a_at,1,8.23652125,1,highest outer-training mean; exact ties by lexicographic probe ID
3,4,candidate,FKBP8,11743133_a_at,3,7.290994749999999,1,highest outer-training mean; exact ties by lexicographic probe ID
3,4,candidate,FUNDC1,11731671_at,1,6.06116625,1,highest outer-training mean; exact ties by lexicographic probe ID
3,4,candidate,GABARAP,11715479_a_at,4,11.5208946875,1,highest outer-training mean; exact ties by lexicographic probe ID
3,4,candidate,GABARAPL2,11754495_x_at,4,10.160743593749999,1,highest outer-training mean; exact ties by lexicographic probe ID
3,4,candidate,GDAP1,11739561_at,4,4.20092253125,1,highest outer-training mean; exact ties by lexicographic probe ID
3,4,candidate,GIGYF1,11720122_at,5,7.986280125,1,highest outer-training mean; exact ties by lexicographic probe ID
3,4,candidate,GIGYF2,11739463_a_at,7,5.97397753125,1,highest outer-training mean; exact ties by lexicographic probe ID
3,4,candidate,HIF1A,11718757_s_at,8,9.161666718749998,1,highest outer-training mean; exact ties by lexicographic probe ID
3,4,candidate,IKBKB,11730928_a_at,11,7.98918375,1,highest outer-training mean; exact ties by lexicographic probe ID
3,4,candidate,IL6,11760425_a_at,2,4.46694396875,1,highest outer-training mean; exact ties by lexicographic probe ID
3,4,candidate,INF2,11736439_a_at,5,6.170490937499999,1,highest outer-training mean; exact ties by lexicographic probe ID
3,4,candidate,IRF3,11745499_x_at,6,6.45342265625,1,highest outer-training mean; exact ties by lexicographic probe ID
3,4,candidate,IRF7,11718916_a_at,1,8.69013253125,1,highest outer-training mean; exact ties by lexicographic probe ID
3,4,candidate,LATS1,11745334_a_at,3,3.0202648437499997,1,highest outer-training mean; exact ties by lexicographic probe ID
3,4,candidate,LATS2,11755581_a_at,3,6.858594437499999,1,highest outer-training mean; exact ties by lexicographic probe ID
3,4,candidate,MAP1LC3B,11738984_x_at,4,9.589134375,1,highest outer-training mean; exact ties by lexicographic probe ID
3,4,candidate,MCL1,11715483_s_at,6,11.95766446875,1,highest outer-training mean; exact ties by lexicographic probe ID
3,4,candidate,MFF,11745184_a_at,5,7.6711810625,1,highest outer-training mean; exact ties by lexicographic probe ID
3,4,candidate,MFN1,11731456_at,3,6.67566934375,1,highest outer-training mean; exact ties by lexicographic probe ID
3,4,candidate,MFN2,11741010_a_at,3,8.4941901875,1,highest outer-training mean; exact ties by lexicographic probe ID
3,4,candidate,MIEF1,11757944_s_at,3,6.25477490625,1,highest outer-training mean; exact ties by lexicographic probe ID
3,4,candidate,MIEF2,11735347_a_at,1,4.3261351875,1,highest outer-training mean; exact ties by lexicographic probe ID
3,4,candidate,MST1,11721819_x_at,2,5.20636246875,1,highest outer-training mean; exact ties by lexicographic probe ID
3,4,candidate,MTCH2,11721075_a_at,2,6.858761812499999,1,highest outer-training mean; exact ties by lexicographic probe ID
3,4,candidate,MTFR1,11725658_a_at,5,5.6485851875,1,highest outer-training mean; exact ties by lexicographic probe ID
3,4,candidate,MTFR1L,11735789_a_at,8,7.01093190625,1,highest outer-training mean; exact ties by lexicographic probe ID
3,4,candidate,MTOR,11716134_a_at,3,6.38838825,1,highest outer-training mean; exact ties by lexicographic probe ID
3,4,candidate,NBR1,11738519_x_at,6,7.7768447187500005,1,highest outer-training mean; exact ties by lexicographic probe ID
3,4,candidate,NFKB1,11717542_a_at,1,8.8143111875,1,highest outer-training mean; exact ties by lexicographic probe ID
3,4,candidate,OPA1,11740746_s_at,5,6.23349559375,1,highest outer-training mean; exact ties by lexicographic probe ID
3,4,candidate,OPTN,11745271_x_at,3,8.836426781250001,1,highest outer-training mean; exact ties by lexicographic probe ID
3,4,candidate,PHB2,11715383_a_at,3,8.6733875625,1,highest outer-training mean; exact ties by lexicographic probe ID
3,4,candidate,PINK1,11726996_at,2,8.97909965625,1,highest outer-training mean; exact ties by lexicographic probe ID
3,4,candidate,PLD6,11725448_at,2,4.7471129375,1,highest outer-training mean; exact ties by lexicographic probe ID
3,4,candidate,PMAIP1,11724509_a_at,2,6.619149875,1,highest outer-training mean; exact ties by lexicographic probe ID
3,4,candidate,RELA,11745440_s_at,3,7.89770171875,1,highest outer-training mean; exact ties by lexicographic probe ID
3,4,candidate,RHEB,11716260_s_at,4,8.34226275,1,highest outer-training mean; exact ties by lexicographic probe ID
3,4,candidate,RPS6KB1,11750648_x_at,7,6.67209525,1,highest outer-training mean; exact ties by lexicographic probe ID
3,4,candidate,RPTOR,11722498_s_at,6,4.85489175,1,highest outer-training mean; exact ties by lexicographic probe ID
3,4,candidate,SQSTM1,11756761_x_at,5,9.154557968750002,1,highest outer-training mean; exact ties by lexicographic probe ID
3,4,candidate,TAX1BP1,11752195_s_at,5,9.395499000000001,1,highest outer-training mean; exact ties by lexicographic probe ID
3,4,candidate,TBK1,11717931_at,2,7.6907521249999995,1,highest outer-training mean; exact ties by lexicographic probe ID
3,4,candidate,TEAD1,11752086_a_at,3,5.43075446875,1,highest outer-training mean; exact ties by lexicographic probe ID
3,4,candidate,TEAD4,11733699_a_at,1,4.8734393125,1,highest outer-training mean; exact ties by lexicographic probe ID
3,4,candidate,TMEM173,11727044_a_at,1,6.92454571875,1,highest outer-training mean; exact ties by lexicographic probe ID
3,4,candidate,TNF,11721577_at,1,6.51699615625,1,highest outer-training mean; exact ties by lexicographic probe ID
3,4,candidate,TSC1,11718820_at,4,7.217749875000001,1,highest outer-training mean; exact ties by lexicographic probe ID
3,4,candidate,TSC2,11756886_a_at,2,6.11719815625,1,highest outer-training mean; exact ties by lexicographic probe ID
3,4,candidate,ULK1,11744271_a_at,1,6.47702025,1,highest outer-training mean; exact ties by lexicographic probe ID
3,4,candidate,VCP,11745875_x_at,4,8.16482075,1,highest outer-training mean; exact ties by lexicographic probe ID
3,4,candidate,VDAC1,11715655_s_at,1,7.51241446875,1,highest outer-training mean; exact ties by lexicographic probe ID
3,4,candidate,VDAC2,11748509_s_at,2,9.3852940625,1,highest outer-training mean; exact ties by lexicographic probe ID
3,4,candidate,VDAC3,11754510_s_at,3,9.28031,1,highest outer-training mean; exact ties by lexicographic probe ID
3,4,candidate,WWTR1,11755099_a_at,3,6.746980125,1,highest outer-training mean; exact ties by lexicographic probe ID
3,4,candidate,YAP1,11717924_a_at,8,4.58460075,1,highest outer-training mean; exact ties by lexicographic probe ID
3,4,ma,BID,11732218_x_at,4,8.234545718749999,1,highest outer-training mean; exact ties by lexicographic probe ID
3,4,ma,FTH1,11757633_x_at,2,12.2660465625,1,highest outer-training mean; exact ties by lexicographic probe ID
3,4,ma,LACTB,11721387_at,2,7.498608062500001,1,highest outer-training mean; exact ties by lexicographic probe ID
3,4,ma,PDK3,11730952_a_at,1,5.83846953125,1,highest outer-training mean; exact ties by lexicographic probe ID
4,0,candidate,AKT1,11716087_s_at,3,7.23025796875,1,highest outer-training mean; exact ties by lexicographic probe ID
4,0,candidate,AMBRA1,11741563_a_at,3,6.42184084375,1,highest outer-training mean; exact ties by lexicographic probe ID
4,0,candidate,ATG5,11718147_a_at,3,6.3874408125,1,highest outer-training mean; exact ties by lexicographic probe ID
4,0,candidate,ATG7,11750782_a_at,3,5.8161460625000005,1,highest outer-training mean; exact ties by lexicographic probe ID
4,0,candidate,BAK1,11748849_a_at,5,7.1874449375,1,highest outer-training mean; exact ties by lexicographic probe ID
4,0,candidate,BAX,11742537_a_at,2,6.35328078125,1,highest outer-training mean; exact ties by lexicographic probe ID
4,0,candidate,BBC3,11727707_a_at,2,8.3088938125,1,highest outer-training mean; exact ties by lexicographic probe ID
4,0,candidate,BCL2,11721376_at,6,7.34150484375,1,highest outer-training mean; exact ties by lexicographic probe ID
4,0,candidate,BCL2L1,11739958_x_at,3,9.5992539375,1,highest outer-training mean; exact ties by lexicographic probe ID
4,0,candidate,BCL2L13,11747880_a_at,7,7.56789684375,1,highest outer-training mean; exact ties by lexicographic probe ID
4,0,candidate,BID,11732218_x_at,4,8.250380906250001,1,highest outer-training mean; exact ties by lexicographic probe ID
4,0,candidate,BNIP3,11743084_s_at,2,5.526054562500001,1,highest outer-training mean; exact ties by lexicographic probe ID
4,0,candidate,BNIP3L,11746802_x_at,6,11.0761590625,1,highest outer-training mean; exact ties by lexicographic probe ID
4,0,candidate,CALCOCO2,11744395_s_at,5,8.5487339375,1,highest outer-training mean; exact ties by lexicographic probe ID
4,0,candidate,CCL5,11753810_a_at,3,10.80961625,1,highest outer-training mean; exact ties by lexicographic probe ID
4,0,candidate,CHUK,11754797_a_at,1,6.633325718749999,1,highest outer-training mean; exact ties by lexicographic probe ID
4,0,candidate,CXCL10,11720298_at,1,4.96633975,1,highest outer-training mean; exact ties by lexicographic probe ID
4,0,candidate,DNM1,11761584_x_at,3,5.26955328125,1,highest outer-training mean; exact ties by lexicographic probe ID
4,0,candidate,DNM1L,11742435_a_at,4,7.44125325,1,highest outer-training mean; exact ties by lexicographic probe ID
4,0,candidate,DNM2,11735759_a_at,3,9.30591346875,1,highest outer-training mean; exact ties by lexicographic probe ID
4,0,candidate,EIF4EBP1,11718284_x_at,3,7.28090340625,1,highest outer-training mean; exact ties by lexicographic probe ID
4,0,candidate,FIS1,11723286_a_at,1,8.25994575,1,highest outer-training mean; exact ties by lexicographic probe ID
4,0,candidate,FKBP8,11743133_a_at,3,7.29594184375,1,highest outer-training mean; exact ties by lexicographic probe ID
4,0,candidate,FUNDC1,11731671_at,1,6.05220378125,1,highest outer-training mean; exact ties by lexicographic probe ID
4,0,candidate,GABARAP,11715479_a_at,4,11.510445625,1,highest outer-training mean; exact ties by lexicographic probe ID
4,0,candidate,GABARAPL2,11728662_s_at,4,10.16713596875,1,highest outer-training mean; exact ties by lexicographic probe ID
4,0,candidate,GDAP1,11739561_at,4,4.230977687499999,1,highest outer-training mean; exact ties by lexicographic probe ID
4,0,candidate,GIGYF1,11720122_at,5,7.96426128125,1,highest outer-training mean; exact ties by lexicographic probe ID
4,0,candidate,GIGYF2,11739463_a_at,7,5.96698484375,1,highest outer-training mean; exact ties by lexicographic probe ID
4,0,candidate,HIF1A,11718757_s_at,8,9.135513187499999,1,highest outer-training mean; exact ties by lexicographic probe ID
4,0,candidate,IKBKB,11730928_a_at,11,8.00422278125,1,highest outer-training mean; exact ties by lexicographic probe ID
4,0,candidate,IL6,11760425_a_at,2,4.45309234375,1,highest outer-training mean; exact ties by lexicographic probe ID
4,0,candidate,INF2,11736439_a_at,5,6.15274065625,1,highest outer-training mean; exact ties by lexicographic probe ID
4,0,candidate,IRF3,11745499_x_at,6,6.410150906249999,1,highest outer-training mean; exact ties by lexicographic probe ID
4,0,candidate,IRF7,11718916_a_at,1,8.600688093750001,1,highest outer-training mean; exact ties by lexicographic probe ID
4,0,candidate,LATS1,11745334_a_at,3,3.02710703125,1,highest outer-training mean; exact ties by lexicographic probe ID
4,0,candidate,LATS2,11755581_a_at,3,6.874933437499999,1,highest outer-training mean; exact ties by lexicographic probe ID
4,0,candidate,MAP1LC3B,11738984_x_at,4,9.5493146875,1,highest outer-training mean; exact ties by lexicographic probe ID
4,0,candidate,MCL1,11715483_s_at,6,11.934449687499999,1,highest outer-training mean; exact ties by lexicographic probe ID
4,0,candidate,MFF,11745184_a_at,5,7.67130434375,1,highest outer-training mean; exact ties by lexicographic probe ID
4,0,candidate,MFN1,11731456_at,3,6.6589089999999995,1,highest outer-training mean; exact ties by lexicographic probe ID
4,0,candidate,MFN2,11741010_a_at,3,8.480258031249999,1,highest outer-training mean; exact ties by lexicographic probe ID
4,0,candidate,MIEF1,11757944_s_at,3,6.28917559375,1,highest outer-training mean; exact ties by lexicographic probe ID
4,0,candidate,MIEF2,11735347_a_at,1,4.28417,1,highest outer-training mean; exact ties by lexicographic probe ID
4,0,candidate,MST1,11721819_x_at,2,5.19527328125,1,highest outer-training mean; exact ties by lexicographic probe ID
4,0,candidate,MTCH2,11721075_a_at,2,6.946407624999999,1,highest outer-training mean; exact ties by lexicographic probe ID
4,0,candidate,MTFR1,11725658_a_at,5,5.6932599687500005,1,highest outer-training mean; exact ties by lexicographic probe ID
4,0,candidate,MTFR1L,11735789_a_at,8,7.016241687500001,1,highest outer-training mean; exact ties by lexicographic probe ID
4,0,candidate,MTOR,11716134_a_at,3,6.3887824687500006,1,highest outer-training mean; exact ties by lexicographic probe ID
4,0,candidate,NBR1,11738519_x_at,6,7.72713353125,1,highest outer-training mean; exact ties by lexicographic probe ID
4,0,candidate,NFKB1,11717542_a_at,1,8.8039795625,1,highest outer-training mean; exact ties by lexicographic probe ID
4,0,candidate,OPA1,11757614_s_at,5,6.234382375,1,highest outer-training mean; exact ties by lexicographic probe ID
4,0,candidate,OPTN,11745271_x_at,3,8.81118153125,1,highest outer-training mean; exact ties by lexicographic probe ID
4,0,candidate,PHB2,11715383_a_at,3,8.725491000000002,1,highest outer-training mean; exact ties by lexicographic probe ID
4,0,candidate,PINK1,11726996_at,2,8.95071290625,1,highest outer-training mean; exact ties by lexicographic probe ID
4,0,candidate,PLD6,11725448_at,2,4.72872896875,1,highest outer-training mean; exact ties by lexicographic probe ID
4,0,candidate,PMAIP1,11724509_a_at,2,6.590482375,1,highest outer-training mean; exact ties by lexicographic probe ID
4,0,candidate,RELA,11745440_s_at,3,7.8648799375,1,highest outer-training mean; exact ties by lexicographic probe ID
4,0,candidate,RHEB,11716260_s_at,4,8.372851125,1,highest outer-training mean; exact ties by lexicographic probe ID
4,0,candidate,RPS6KB1,11750648_x_at,7,6.6819580625,1,highest outer-training mean; exact ties by lexicographic probe ID
4,0,candidate,RPTOR,11722498_s_at,6,4.84707540625,1,highest outer-training mean; exact ties by lexicographic probe ID
4,0,candidate,SQSTM1,11756761_x_at,5,9.1063635,1,highest outer-training mean; exact ties by lexicographic probe ID
4,0,candidate,TAX1BP1,11752195_s_at,5,9.4491880625,1,highest outer-training mean; exact ties by lexicographic probe ID
4,0,candidate,TBK1,11717931_at,2,7.70838621875,1,highest outer-training mean; exact ties by lexicographic probe ID
4,0,candidate,TEAD1,11752086_a_at,3,5.421356843749999,1,highest outer-training mean; exact ties by lexicographic probe ID
4,0,candidate,TEAD4,11733699_a_at,1,4.828435000000001,1,highest outer-training mean; exact ties by lexicographic probe ID
4,0,candidate,TMEM173,11727044_a_at,1,6.94591853125,1,highest outer-training mean; exact ties by lexicographic probe ID
4,0,candidate,TNF,11721577_at,1,6.4790741875,1,highest outer-training mean; exact ties by lexicographic probe ID
4,0,candidate,TSC1,11718820_at,4,7.2107654375,1,highest outer-training mean; exact ties by lexicographic probe ID
4,0,candidate,TSC2,11756886_a_at,2,6.04418175,1,highest outer-training mean; exact ties by lexicographic probe ID
4,0,candidate,ULK1,11744271_a_at,1,6.445059562499999,1,highest outer-training mean; exact ties by lexicographic probe ID
4,0,candidate,VCP,11745875_x_at,4,8.17243575,1,highest outer-training mean; exact ties by lexicographic probe ID
4,0,candidate,VDAC1,11715655_s_at,1,7.559157625,1,highest outer-training mean; exact ties by lexicographic probe ID
4,0,candidate,VDAC2,11748509_s_at,2,9.41969790625,1,highest outer-training mean; exact ties by lexicographic probe ID
4,0,candidate,VDAC3,11754510_s_at,3,9.293135687500001,1,highest outer-training mean; exact ties by lexicographic probe ID
4,0,candidate,WWTR1,11755099_a_at,3,6.73860453125,1,highest outer-training mean; exact ties by lexicographic probe ID
4,0,candidate,YAP1,11717924_a_at,8,4.5722475,1,highest outer-training mean; exact ties by lexicographic probe ID
4,0,ma,BID,11732218_x_at,4,8.250380906250001,1,highest outer-training mean; exact ties by lexicographic probe ID
4,0,ma,FTH1,11757633_x_at,2,12.246036875,1,highest outer-training mean; exact ties by lexicographic probe ID
4,0,ma,LACTB,11721387_at,2,7.55950384375,1,highest outer-training mean; exact ties by lexicographic probe ID
4,0,ma,PDK3,11730952_a_at,1,5.809365875,1,highest outer-training mean; exact ties by lexicographic probe ID
4,1,candidate,AKT1,11716087_s_at,3,7.2914115937499995,1,highest outer-training mean; exact ties by lexicographic probe ID
4,1,candidate,AMBRA1,11741563_a_at,3,6.39754834375,1,highest outer-training mean; exact ties by lexicographic probe ID
4,1,candidate,ATG5,11718147_a_at,3,6.35865525,1,highest outer-training mean; exact ties by lexicographic probe ID
4,1,candidate,ATG7,11750782_a_at,3,5.820772312499999,1,highest outer-training mean; exact ties by lexicographic probe ID
4,1,candidate,BAK1,11748849_a_at,5,7.12924571875,1,highest outer-training mean; exact ties by lexicographic probe ID
4,1,candidate,BAX,11742537_a_at,2,6.26155140625,1,highest outer-training mean; exact ties by lexicographic probe ID
4,1,candidate,BBC3,11727707_a_at,2,8.27364753125,1,highest outer-training mean; exact ties by lexicographic probe ID
4,1,candidate,BCL2,11721376_at,6,7.4034295312500005,1,highest outer-training mean; exact ties by lexicographic probe ID
4,1,candidate,BCL2L1,11739958_x_at,3,9.70229328125,1,highest outer-training mean; exact ties by lexicographic probe ID
4,1,candidate,BCL2L13,11747880_a_at,7,7.59296284375,1,highest outer-training mean; exact ties by lexicographic probe ID
4,1,candidate,BID,11732218_x_at,4,8.259845875,1,highest outer-training mean; exact ties by lexicographic probe ID
4,1,candidate,BNIP3,11743084_s_at,2,5.596953,1,highest outer-training mean; exact ties by lexicographic probe ID
4,1,candidate,BNIP3L,11746802_x_at,6,11.1240165625,1,highest outer-training mean; exact ties by lexicographic probe ID
4,1,candidate,CALCOCO2,11744395_s_at,5,8.57410928125,1,highest outer-training mean; exact ties by lexicographic probe ID
4,1,candidate,CCL5,11753810_a_at,3,10.81469259375,1,highest outer-training mean; exact ties by lexicographic probe ID
4,1,candidate,CHUK,11754797_a_at,1,6.65210834375,1,highest outer-training mean; exact ties by lexicographic probe ID
4,1,candidate,CXCL10,11720298_at,1,4.97907990625,1,highest outer-training mean; exact ties by lexicographic probe ID
4,1,candidate,DNM1,11761584_x_at,3,5.289713531249999,1,highest outer-training mean; exact ties by lexicographic probe ID
4,1,candidate,DNM1L,11742435_a_at,4,7.3718715,1,highest outer-training mean; exact ties by lexicographic probe ID
4,1,candidate,DNM2,11735759_a_at,3,9.297305999999999,1,highest outer-training mean; exact ties by lexicographic probe ID
4,1,candidate,EIF4EBP1,11718284_x_at,3,7.22807953125,1,highest outer-training mean; exact ties by lexicographic probe ID
4,1,candidate,FIS1,11723286_a_at,1,8.27647,1,highest outer-training mean; exact ties by lexicographic probe ID
4,1,candidate,FKBP8,11743133_a_at,3,7.35642290625,1,highest outer-training mean; exact ties by lexicographic probe ID
4,1,candidate,FUNDC1,11731671_at,1,6.02210790625,1,highest outer-training mean; exact ties by lexicographic probe ID
4,1,candidate,GABARAP,11715479_a_at,4,11.55868375,1,highest outer-training mean; exact ties by lexicographic probe ID
4,1,candidate,GABARAPL2,11754495_x_at,4,10.150825625,1,highest outer-training mean; exact ties by lexicographic probe ID
4,1,candidate,GDAP1,11739561_at,4,4.25458065625,1,highest outer-training mean; exact ties by lexicographic probe ID
4,1,candidate,GIGYF1,11720122_at,5,8.01666784375,1,highest outer-training mean; exact ties by lexicographic probe ID
4,1,candidate,GIGYF2,11739463_a_at,7,5.96281165625,1,highest outer-training mean; exact ties by lexicographic probe ID
4,1,candidate,HIF1A,11718757_s_at,8,9.1242385,1,highest outer-training mean; exact ties by lexicographic probe ID
4,1,candidate,IKBKB,11730928_a_at,11,8.02450821875,1,highest outer-training mean; exact ties by lexicographic probe ID
4,1,candidate,IL6,11760425_a_at,2,4.481030593749999,1,highest outer-training mean; exact ties by lexicographic probe ID
4,1,candidate,INF2,11736439_a_at,5,6.1286059375,1,highest outer-training mean; exact ties by lexicographic probe ID
4,1,candidate,IRF3,11745499_x_at,6,6.42750884375,1,highest outer-training mean; exact ties by lexicographic probe ID
4,1,candidate,IRF7,11718916_a_at,1,8.6982078125,1,highest outer-training mean; exact ties by lexicographic probe ID
4,1,candidate,LATS1,11745334_a_at,3,3.0338414375,1,highest outer-training mean; exact ties by lexicographic probe ID
4,1,candidate,LATS2,11755581_a_at,3,6.7887008125,1,highest outer-training mean; exact ties by lexicographic probe ID
4,1,candidate,MAP1LC3B,11738984_x_at,4,9.618458562499999,1,highest outer-training mean; exact ties by lexicographic probe ID
4,1,candidate,MCL1,11715483_s_at,6,11.95979134375,1,highest outer-training mean; exact ties by lexicographic probe ID
4,1,candidate,MFF,11745184_a_at,5,7.696116281249999,1,highest outer-training mean; exact ties by lexicographic probe ID
4,1,candidate,MFN1,11731456_at,3,6.661061500000001,1,highest outer-training mean; exact ties by lexicographic probe ID
4,1,candidate,MFN2,11741010_a_at,3,8.51840715625,1,highest outer-training mean; exact ties by lexicographic probe ID
4,1,candidate,MIEF1,11757944_s_at,3,6.22583175,1,highest outer-training mean; exact ties by lexicographic probe ID
4,1,candidate,MIEF2,11735347_a_at,1,4.3056845,1,highest outer-training mean; exact ties by lexicographic probe ID
4,1,candidate,MST1,11721819_x_at,2,5.19233253125,1,highest outer-training mean; exact ties by lexicographic probe ID
4,1,candidate,MTCH2,11721075_a_at,2,6.88501221875,1,highest outer-training mean; exact ties by lexicographic probe ID
4,1,candidate,MTFR1,11725658_a_at,5,5.67965975,1,highest outer-training mean; exact ties by lexicographic probe ID
4,1,candidate,MTFR1L,11735789_a_at,8,7.04268159375,1,highest outer-training mean; exact ties by lexicographic probe ID
4,1,candidate,MTOR,11716134_a_at,3,6.38897171875,1,highest outer-training mean; exact ties by lexicographic probe ID
4,1,candidate,NBR1,11738519_x_at,6,7.7797183125,1,highest outer-training mean; exact ties by lexicographic probe ID
4,1,candidate,NFKB1,11717542_a_at,1,8.76886559375,1,highest outer-training mean; exact ties by lexicographic probe ID
4,1,candidate,OPA1,11740746_s_at,5,6.256337875,1,highest outer-training mean; exact ties by lexicographic probe ID
4,1,candidate,OPTN,11745271_x_at,3,8.85362396875,1,highest outer-training mean; exact ties by lexicographic probe ID
4,1,candidate,PHB2,11715383_a_at,3,8.6745131875,1,highest outer-training mean; exact ties by lexicographic probe ID
4,1,candidate,PINK1,11726996_at,2,9.019066125,1,highest outer-training mean; exact ties by lexicographic probe ID
4,1,candidate,PLD6,11725448_at,2,4.741854,1,highest outer-training mean; exact ties by lexicographic probe ID
4,1,candidate,PMAIP1,11724509_a_at,2,6.5252848125,1,highest outer-training mean; exact ties by lexicographic probe ID
4,1,candidate,RELA,11745440_s_at,3,7.87717934375,1,highest outer-training mean; exact ties by lexicographic probe ID
4,1,candidate,RHEB,11716260_s_at,4,8.37632003125,1,highest outer-training mean; exact ties by lexicographic probe ID
4,1,candidate,RPS6KB1,11750648_x_at,7,6.678249875,1,highest outer-training mean; exact ties by lexicographic probe ID
4,1,candidate,RPTOR,11722498_s_at,6,4.87000346875,1,highest outer-training mean; exact ties by lexicographic probe ID
4,1,candidate,SQSTM1,11756761_x_at,5,9.143714156249999,1,highest outer-training mean; exact ties by lexicographic probe ID
4,1,candidate,TAX1BP1,11752195_s_at,5,9.40003521875,1,highest outer-training mean; exact ties by lexicographic probe ID
4,1,candidate,TBK1,11717931_at,2,7.726200406249999,1,highest outer-training mean; exact ties by lexicographic probe ID
4,1,candidate,TEAD1,11752086_a_at,3,5.4216321875,1,highest outer-training mean; exact ties by lexicographic probe ID
4,1,candidate,TEAD4,11733699_a_at,1,4.81677925,1,highest outer-training mean; exact ties by lexicographic probe ID
4,1,candidate,TMEM173,11727044_a_at,1,6.9041106249999995,1,highest outer-training mean; exact ties by lexicographic probe ID
4,1,candidate,TNF,11721577_at,1,6.536822031250001,1,highest outer-training mean; exact ties by lexicographic probe ID
4,1,candidate,TSC1,11718820_at,4,7.22862896875,1,highest outer-training mean; exact ties by lexicographic probe ID
4,1,candidate,TSC2,11756886_a_at,2,6.07164290625,1,highest outer-training mean; exact ties by lexicographic probe ID
4,1,candidate,ULK1,11744271_a_at,1,6.455873625000001,1,highest outer-training mean; exact ties by lexicographic probe ID
4,1,candidate,VCP,11745875_x_at,4,8.15959359375,1,highest outer-training mean; exact ties by lexicographic probe ID
4,1,candidate,VDAC1,11715655_s_at,1,7.52643159375,1,highest outer-training mean; exact ties by lexicographic probe ID
4,1,candidate,VDAC2,11748509_s_at,2,9.369821375,1,highest outer-training mean; exact ties by lexicographic probe ID
4,1,candidate,VDAC3,11754510_s_at,3,9.27678840625,1,highest outer-training mean; exact ties by lexicographic probe ID
4,1,candidate,WWTR1,11755099_a_at,3,6.75937696875,1,highest outer-training mean; exact ties by lexicographic probe ID
4,1,candidate,YAP1,11717924_a_at,8,4.564436499999999,1,highest outer-training mean; exact ties by lexicographic probe ID
4,1,ma,BID,11732218_x_at,4,8.259845875,1,highest outer-training mean; exact ties by lexicographic probe ID
4,1,ma,FTH1,11757633_x_at,2,12.2820696875,1,highest outer-training mean; exact ties by lexicographic probe ID
4,1,ma,LACTB,11721387_at,2,7.55458890625,1,highest outer-training mean; exact ties by lexicographic probe ID
4,1,ma,PDK3,11730952_a_at,1,5.9046157812499995,1,highest outer-training mean; exact ties by lexicographic probe ID
4,2,candidate,AKT1,11716087_s_at,3,7.26721853125,1,highest outer-training mean; exact ties by lexicographic probe ID
4,2,candidate,AMBRA1,11741563_a_at,3,6.40801915625,1,highest outer-training mean; exact ties by lexicographic probe ID
4,2,candidate,ATG5,11718147_a_at,3,6.34404240625,1,highest outer-training mean; exact ties by lexicographic probe ID
4,2,candidate,ATG7,11750782_a_at,3,5.797845468749999,1,highest outer-training mean; exact ties by lexicographic probe ID
4,2,candidate,BAK1,11748849_a_at,5,7.172647125,1,highest outer-training mean; exact ties by lexicographic probe ID
4,2,candidate,BAX,11742537_a_at,2,6.2963255,1,highest outer-training mean; exact ties by lexicographic probe ID
4,2,candidate,BBC3,11727707_a_at,2,8.290535187500002,1,highest outer-training mean; exact ties by lexicographic probe ID
4,2,candidate,BCL2,11721377_x_at,6,7.30992196875,1,highest outer-training mean; exact ties by lexicographic probe ID
4,2,candidate,BCL2L1,11739958_x_at,3,9.71461078125,1,highest outer-training mean; exact ties by lexicographic probe ID
4,2,candidate,BCL2L13,11747880_a_at,7,7.5605783437500005,1,highest outer-training mean; exact ties by lexicographic probe ID
4,2,candidate,BID,11732218_x_at,4,8.24295125,1,highest outer-training mean; exact ties by lexicographic probe ID
4,2,candidate,BNIP3,11743084_s_at,2,5.4313987812499995,1,highest outer-training mean; exact ties by lexicographic probe ID
4,2,candidate,BNIP3L,11746802_x_at,6,11.116688406249999,1,highest outer-training mean; exact ties by lexicographic probe ID
4,2,candidate,CALCOCO2,11744395_s_at,5,8.529464937499998,1,highest outer-training mean; exact ties by lexicographic probe ID
4,2,candidate,CCL5,11753810_a_at,3,10.7412883125,1,highest outer-training mean; exact ties by lexicographic probe ID
4,2,candidate,CHUK,11754797_a_at,1,6.58710096875,1,highest outer-training mean; exact ties by lexicographic probe ID
4,2,candidate,CXCL10,11720298_at,1,4.97225521875,1,highest outer-training mean; exact ties by lexicographic probe ID
4,2,candidate,DNM1,11761584_x_at,3,5.3361779375000005,1,highest outer-training mean; exact ties by lexicographic probe ID
4,2,candidate,DNM1L,11742435_a_at,4,7.36124709375,1,highest outer-training mean; exact ties by lexicographic probe ID
4,2,candidate,DNM2,11735759_a_at,3,9.31378165625,1,highest outer-training mean; exact ties by lexicographic probe ID
4,2,candidate,EIF4EBP1,11718284_x_at,3,7.29443496875,1,highest outer-training mean; exact ties by lexicographic probe ID
4,2,candidate,FIS1,11723286_a_at,1,8.24225875,1,highest outer-training mean; exact ties by lexicographic probe ID
4,2,candidate,FKBP8,11743133_a_at,3,7.304509843750001,1,highest outer-training mean; exact ties by lexicographic probe ID
4,2,candidate,FUNDC1,11731671_at,1,6.0419869375,1,highest outer-training mean; exact ties by lexicographic probe ID
4,2,candidate,GABARAP,11715479_a_at,4,11.509943125,1,highest outer-training mean; exact ties by lexicographic probe ID
4,2,candidate,GABARAPL2,11754495_x_at,4,10.12517671875,1,highest outer-training mean; exact ties by lexicographic probe ID
4,2,candidate,GDAP1,11739561_at,4,4.18149625,1,highest outer-training mean; exact ties by lexicographic probe ID
4,2,candidate,GIGYF1,11720122_at,5,7.99577540625,1,highest outer-training mean; exact ties by lexicographic probe ID
4,2,candidate,GIGYF2,11739463_a_at,7,5.98186709375,1,highest outer-training mean; exact ties by lexicographic probe ID
4,2,candidate,HIF1A,11718757_s_at,8,9.127956031250001,1,highest outer-training mean; exact ties by lexicographic probe ID
4,2,candidate,IKBKB,11730928_a_at,11,7.930126531250001,1,highest outer-training mean; exact ties by lexicographic probe ID
4,2,candidate,IL6,11760425_a_at,2,4.5017391875,1,highest outer-training mean; exact ties by lexicographic probe ID
4,2,candidate,INF2,11736439_a_at,5,6.18604925,1,highest outer-training mean; exact ties by lexicographic probe ID
4,2,candidate,IRF3,11745499_x_at,6,6.39280759375,1,highest outer-training mean; exact ties by lexicographic probe ID
4,2,candidate,IRF7,11718916_a_at,1,8.63788234375,1,highest outer-training mean; exact ties by lexicographic probe ID
4,2,candidate,LATS1,11745334_a_at,3,3.03084740625,1,highest outer-training mean; exact ties by lexicographic probe ID
4,2,candidate,LATS2,11755581_a_at,3,6.87536590625,1,highest outer-training mean; exact ties by lexicographic probe ID
4,2,candidate,MAP1LC3B,11738984_x_at,4,9.555217125,1,highest outer-training mean; exact ties by lexicographic probe ID
4,2,candidate,MCL1,11715483_s_at,6,11.92260290625,1,highest outer-training mean; exact ties by lexicographic probe ID
4,2,candidate,MFF,11745184_a_at,5,7.66668909375,1,highest outer-training mean; exact ties by lexicographic probe ID
4,2,candidate,MFN1,11731456_at,3,6.6543926875,1,highest outer-training mean; exact ties by lexicographic probe ID
4,2,candidate,MFN2,11741010_a_at,3,8.487835500000001,1,highest outer-training mean; exact ties by lexicographic probe ID
4,2,candidate,MIEF1,11757944_s_at,3,6.22278025,1,highest outer-training mean; exact ties by lexicographic probe ID
4,2,candidate,MIEF2,11735347_a_at,1,4.31901590625,1,highest outer-training mean; exact ties by lexicographic probe ID
4,2,candidate,MST1,11721819_x_at,2,5.23209503125,1,highest outer-training mean; exact ties by lexicographic probe ID
4,2,candidate,MTCH2,11721075_a_at,2,6.894369906250001,1,highest outer-training mean; exact ties by lexicographic probe ID
4,2,candidate,MTFR1,11725658_a_at,5,5.67952375,1,highest outer-training mean; exact ties by lexicographic probe ID
4,2,candidate,MTFR1L,11735789_a_at,8,7.0088651875,1,highest outer-training mean; exact ties by lexicographic probe ID
4,2,candidate,MTOR,11716134_a_at,3,6.355264875,1,highest outer-training mean; exact ties by lexicographic probe ID
4,2,candidate,NBR1,11738519_x_at,6,7.76063690625,1,highest outer-training mean; exact ties by lexicographic probe ID
4,2,candidate,NFKB1,11717542_a_at,1,8.78135128125,1,highest outer-training mean; exact ties by lexicographic probe ID
4,2,candidate,OPA1,11740746_s_at,5,6.2116180624999995,1,highest outer-training mean; exact ties by lexicographic probe ID
4,2,candidate,OPTN,11745271_x_at,3,8.819038531250001,1,highest outer-training mean; exact ties by lexicographic probe ID
4,2,candidate,PHB2,11715383_a_at,3,8.65355884375,1,highest outer-training mean; exact ties by lexicographic probe ID
4,2,candidate,PINK1,11726996_at,2,9.0033955625,1,highest outer-training mean; exact ties by lexicographic probe ID
4,2,candidate,PLD6,11725448_at,2,4.7692889375,1,highest outer-training mean; exact ties by lexicographic probe ID
4,2,candidate,PMAIP1,11724509_a_at,2,6.56909275,1,highest outer-training mean; exact ties by lexicographic probe ID
4,2,candidate,RELA,11745440_s_at,3,7.86605203125,1,highest outer-training mean; exact ties by lexicographic probe ID
4,2,candidate,RHEB,11716260_s_at,4,8.3173329375,1,highest outer-training mean; exact ties by lexicographic probe ID
4,2,candidate,RPS6KB1,11750648_x_at,7,6.6298734687500005,1,highest outer-training mean; exact ties by lexicographic probe ID
4,2,candidate,RPTOR,11722498_s_at,6,4.871179874999999,1,highest outer-training mean; exact ties by lexicographic probe ID
4,2,candidate,SQSTM1,11756761_x_at,5,9.1184499375,1,highest outer-training mean; exact ties by lexicographic probe ID
4,2,candidate,TAX1BP1,11752195_s_at,5,9.39155225,1,highest outer-training mean; exact ties by lexicographic probe ID
4,2,candidate,TBK1,11717931_at,2,7.703139531250001,1,highest outer-training mean; exact ties by lexicographic probe ID
4,2,candidate,TEAD1,11752086_a_at,3,5.434715875,1,highest outer-training mean; exact ties by lexicographic probe ID
4,2,candidate,TEAD4,11733699_a_at,1,4.8856119375,1,highest outer-training mean; exact ties by lexicographic probe ID
4,2,candidate,TMEM173,11727044_a_at,1,6.938253125000001,1,highest outer-training mean; exact ties by lexicographic probe ID
4,2,candidate,TNF,11721577_at,1,6.489311031250001,1,highest outer-training mean; exact ties by lexicographic probe ID
4,2,candidate,TSC1,11718820_at,4,7.1502218125,1,highest outer-training mean; exact ties by lexicographic probe ID
4,2,candidate,TSC2,11756886_a_at,2,6.07506434375,1,highest outer-training mean; exact ties by lexicographic probe ID
4,2,candidate,ULK1,11744271_a_at,1,6.48195684375,1,highest outer-training mean; exact ties by lexicographic probe ID
4,2,candidate,VCP,11745875_x_at,4,8.157539374999999,1,highest outer-training mean; exact ties by lexicographic probe ID
4,2,candidate,VDAC1,11715655_s_at,1,7.51464459375,1,highest outer-training mean; exact ties by lexicographic probe ID
4,2,candidate,VDAC2,11748509_s_at,2,9.3932546875,1,highest outer-training mean; exact ties by lexicographic probe ID
4,2,candidate,VDAC3,11754510_s_at,3,9.248660093749999,1,highest outer-training mean; exact ties by lexicographic probe ID
4,2,candidate,WWTR1,11755099_a_at,3,6.7716515,1,highest outer-training mean; exact ties by lexicographic probe ID
4,2,candidate,YAP1,11717924_a_at,8,4.57585565625,1,highest outer-training mean; exact ties by lexicographic probe ID
4,2,ma,BID,11732218_x_at,4,8.24295125,1,highest outer-training mean; exact ties by lexicographic probe ID
4,2,ma,FTH1,11757633_x_at,2,12.236004375,1,highest outer-training mean; exact ties by lexicographic probe ID
4,2,ma,LACTB,11721387_at,2,7.5297255000000005,1,highest outer-training mean; exact ties by lexicographic probe ID
4,2,ma,PDK3,11730952_a_at,1,5.79360296875,1,highest outer-training mean; exact ties by lexicographic probe ID
4,3,candidate,AKT1,11716087_s_at,3,7.23554128125,1,highest outer-training mean; exact ties by lexicographic probe ID
4,3,candidate,AMBRA1,11741563_a_at,3,6.462383218749999,1,highest outer-training mean; exact ties by lexicographic probe ID
4,3,candidate,ATG5,11718147_a_at,3,6.3026655,1,highest outer-training mean; exact ties by lexicographic probe ID
4,3,candidate,ATG7,11750782_a_at,3,5.79045909375,1,highest outer-training mean; exact ties by lexicographic probe ID
4,3,candidate,BAK1,11748849_a_at,5,7.164145125,1,highest outer-training mean; exact ties by lexicographic probe ID
4,3,candidate,BAX,11742537_a_at,2,6.29281359375,1,highest outer-training mean; exact ties by lexicographic probe ID
4,3,candidate,BBC3,11727707_a_at,2,8.29575578125,1,highest outer-training mean; exact ties by lexicographic probe ID
4,3,candidate,BCL2,11721376_at,6,7.409553531249999,1,highest outer-training mean; exact ties by lexicographic probe ID
4,3,candidate,BCL2L1,11739958_x_at,3,9.681085531250002,1,highest outer-training mean; exact ties by lexicographic probe ID
4,3,candidate,BCL2L13,11747880_a_at,7,7.565115875,1,highest outer-training mean; exact ties by lexicographic probe ID
4,3,candidate,BID,11732218_x_at,4,8.221608218750001,1,highest outer-training mean; exact ties by lexicographic probe ID
4,3,candidate,BNIP3,11743084_s_at,2,5.5224803125,1,highest outer-training mean; exact ties by lexicographic probe ID
4,3,candidate,BNIP3L,11746802_x_at,6,11.055504687500001,1,highest outer-training mean; exact ties by lexicographic probe ID
4,3,candidate,CALCOCO2,11744395_s_at,5,8.55908759375,1,highest outer-training mean; exact ties by lexicographic probe ID
4,3,candidate,CCL5,11753810_a_at,3,10.803088093749999,1,highest outer-training mean; exact ties by lexicographic probe ID
4,3,candidate,CHUK,11754797_a_at,1,6.55563646875,1,highest outer-training mean; exact ties by lexicographic probe ID
4,3,candidate,CXCL10,11720298_at,1,4.858235625,1,highest outer-training mean; exact ties by lexicographic probe ID
4,3,candidate,DNM1,11761584_x_at,3,5.316232343749999,1,highest outer-training mean; exact ties by lexicographic probe ID
4,3,candidate,DNM1L,11742435_a_at,4,7.3356218125,1,highest outer-training mean; exact ties by lexicographic probe ID
4,3,candidate,DNM2,11735759_a_at,3,9.3008313125,1,highest outer-training mean; exact ties by lexicographic probe ID
4,3,candidate,EIF4EBP1,11718284_x_at,3,7.181665656250001,1,highest outer-training mean; exact ties by lexicographic probe ID
4,3,candidate,FIS1,11723286_a_at,1,8.260369125,1,highest outer-training mean; exact ties by lexicographic probe ID
4,3,candidate,FKBP8,11743133_a_at,3,7.323035562499999,1,highest outer-training mean; exact ties by lexicographic probe ID
4,3,candidate,FUNDC1,11731671_at,1,5.975754375,1,highest outer-training mean; exact ties by lexicographic probe ID
4,3,candidate,GABARAP,11715479_a_at,4,11.5422025,1,highest outer-training mean; exact ties by lexicographic probe ID
4,3,candidate,GABARAPL2,11754495_x_at,4,10.16277484375,1,highest outer-training mean; exact ties by lexicographic probe ID
4,3,candidate,GDAP1,11739561_at,4,4.18915071875,1,highest outer-training mean; exact ties by lexicographic probe ID
4,3,candidate,GIGYF1,11720122_at,5,8.0217145,1,highest outer-training mean; exact ties by lexicographic probe ID
4,3,candidate,GIGYF2,11739463_a_at,7,5.945856437500001,1,highest outer-training mean; exact ties by lexicographic probe ID
4,3,candidate,HIF1A,11718757_s_at,8,9.1075626875,1,highest outer-training mean; exact ties by lexicographic probe ID
4,3,candidate,IKBKB,11730928_a_at,11,7.99171890625,1,highest outer-training mean; exact ties by lexicographic probe ID
4,3,candidate,IL6,11760425_a_at,2,4.50895225,1,highest outer-training mean; exact ties by lexicographic probe ID
4,3,candidate,INF2,11736439_a_at,5,6.1466808125,1,highest outer-training mean; exact ties by lexicographic probe ID
4,3,candidate,IRF3,11745499_x_at,6,6.44922659375,1,highest outer-training mean; exact ties by lexicographic probe ID
4,3,candidate,IRF7,11718916_a_at,1,8.71448203125,1,highest outer-training mean; exact ties by lexicographic probe ID
4,3,candidate,LATS1,11745334_a_at,3,3.0354306875,1,highest outer-training mean; exact ties by lexicographic probe ID
4,3,candidate,LATS2,11755581_a_at,3,6.77401684375,1,highest outer-training mean; exact ties by lexicographic probe ID
4,3,candidate,MAP1LC3B,11738984_x_at,4,9.60100240625,1,highest outer-training mean; exact ties by lexicographic probe ID
4,3,candidate,MCL1,11715483_s_at,6,11.93067321875,1,highest outer-training mean; exact ties by lexicographic probe ID
4,3,candidate,MFF,11745184_a_at,5,7.65725253125,1,highest outer-training mean; exact ties by lexicographic probe ID
4,3,candidate,MFN1,11731456_at,3,6.6575874375,1,highest outer-training mean; exact ties by lexicographic probe ID
4,3,candidate,MFN2,11741010_a_at,3,8.5142128125,1,highest outer-training mean; exact ties by lexicographic probe ID
4,3,candidate,MIEF1,11757944_s_at,3,6.25581421875,1,highest outer-training mean; exact ties by lexicographic probe ID
4,3,candidate,MIEF2,11735347_a_at,1,4.328363125,1,highest outer-training mean; exact ties by lexicographic probe ID
4,3,candidate,MST1,11721819_x_at,2,5.21557765625,1,highest outer-training mean; exact ties by lexicographic probe ID
4,3,candidate,MTCH2,11721075_a_at,2,6.82976253125,1,highest outer-training mean; exact ties by lexicographic probe ID
4,3,candidate,MTFR1,11725658_a_at,5,5.63196678125,1,highest outer-training mean; exact ties by lexicographic probe ID
4,3,candidate,MTFR1L,11735789_a_at,8,7.02601965625,1,highest outer-training mean; exact ties by lexicographic probe ID
4,3,candidate,MTOR,11716134_a_at,3,6.381771625,1,highest outer-training mean; exact ties by lexicographic probe ID
4,3,candidate,NBR1,11738519_x_at,6,7.7527838125,1,highest outer-training mean; exact ties by lexicographic probe ID
4,3,candidate,NFKB1,11717542_a_at,1,8.80449875,1,highest outer-training mean; exact ties by lexicographic probe ID
4,3,candidate,OPA1,11740746_s_at,5,6.251729718749999,1,highest outer-training mean; exact ties by lexicographic probe ID
4,3,candidate,OPTN,11745271_x_at,3,8.813247968750002,1,highest outer-training mean; exact ties by lexicographic probe ID
4,3,candidate,PHB2,11715383_a_at,3,8.616505406249999,1,highest outer-training mean; exact ties by lexicographic probe ID
4,3,candidate,PINK1,11726996_at,2,8.990304218750001,1,highest outer-training mean; exact ties by lexicographic probe ID
4,3,candidate,PLD6,11725448_at,2,4.753250874999999,1,highest outer-training mean; exact ties by lexicographic probe ID
4,3,candidate,PMAIP1,11724509_a_at,2,6.450803781249999,1,highest outer-training mean; exact ties by lexicographic probe ID
4,3,candidate,RELA,11745440_s_at,3,7.89004384375,1,highest outer-training mean; exact ties by lexicographic probe ID
4,3,candidate,RHEB,11716260_s_at,4,8.3028274375,1,highest outer-training mean; exact ties by lexicographic probe ID
4,3,candidate,RPS6KB1,11750648_x_at,7,6.648654500000001,1,highest outer-training mean; exact ties by lexicographic probe ID
4,3,candidate,RPTOR,11722498_s_at,6,4.88773884375,1,highest outer-training mean; exact ties by lexicographic probe ID
4,3,candidate,SQSTM1,11756761_x_at,5,9.144682625000002,1,highest outer-training mean; exact ties by lexicographic probe ID
4,3,candidate,TAX1BP1,11752195_s_at,5,9.41549528125,1,highest outer-training mean; exact ties by lexicographic probe ID
4,3,candidate,TBK1,11717931_at,2,7.66966125,1,highest outer-training mean; exact ties by lexicographic probe ID
4,3,candidate,TEAD1,11752086_a_at,3,5.4477325,1,highest outer-training mean; exact ties by lexicographic probe ID
4,3,candidate,TEAD4,11733699_a_at,1,4.834336968750001,1,highest outer-training mean; exact ties by lexicographic probe ID
4,3,candidate,TMEM173,11727044_a_at,1,6.964688625000001,1,highest outer-training mean; exact ties by lexicographic probe ID
4,3,candidate,TNF,11721577_at,1,6.5192145625,1,highest outer-training mean; exact ties by lexicographic probe ID
4,3,candidate,TSC1,11718820_at,4,7.201037625,1,highest outer-training mean; exact ties by lexicographic probe ID
4,3,candidate,TSC2,11756886_a_at,2,6.1298276875,1,highest outer-training mean; exact ties by lexicographic probe ID
4,3,candidate,ULK1,11744271_a_at,1,6.46730615625,1,highest outer-training mean; exact ties by lexicographic probe ID
4,3,candidate,VCP,11745875_x_at,4,8.172881624999999,1,highest outer-training mean; exact ties by lexicographic probe ID
4,3,candidate,VDAC1,11715655_s_at,1,7.48305365625,1,highest outer-training mean; exact ties by lexicographic probe ID
4,3,candidate,VDAC2,11748509_s_at,2,9.3395174375,1,highest outer-training mean; exact ties by lexicographic probe ID
4,3,candidate,VDAC3,11754510_s_at,3,9.24235340625,1,highest outer-training mean; exact ties by lexicographic probe ID
4,3,candidate,WWTR1,11755099_a_at,3,6.754695312500001,1,highest outer-training mean; exact ties by lexicographic probe ID
4,3,candidate,YAP1,11717924_a_at,8,4.570972562500001,1,highest outer-training mean; exact ties by lexicographic probe ID
4,3,ma,BID,11732218_x_at,4,8.221608218750001,1,highest outer-training mean; exact ties by lexicographic probe ID
4,3,ma,FTH1,11757633_x_at,2,12.290965,1,highest outer-training mean; exact ties by lexicographic probe ID
4,3,ma,LACTB,11721387_at,2,7.513224656249999,1,highest outer-training mean; exact ties by lexicographic probe ID
4,3,ma,PDK3,11730952_a_at,1,5.84046696875,1,highest outer-training mean; exact ties by lexicographic probe ID
4,4,candidate,AKT1,11716087_s_at,3,7.314137875,1,highest outer-training mean; exact ties by lexicographic probe ID
4,4,candidate,AMBRA1,11741563_a_at,3,6.4274976875,1,highest outer-training mean; exact ties by lexicographic probe ID
4,4,candidate,ATG5,11718147_a_at,3,6.373495281249999,1,highest outer-training mean; exact ties by lexicographic probe ID
4,4,candidate,ATG7,11750782_a_at,3,5.756821562500001,1,highest outer-training mean; exact ties by lexicographic probe ID
4,4,candidate,BAK1,11748849_a_at,5,7.10088559375,1,highest outer-training mean; exact ties by lexicographic probe ID
4,4,candidate,BAX,11742537_a_at,2,6.30023259375,1,highest outer-training mean; exact ties by lexicographic probe ID
4,4,candidate,BBC3,11727707_a_at,2,8.3703194375,1,highest outer-training mean; exact ties by lexicographic probe ID
4,4,candidate,BCL2,11721377_x_at,6,7.4239852187499995,1,highest outer-training mean; exact ties by lexicographic probe ID
4,4,candidate,BCL2L1,11739958_x_at,3,9.655828343749999,1,highest outer-training mean; exact ties by lexicographic probe ID
4,4,candidate,BCL2L13,11747880_a_at,7,7.56153971875,1,highest outer-training mean; exact ties by lexicographic probe ID
4,4,candidate,BID,11732218_x_at,4,8.278362625,1,highest outer-training mean; exact ties by lexicographic probe ID
4,4,candidate,BNIP3,11743084_s_at,2,5.589498343750001,1,highest outer-training mean; exact ties by lexicographic probe ID
4,4,candidate,BNIP3L,11746802_x_at,6,11.06345628125,1,highest outer-training mean; exact ties by lexicographic probe ID
4,4,candidate,CALCOCO2,11744395_s_at,5,8.524432000000001,1,highest outer-training mean; exact ties by lexicographic probe ID
4,4,candidate,CCL5,11753810_a_at,3,10.85537425,1,highest outer-training mean; exact ties by lexicographic probe ID
4,4,candidate,CHUK,11754797_a_at,1,6.624035,1,highest outer-training mean; exact ties by lexicographic probe ID
4,4,candidate,CXCL10,11720298_at,1,4.539507625,1,highest outer-training mean; exact ties by lexicographic probe ID
4,4,candidate,DNM1,11761584_x_at,3,5.24258415625,1,highest outer-training mean; exact ties by lexicographic probe ID
4,4,candidate,DNM1L,11742435_a_at,4,7.43382296875,1,highest outer-training mean; exact ties by lexicographic probe ID
4,4,candidate,DNM2,11735759_a_at,3,9.3113741875,1,highest outer-training mean; exact ties by lexicographic probe ID
4,4,candidate,EIF4EBP1,11718284_x_at,3,7.2196891875,1,highest outer-training mean; exact ties by lexicographic probe ID
4,4,candidate,FIS1,11723286_a_at,1,8.261899875,1,highest outer-training mean; exact ties by lexicographic probe ID
4,4,candidate,FKBP8,11743133_a_at,3,7.31406746875,1,highest outer-training mean; exact ties by lexicographic probe ID
4,4,candidate,FUNDC1,11731671_at,1,6.06480525,1,highest outer-training mean; exact ties by lexicographic probe ID
4,4,candidate,GABARAP,11715479_a_at,4,11.531801250000001,1,highest outer-training mean; exact ties by lexicographic probe ID
4,4,candidate,GABARAPL2,11728662_s_at,4,10.15926334375,1,highest outer-training mean; exact ties by lexicographic probe ID
4,4,candidate,GDAP1,11739561_at,4,4.1832203125,1,highest outer-training mean; exact ties by lexicographic probe ID
4,4,candidate,GIGYF1,11720122_at,5,7.991989343750001,1,highest outer-training mean; exact ties by lexicographic probe ID
4,4,candidate,GIGYF2,11739463_a_at,7,6.01400234375,1,highest outer-training mean; exact ties by lexicographic probe ID
4,4,candidate,HIF1A,11718757_s_at,8,9.144463343750001,1,highest outer-training mean; exact ties by lexicographic probe ID
4,4,candidate,IKBKB,11730928_a_at,11,8.036887562499999,1,highest outer-training mean; exact ties by lexicographic probe ID
4,4,candidate,IL6,11760425_a_at,2,4.441604,1,highest outer-training mean; exact ties by lexicographic probe ID
4,4,candidate,INF2,11736439_a_at,5,6.13486371875,1,highest outer-training mean; exact ties by lexicographic probe ID
4,4,candidate,IRF3,11745499_x_at,6,6.4300118125,1,highest outer-training mean; exact ties by lexicographic probe ID
4,4,candidate,IRF7,11718916_a_at,1,8.53935234375,1,highest outer-training mean; exact ties by lexicographic probe ID
4,4,candidate,LATS1,11745334_a_at,3,3.0012761875000002,1,highest outer-training mean; exact ties by lexicographic probe ID
4,4,candidate,LATS2,11755581_a_at,3,6.836918000000001,1,highest outer-training mean; exact ties by lexicographic probe ID
4,4,candidate,MAP1LC3B,11738984_x_at,4,9.54569746875,1,highest outer-training mean; exact ties by lexicographic probe ID
4,4,candidate,MCL1,11715483_s_at,6,11.96945196875,1,highest outer-training mean; exact ties by lexicographic probe ID
4,4,candidate,MFF,11745184_a_at,5,7.691729625000001,1,highest outer-training mean; exact ties by lexicographic probe ID
4,4,candidate,MFN1,11731456_at,3,6.6861305,1,highest outer-training mean; exact ties by lexicographic probe ID
4,4,candidate,MFN2,11741010_a_at,3,8.4653465,1,highest outer-training mean; exact ties by lexicographic probe ID
4,4,candidate,MIEF1,11757944_s_at,3,6.2970766875,1,highest outer-training mean; exact ties by lexicographic probe ID
4,4,candidate,MIEF2,11735347_a_at,1,4.350085593749999,1,highest outer-training mean; exact ties by lexicographic probe ID
4,4,candidate,MST1,11721819_x_at,2,5.189884,1,highest outer-training mean; exact ties by lexicographic probe ID
4,4,candidate,MTCH2,11721075_a_at,2,6.88259596875,1,highest outer-training mean; exact ties by lexicographic probe ID
4,4,candidate,MTFR1,11725658_a_at,5,5.641923374999999,1,highest outer-training mean; exact ties by lexicographic probe ID
4,4,candidate,MTFR1L,11735789_a_at,8,7.01719175,1,highest outer-training mean; exact ties by lexicographic probe ID
4,4,candidate,MTOR,11716134_a_at,3,6.3962458125,1,highest outer-training mean; exact ties by lexicographic probe ID
4,4,candidate,NBR1,11738519_x_at,6,7.7677105625,1,highest outer-training mean; exact ties by lexicographic probe ID
4,4,candidate,NFKB1,11717542_a_at,1,8.8370549375,1,highest outer-training mean; exact ties by lexicographic probe ID
4,4,candidate,OPA1,11740746_s_at,5,6.244602875,1,highest outer-training mean; exact ties by lexicographic probe ID
4,4,candidate,OPTN,11745271_x_at,3,8.8406265,1,highest outer-training mean; exact ties by lexicographic probe ID
4,4,candidate,PHB2,11715383_a_at,3,8.7278470625,1,highest outer-training mean; exact ties by lexicographic probe ID
4,4,candidate,PINK1,11726996_at,2,8.9803503125,1,highest outer-training mean; exact ties by lexicographic probe ID
4,4,candidate,PLD6,11725448_at,2,4.80473121875,1,highest outer-training mean; exact ties by lexicographic probe ID
4,4,candidate,PMAIP1,11724509_a_at,2,6.594420156249999,1,highest outer-training mean; exact ties by lexicographic probe ID
4,4,candidate,RELA,11745440_s_at,3,7.912957218750001,1,highest outer-training mean; exact ties by lexicographic probe ID
4,4,candidate,RHEB,11716260_s_at,4,8.359122593750001,1,highest outer-training mean; exact ties by lexicographic probe ID
4,4,candidate,RPS6KB1,11750648_x_at,7,6.699760593750001,1,highest outer-training mean; exact ties by lexicographic probe ID
4,4,candidate,RPTOR,11722498_s_at,6,4.84471328125,1,highest outer-training mean; exact ties by lexicographic probe ID
4,4,candidate,SQSTM1,11756761_x_at,5,9.160953156249999,1,highest outer-training mean; exact ties by lexicographic probe ID
4,4,candidate,TAX1BP1,11752195_s_at,5,9.4247319375,1,highest outer-training mean; exact ties by lexicographic probe ID
4,4,candidate,TBK1,11717931_at,2,7.68877634375,1,highest outer-training mean; exact ties by lexicographic probe ID
4,4,candidate,TEAD1,11752086_a_at,3,5.40080409375,1,highest outer-training mean; exact ties by lexicographic probe ID
4,4,candidate,TEAD4,11733699_a_at,1,4.8291650937499995,1,highest outer-training mean; exact ties by lexicographic probe ID
4,4,candidate,TMEM173,11727044_a_at,1,6.9201394687499995,1,highest outer-training mean; exact ties by lexicographic probe ID
4,4,candidate,TNF,11721577_at,1,6.5239826875,1,highest outer-training mean; exact ties by lexicographic probe ID
4,4,candidate,TSC1,11718820_at,4,7.263651031249999,1,highest outer-training mean; exact ties by lexicographic probe ID
4,4,candidate,TSC2,11756886_a_at,2,6.1119425625,1,highest outer-training mean; exact ties by lexicographic probe ID
4,4,candidate,ULK1,11744271_a_at,1,6.4855211875,1,highest outer-training mean; exact ties by lexicographic probe ID
4,4,candidate,VCP,11745875_x_at,4,8.18746015625,1,highest outer-training mean; exact ties by lexicographic probe ID
4,4,candidate,VDAC1,11715655_s_at,1,7.554299531250001,1,highest outer-training mean; exact ties by lexicographic probe ID
4,4,candidate,VDAC2,11748509_s_at,2,9.41949496875,1,highest outer-training mean; exact ties by lexicographic probe ID
4,4,candidate,VDAC3,11754510_s_at,3,9.30289678125,1,highest outer-training mean; exact ties by lexicographic probe ID
4,4,candidate,WWTR1,11755099_a_at,3,6.7258589375,1,highest outer-training mean; exact ties by lexicographic probe ID
4,4,candidate,YAP1,11717924_a_at,8,4.58330290625,1,highest outer-training mean; exact ties by lexicographic probe ID
4,4,ma,BID,11732218_x_at,4,8.278362625,1,highest outer-training mean; exact ties by lexicographic probe ID
4,4,ma,FTH1,11757633_x_at,2,12.279476562500001,1,highest outer-training mean; exact ties by lexicographic probe ID
4,4,ma,LACTB,11721387_at,2,7.48564696875,1,highest outer-training mean; exact ties by lexicographic probe ID
4,4,ma,PDK3,11730952_a_at,1,5.8481566562500005,1,highest outer-training mean; exact ties by lexicographic probe ID
