attempt_id,n_oob_case,n_oob_control,n_unique_train,valid,invalid_reason,candidate_auc,candidate_ap,candidate_brier,ma_auc,ma_ap,ma_brier,delta_auc,delta_ap,delta_brier,candidate_best_C,ma_best_C,candidate_n_selected
0,9,4,27,True,,1.0,1.0000000000000002,0.07628844264070098,0.8055555555555556,0.8782627865961199,0.24427827887469872,0.19444444444444442,0.12173721340388033,-0.16798983623399774,21.54434690031882,0.001,11
1,13,3,24,True,,0.7435897435897436,0.9101362312900775,0.11988389768048904,0.6666666666666667,0.9177846725923648,0.24758639638203275,0.07692307692307687,-0.007648441302287368,-0.1277024987015437,10.0,0.001,8
2,13,5,22,True,,0.9076923076923077,0.962730858884705,0.09449342600283976,0.6461538461538461,0.8394593654209037,0.2455455937812583,0.2615384615384616,0.12327149346380128,-0.1510521677784185,0.46415888336127775,0.001,6
3,9,2,29,True,,0.5,0.7856701940035274,0.19080873689565367,0.4444444444444444,0.8222582972582972,0.17655184300792764,0.05555555555555558,-0.0365881032547698,0.014256893887726024,0.1,1.0,4
4,12,4,24,True,,0.6041666666666666,0.8011285011285011,0.16929558966150215,0.9166666666666666,0.9707362082362082,0.24599883556919483,-0.3125,-0.16960770710770712,-0.07670324590769267,2.154434690031882,0.001,9
5,10,4,26,True,,1.0,0.9999999999999999,0.035423007536377456,1.0,0.9999999999999999,0.2449740167904991,0.0,0.0,-0.20955100925412165,1.0,0.001,10
6,9,4,27,True,,0.75,0.7856701940035273,0.11594194800160637,1.0,1.0000000000000002,0.1319462241112433,-0.25,-0.2143298059964729,-0.016004276109636922,2.154434690031882,0.21544346900318823,10
7,7,3,30,True,,1.0,1.0,0.0016538462531791097,1.0,1.0,0.15044581055632236,0.0,0.0,-0.14879196430314326,4.6415888336127775,0.46415888336127775,8
8,9,3,28,True,,0.6666666666666667,0.7856701940035273,0.12196714816293551,0.8148148148148149,0.9436868686868689,0.1927190459584487,-0.14814814814814814,-0.15801667468334157,-0.07075189779551318,1.0,1.0,7
9,10,4,26,True,,0.95,0.9809090909090908,0.07133612928253745,0.775,0.8737698412698411,0.14593194669349366,0.17499999999999993,0.1071392496392497,-0.07459581741095621,21.54434690031882,0.46415888336127775,10
10,8,3,29,True,,0.7500000000000001,0.875545634920635,0.18371059258776723,0.8333333333333334,0.9317956349206349,0.24634180701142558,-0.08333333333333326,-0.05624999999999991,-0.06263121442365835,0.1,0.001,2
11,10,3,27,True,,1.0,0.9999999999999999,3.810085926035244e-05,0.9666666666666668,0.9909090909090909,0.24644691576200842,0.033333333333333215,0.009090909090909038,-0.24640881490274807,100.0,0.001,16
12,13,4,23,True,,1.0,1.0,0.054597696922965865,0.8846153846153846,0.9589457550996012,0.20976613602732844,0.11538461538461542,0.04105424490039877,-0.15516843910436257,1.0,0.46415888336127775,10
13,13,5,22,True,,0.9076923076923078,0.958945755099601,0.07999646408906028,0.8153846153846154,0.9300172929132204,0.19469127754010335,0.09230769230769242,0.028928462186380566,-0.11469481345104307,1.0,0.046415888336127774,8
14,13,3,24,True,,0.9487179487179488,0.9885883347421809,0.0782378517545476,0.8974358974358975,0.9774161735700198,0.14817375508954572,0.05128205128205132,0.011172161172161132,-0.06993590333499812,21.54434690031882,0.46415888336127775,11
15,7,2,31,True,,1.0,1.0,0.03780351706059766,0.8571428571428572,0.9617346938775511,0.24489286819832115,0.1428571428571428,0.03826530612244894,-0.20708935113772348,0.46415888336127775,0.001,8
16,7,2,31,True,,0.5,0.8121315192743763,0.22918481551764178,0.2857142857142857,0.7607709750566893,0.4522057464232801,0.2142857142857143,0.05136054421768699,-0.22302093090563832,0.1,2.154434690031882,5
17,12,3,25,True,,0.6111111111111112,0.8653210215710216,0.23201003144386192,0.9444444444444444,0.9880952380952382,0.16064240853030393,-0.33333333333333326,-0.1227742165242166,0.071367622913558,0.21544346900318823,0.1,5
18,10,2,28,True,,0.75,0.9430122655122654,0.10006137121097229,0.55,0.8480122655122654,0.24522315706160822,0.19999999999999996,0.09499999999999997,-0.14516178585063594,1.0,0.01,9
19,10,4,26,True,,0.95,0.9833333333333333,0.12323154189767117,0.65,0.8029292929292928,0.23360223542760364,0.29999999999999993,0.18040404040404046,-0.11037069352993246,2.154434690031882,0.046415888336127774,10
20,12,4,24,True,,0.9166666666666667,0.9752747252747251,0.1238655232413328,0.7708333333333334,0.8599888537388537,0.13572373280214825,0.14583333333333337,0.11528587153587144,-0.011858209560815444,100.0,1.0,12
21,8,4,28,True,,0.9375,0.9704861111111112,0.09698635190941303,0.9375,0.975,0.12423699625098905,0.0,-0.004513888888888817,-0.027250644341576022,10.0,1.0,12
22,8,4,28,True,,0.78125,0.8338789682539683,0.11633800376480523,0.65625,0.8385912698412699,0.24789349481265854,0.125,-0.004712301587301515,-0.1315554910478533,21.54434690031882,0.001,11
23,12,5,23,True,,0.7333333333333334,0.880417267917268,0.19827086062244997,0.6833333333333333,0.811049136049136,0.2455340891094347,0.050000000000000044,0.06936813186813207,-0.04726322848698472,0.1,0.001,6
24,12,2,26,True,,1.0,1.0,0.0717703174796704,0.9583333333333333,0.9935897435897437,0.24547888810243737,0.04166666666666674,0.0064102564102562765,-0.17370857062276696,46.41588833612773,0.001,11
25,9,3,28,True,,0.7037037037037037,0.8412257495590829,0.19470704438820208,0.888888888888889,0.9626543209876546,0.2428252059394395,-0.18518518518518523,-0.12142857142857166,-0.04811816155123741,0.1,0.001,3
26,10,3,27,True,,0.6333333333333333,0.7904365079365079,0.1319052281921455,0.4666666666666667,0.741024531024531,0.24823565432176478,0.16666666666666663,0.04941197691197685,-0.11633042612961927,0.46415888336127775,0.001,6
27,8,3,29,True,,1.0,1.0,0.007855764092934807,0.875,0.959375,0.15549772541362905,0.125,0.04062500000000002,-0.14764196132069424,21.54434690031882,0.46415888336127775,14
28,10,5,25,True,,0.64,0.7996503496503495,0.22555226101874784,0.78,0.8915190365190365,0.24426665986663573,-0.14,-0.09186868686868699,-0.018714398847887892,0.1,0.001,5
29,9,4,27,True,,0.8055555555555556,0.8969496552829888,0.12730142155905388,0.6111111111111112,0.7787477954144622,0.2469022737607069,0.19444444444444442,0.1182018598685266,-0.11960085220165301,0.46415888336127775,0.001,8
30,8,5,27,True,,0.8,0.874440836940837,0.17346951839195038,0.75,0.7972222222222223,0.24320269010224177,0.050000000000000044,0.07721861471861469,-0.06973317171029139,0.1,0.001,2
31,10,3,27,True,,0.9333333333333333,0.9809090909090908,0.07623974282919542,0.6666666666666667,0.7980122655122655,0.1009443142734982,0.2666666666666666,0.1828968253968254,-0.024704571444302784,100.0,10.0,15
32,11,4,25,True,,0.7954545454545454,0.8845566050111505,0.15502414896745664,0.8409090909090909,0.9254656959202414,0.24639170552407272,-0.045454545454545525,-0.040909090909090895,-0.09136755655661608,0.1,0.001,3
33,10,3,27,True,,0.9333333333333333,0.9809090909090908,0.09966762556878796,0.7,0.9041777666777667,0.20287539976038524,0.2333333333333334,0.07673132423132412,-0.10320777419159728,100.0,21.54434690031882,13
34,11,5,24,True,,0.7090909090909091,0.8316673225764135,0.18001397713704126,0.890909090909091,0.9406172110717566,0.2470819996517272,-0.18181818181818188,-0.10894988849534304,-0.06706802251468594,4.6415888336127775,0.001,7
35,12,3,25,True,,1.0,1.0,0.11207455576631173,0.861111111111111,0.965241702741703,0.24578676470995617,0.13888888888888895,0.034758297258297044,-0.13371220894364444,1.0,0.001,9
36,11,5,24,True,,0.9272727272727274,0.9649678604224059,0.08421418147443052,0.7818181818181817,0.8423488128033583,0.24800540545084016,0.14545454545454561,0.12261904761904763,-0.16379122397640963,4.6415888336127775,0.001,7
37,15,2,23,True,,1.0,1.0,0.009345945748693227,1.0,1.0,0.17962330114698724,0.0,0.0,-0.17027735539829403,21.54434690031882,10.0,10
38,10,3,27,True,,1.0,0.9999999999999999,0.178802381264145,1.0,0.9999999999999999,0.19724099791613683,0.0,0.0,-0.01843861665199184,0.1,0.021544346900318832,3
39,9,3,28,True,,0.6666666666666667,0.7856701940035273,0.2047904494929731,0.7037037037037037,0.9094356261022929,0.24706863404044774,-0.03703703703703698,-0.12376543209876556,-0.042278184547474645,0.1,0.001,2
40,9,4,27,True,,0.9444444444444444,0.9765432098765434,0.10507910572681979,0.75,0.8321348404681739,0.17720119997467196,0.19444444444444442,0.14440836940836954,-0.07212209424785217,21.54434690031882,0.46415888336127775,7
41,10,4,26,True,,0.75,0.8404365079365078,0.14421951674525774,0.825,0.9290262515262514,0.24660619441117634,-0.07499999999999996,-0.08858974358974359,-0.10238667766591861,0.21544346900318823,0.001,5
42,10,4,26,True,,0.775,0.8480122655122654,0.21217397421841544,0.875,0.9430122655122654,0.24399375954753572,-0.09999999999999998,-0.09499999999999997,-0.031819785329120276,100.0,0.001,16
43,10,4,26,True,,0.775,0.8480122655122654,0.15154621756613745,0.725,0.8566991341991341,0.24305725341135467,0.050000000000000044,-0.008686868686868743,-0.09151103584521722,0.21544346900318823,0.001,3
44,10,5,25,True,,0.72,0.8361979686979686,0.18364551873738885,0.52,0.7218939393939393,0.24812828166037929,0.19999999999999996,0.11430402930402928,-0.06448276292299043,0.46415888336127775,0.001,5
45,9,3,28,True,,0.8148148148148149,0.9282627865961202,0.10874919609967991,0.7037037037037037,0.8412257495590829,0.2553159447162621,0.11111111111111116,0.08703703703703725,-0.1465667486165822,100.0,100.0,11
46,14,3,23,True,,0.6190476190476191,0.825823779395208,0.22204745862542669,0.3571428571428572,0.771005494272301,0.24922039283650838,0.26190476190476186,0.054818285122906985,-0.02717293421108169,0.1,0.001,4
47,12,2,26,True,,1.0,1.0,0.07520895613694216,1.0,1.0,0.20080654931426375,0.0,0.0,-0.1255975931773216,4.6415888336127775,0.46415888336127775,12
48,12,3,25,True,,0.9166666666666667,0.9790695415695417,0.08881446848001019,0.6666666666666667,0.8775102212602213,0.24777733093772933,0.25,0.10155932030932047,-0.15896286245771912,0.46415888336127775,0.001,5
50,8,3,29,True,,0.7083333333333334,0.8338789682539683,0.17017900632118976,0.75,0.9202741702741704,0.2138222982980067,-0.04166666666666663,-0.08639520202020201,-0.043643291976816934,0.1,10.0,2
51,10,4,26,True,,1.0,0.9999999999999999,0.015350029342467871,1.0,0.9999999999999999,0.24544710440608458,0.0,0.0,-0.2300970750636167,100.0,0.001,14
52,10,3,27,True,,0.9666666666666668,0.9909090909090909,0.06860800330430022,0.9,0.9697979797979798,0.2464131145051542,0.06666666666666676,0.02111111111111108,-0.177805111200854,21.54434690031882,0.001,12
53,9,4,27,True,,0.75,0.7856701940035273,0.206642978460987,1.0,1.0000000000000002,0.184424248288155,-0.25,-0.2143298059964729,0.02221873017283199,0.1,0.021544346900318832,4
54,7,4,29,True,,0.75,0.7545918367346939,0.13208638411428184,0.9285714285714286,0.9617346938775508,0.10759022503935273,-0.1785714285714286,-0.20714285714285696,0.024496159074929108,0.46415888336127775,1.0,8
55,14,5,21,True,,0.6857142857142857,0.8001333109001175,0.20093710696189035,0.7142857142857143,0.891611644657863,0.24928807949424533,-0.02857142857142858,-0.0914783337577455,-0.048350972532354985,0.1,10.0,3
56,10,3,27,True,,0.9666666666666668,0.9909090909090909,0.12356097096200905,0.6000000000000001,0.8469769119769119,0.24686655885673148,0.3666666666666667,0.1439321789321789,-0.12330558789472243,2.154434690031882,0.001,10
57,13,5,22,True,,0.8,0.826802897956744,0.1875176741882116,0.9384615384615385,0.9774161735700198,0.24635539030431522,-0.1384615384615384,-0.15061327561327575,-0.05883771611610361,0.1,0.001,1
58,11,4,25,True,,0.7272727272727273,0.8409562659562658,0.1659035249869373,0.7954545454545454,0.9198818857909767,0.21599433496620427,-0.06818181818181812,-0.07892561983471091,-0.05009080997926696,0.21544346900318823,0.46415888336127775,3
59,11,2,27,True,,1.0,1.0,0.002353955911796419,1.0,1.0,0.24524148698463788,0.0,0.0,-0.24288753107284147,4.6415888336127775,0.001,10
60,10,4,26,True,,0.775,0.8480122655122654,0.11435720321568486,0.95,0.9833333333333333,0.18987008677323616,-0.17499999999999993,-0.1353210678210679,-0.0755128835575513,46.41588833612773,0.046415888336127774,8
61,13,3,24,True,,0.7435897435897436,0.9101362312900775,0.11283966990992382,0.7179487179487181,0.8909054620593082,0.15691328244026828,0.02564102564102555,0.019230769230769273,-0.04407361253034446,0.46415888336127775,0.46415888336127775,5
62,10,3,27,True,,1.0,0.9999999999999999,0.03142618540254794,1.0,0.9999999999999999,0.24297266371690215,0.0,0.0,-0.21154647831435422,4.6415888336127775,0.001,13
63,11,3,26,True,,0.7272727272727273,0.9008736213281667,0.2307239579891481,0.7575757575757577,0.9072838777384231,0.24735471992802888,-0.030303030303030387,-0.0064102564102563875,-0.016630761938880773,0.1,0.001,3
64,11,3,26,True,,0.696969696969697,0.85425357470812,0.19710499175402335,0.6666666666666667,0.8087990292535745,0.13737258957091303,0.030303030303030276,0.045454545454545525,0.05973240218311032,0.1,4.6415888336127775,3
65,13,4,23,True,,0.7884615384615384,0.8909054620593082,0.09431430392218376,0.9423076923076923,0.9821780783319245,0.24268441800204651,-0.15384615384615385,-0.09127261627261629,-0.14837011407986275,0.46415888336127775,0.001,6
66,10,4,26,True,,0.725,0.7904365079365079,0.13534407486515498,0.975,0.9909090909090909,0.24671288317765225,-0.25,-0.20047258297258297,-0.11136880831249726,0.46415888336127775,0.001,5
67,11,4,25,True,,0.75,0.8966495625586535,0.1771762893150886,0.8636363636363636,0.9406172110717566,0.2450414223660129,-0.11363636363636365,-0.043967648513103086,-0.06786513305092429,0.1,0.001,3
68,12,3,25,True,,0.7222222222222222,0.9031054593554594,0.15782256939650938,0.41666666666666674,0.8079966329966332,0.29252534153805926,0.30555555555555547,0.09510882635882623,-0.13470277214154988,0.21544346900318823,10.0,5
69,8,3,29,True,,1.0,1.0,0.07823929842399933,0.9583333333333334,0.9861111111111112,0.12395597706044253,0.04166666666666663,0.01388888888888884,-0.0457166786364432,100.0,0.46415888336127775,14
70,10,3,27,True,,1.0,0.9999999999999999,0.006906006359823234,1.0,0.9999999999999999,0.24453130842457774,0.0,0.0,-0.2376253020647545,4.6415888336127775,0.001,14
71,11,4,25,True,,0.75,0.8087990292535747,0.10058416413516272,0.9772727272727273,0.9924242424242424,0.13636857780852504,-0.2272727272727273,-0.1836252131706677,-0.035784413673362325,21.54434690031882,0.21544346900318823,10
72,11,4,25,True,,0.8409090909090908,0.9342069546615002,0.1275571832367328,0.6818181818181819,0.7880637039727947,0.19069452438394177,0.15909090909090895,0.14614325068870548,-0.06313734114720898,10.0,21.54434690031882,10
73,15,4,21,True,,0.95,0.9866269841269841,0.07325433683235427,0.75,0.8898958448958448,0.24482666090601302,0.19999999999999996,0.0967311392311393,-0.17157232407365874,100.0,0.001,21
74,12,3,25,True,,0.5833333333333334,0.8354869667369668,0.21705808994393505,0.6111111111111112,0.8069516132016131,0.20870527631404717,-0.02777777777777779,0.028535353535353636,0.008352813629887879,0.1,0.1,3
75,8,2,30,True,,0.75,0.9317956349206349,0.10590108415559148,0.75,0.9317956349206349,0.2463753731650431,0.0,0.0,-0.14047428900945164,21.54434690031882,0.001,16
76,8,4,28,True,,1.0,1.0,0.004240590126346198,1.0,1.0,0.14773196657109183,0.0,0.0,-0.14349137644474563,21.54434690031882,0.046415888336127774,14
77,11,2,27,True,,0.9545454545454546,0.9924242424242424,0.10883940471765885,0.5454545454545454,0.85425357470812,0.17790319673283447,0.40909090909090917,0.1381706677161224,-0.06906379201517562,46.41588833612773,1.0,14
78,11,4,25,True,,1.0,1.0,0.032637195960797234,0.9318181818181819,0.9750688705234161,0.07900958098670222,0.06818181818181812,0.024931129476583935,-0.04637238502590498,1.0,21.54434690031882,9
79,15,3,22,True,,0.688888888888889,0.874618067118067,0.18411910632367065,0.9555555555555556,0.9921568627450981,0.24475368248204232,-0.2666666666666666,-0.11753879562703107,-0.06063457615837167,0.1,0.001,3
80,10,3,27,True,,0.8666666666666667,0.9622222222222222,0.1471883484953985,0.7000000000000001,0.8480122655122654,0.16829486820441847,0.16666666666666663,0.11420995670995682,-0.021106519709019972,46.41588833612773,1.0,11
81,9,3,28,True,,0.8148148148148149,0.9282627865961202,0.12709243977624282,0.7777777777777778,0.9191718775052109,0.24545185003507689,0.03703703703703709,0.00909090909090926,-0.11835941025883406,10.0,0.001,10
82,11,3,26,True,,0.6666666666666667,0.8966495625586535,0.23609444986939213,0.5757575757575758,0.7880637039727947,0.20557388159303677,0.09090909090909094,0.10858585858585879,0.030520568276355353,0.1,100.0,3
83,12,4,24,True,,0.75,0.8763960576460577,0.13538261749858857,0.8125,0.9288991101491101,0.24617402213109513,-0.0625,-0.05250305250305243,-0.11079140463250656,0.46415888336127775,0.001,7
84,11,4,25,True,,1.0,1.0,0.0689147622789264,0.8863636363636364,0.9631641086186542,0.24443985680258526,0.11363636363636365,0.0368358913813458,-0.17552509452365886,100.0,0.001,13
85,10,3,27,True,,1.0,0.9999999999999999,0.03342428782056605,0.9666666666666668,0.9909090909090909,0.2425142569936254,0.033333333333333215,0.009090909090909038,-0.20908996917305933,100.0,0.001,18
86,9,2,29,True,,1.0,1.0000000000000002,0.0010492621170704226,0.9444444444444444,0.9888888888888889,0.16693680143471348,0.05555555555555558,0.011111111111111294,-0.16588753931764305,10.0,0.21544346900318823,12
87,11,2,27,True,,0.5,0.8087990292535745,0.17082726141363394,0.5454545454545454,0.878146348600894,0.26052785356981845,-0.045454545454545414,-0.06934731934731952,-0.0897005921561845,0.21544346900318823,0.01,6
88,10,4,26,True,,0.725,0.8322546897546897,0.14045762583857027,0.65,0.8029292929292928,0.24526585901687173,0.07499999999999996,0.02932539682539692,-0.10480823317830146,21.54434690031882,0.001,8
89,11,4,25,True,,0.7727272727272727,0.8542535747081202,0.10533524254134957,0.6590909090909091,0.8165990575081484,0.2439982550605984,0.11363636363636365,0.037654517199971815,-0.13866301251924884,1.0,0.001,7
90,9,2,29,True,,0.8888888888888888,0.9765432098765434,0.12260954645642741,0.5,0.8592953342953344,0.2478852414855391,0.38888888888888884,0.11724787558120897,-0.12527569502911168,21.54434690031882,0.001,13
91,13,4,23,True,,0.8269230769230769,0.9394966144966146,0.12079399173285767,0.7884615384615384,0.8909054620593082,0.12562864535880006,0.038461538461538436,0.048591152437306384,-0.0048346536259423895,21.54434690031882,0.21544346900318823,9
92,11,4,25,True,,0.75,0.8992358651449561,0.2067670698735672,0.7045454545454546,0.87807091898001,0.22455793099007734,0.045454545454545414,0.02116494616494613,-0.017790861116510154,0.1,0.021544346900318832,2
93,12,3,25,True,,0.6666666666666667,0.818322187072187,0.13100669442484877,0.7222222222222222,0.9265583953083955,0.2452355412802124,-0.05555555555555547,-0.1082362082362085,-0.11422884685536364,0.21544346900318823,0.001,6
94,13,3,24,True,,1.0,1.0,0.008461713341508439,0.8974358974358975,0.9751850713389175,0.2455970548516923,0.10256410256410253,0.02481492866108248,-0.23713534151018387,46.41588833612773,0.001,9
95,12,4,24,True,,0.6875,0.855857337107337,0.17570491836935753,0.8125,0.9085999648499649,0.2475252941857529,-0.125,-0.052742627742627834,-0.07182037581639536,0.21544346900318823,0.001,3
96,9,5,26,True,,0.7777777777777778,0.848492865159532,0.18994551559028397,0.6888888888888889,0.8093745760412427,0.2454846023593134,0.0888888888888889,0.039118289118289296,-0.05553908676902944,0.21544346900318823,0.001,7
97,10,3,27,True,,0.7333333333333334,0.8813455988455987,0.13198620283919646,0.8333333333333334,0.9540404040404039,0.2431390576778821,-0.09999999999999998,-0.0726948051948052,-0.11115285483868564,0.46415888336127775,0.001,6
98,13,2,25,True,,1.0,0.9999999999999998,0.027803075621760667,0.8461538461538463,0.9774161735700195,0.24515505786382602,0.15384615384615374,0.022583826429980247,-0.21735198224206537,21.54434690031882,0.001,9
99,11,2,27,True,,1.0,1.0,0.05609562824300497,0.7727272727272727,0.9536042240587697,0.3079507533929228,0.2272727272727273,0.046395775941230344,-0.25185512514991787,1.0,100.0,10
100,13,5,22,True,,0.7230769230769232,0.869545732045732,0.1899695205570141,0.6923076923076923,0.8679170188785572,0.20028742439335623,0.030769230769230882,0.0016287131671748334,-0.010317903836342124,0.1,0.021544346900318832,2
101,13,3,24,True,,0.7435897435897436,0.9101362312900775,0.06645118843345828,0.8205128205128205,0.9576590076590077,0.24188534170337328,-0.07692307692307687,-0.04752277636893021,-0.17543415326991502,4.6415888336127775,0.001,11
102,11,2,27,True,,0.7272727272727273,0.9406172110717566,0.1129309613411147,0.5,0.8087990292535745,0.10420348749705469,0.2272727272727273,0.13181818181818206,0.008727473844060016,0.46415888336127775,46.41588833612773,5
103,10,3,27,True,,0.6666666666666667,0.7980122655122655,0.19722950912578296,0.9333333333333333,0.9833333333333333,0.2086797689819148,-0.2666666666666666,-0.18532106782106783,-0.011450259856131823,0.21544346900318823,0.021544346900318832,4
104,10,5,25,True,,0.78,0.7904365079365079,0.13282984454144053,0.6,0.7007864357864357,0.2056735034565951,0.18000000000000005,0.08965007215007215,-0.07284365891515457,100.0,1.0,11
105,8,4,28,True,,0.84375,0.906795634920635,0.1503034172534561,0.59375,0.7708333333333334,0.3397930902395039,0.25,0.1359623015873016,-0.18948967298604777,0.1,21.54434690031882,1
106,10,4,26,True,,0.8,0.8987698412698412,0.13102633442785944,0.6,0.824119769119769,0.24988823603840982,0.20000000000000007,0.07465007215007213,-0.11886190161055038,0.46415888336127775,0.001,7
107,13,4,23,True,,0.6538461538461539,0.8752633050709975,0.23534589220237792,0.8653846153846154,0.9541838503376965,0.24764396680166398,-0.21153846153846156,-0.078920545266699,-0.012298074599286057,0.1,0.001,3
108,10,3,27,True,,0.8333333333333334,0.9430122655122654,0.08513297585008622,0.8333333333333334,0.9430122655122654,0.24477641761876937,0.0,0.0,-0.15964344176868314,0.46415888336127775,0.001,9
109,11,2,27,True,,1.0,1.0,0.18497051860651595,1.0,1.0,0.24278876575120997,0.0,0.0,-0.057818247144694024,0.1,0.001,4
110,11,4,25,True,,0.7727272727272727,0.8542535747081202,0.06920794892010858,0.9318181818181819,0.9750688705234161,0.16156391053712318,-0.15909090909090917,-0.12081529581529582,-0.0923559616170146,2.154434690031882,0.1,10
111,15,3,22,True,,0.7777777777777779,0.9379514004514004,0.06536689181649182,0.9777777777777779,0.9958333333333333,0.24502738866247212,-0.19999999999999996,-0.057881932881932996,-0.1796604968459803,4.6415888336127775,0.001,7
112,11,4,25,True,,0.8409090909090908,0.9342069546615002,0.15336257575492457,0.7045454545454546,0.8583267742358651,0.18278458147510182,0.13636363636363624,0.07588018042563505,-0.029422005720177252,0.21544346900318823,0.21544346900318823,4
113,11,3,26,True,,1.0,1.0,0.058459344809088605,0.9393939393939393,0.986013986013986,0.10837496360997367,0.06060606060606066,0.013986013986013957,-0.04991561880088507,0.46415888336127775,2.154434690031882,6
114,10,4,26,True,,0.75,0.7980122655122655,0.1852956318622763,1.0,0.9999999999999999,0.242988379519461,-0.25,-0.20198773448773444,-0.05769274765718471,0.1,0.001,3
115,8,4,28,True,,1.0,1.0,0.04923047267174715,0.78125,0.8338789682539683,0.18227820494784827,0.21875,0.16612103174603166,-0.13304773227610112,10.0,0.046415888336127774,8
116,12,2,26,True,,1.0,1.0,0.0017263469083261922,0.25,0.8110491360491361,0.38626352231687516,0.75,0.1889508639508639,-0.384537175408549,46.41588833612773,46.41588833612773,12
118,12,3,25,True,,0.7500000000000001,0.9085999648499649,0.11919558132074609,0.8055555555555556,0.9455657768157769,0.2445211425550932,-0.05555555555555547,-0.036965811965812057,-0.1253255612343471,10.0,0.001,9
119,11,3,26,True,,0.7272727272727273,0.8845566050111504,0.15633466622814648,0.7878787878787878,0.9461760461760462,0.17682882121965254,-0.06060606060606055,-0.061619441164895816,-0.02049415499150606,0.1,46.41588833612773,3
120,12,4,24,True,,0.7708333333333334,0.8599888537388537,0.12334804009062054,0.6666666666666666,0.8477554852554852,0.24485443248415134,0.10416666666666674,0.012233368483368534,-0.1215063923935308,21.54434690031882,0.001,7
121,13,3,24,True,,1.0,1.0,0.013983983383537305,1.0,1.0,0.13477452969768686,0.0,0.0,-0.12079054631414955,1.0,0.46415888336127775,8
122,11,4,25,True,,1.0,1.0,0.03909852740086719,0.9545454545454546,0.986013986013986,0.1843536803735211,0.045454545454545414,0.013986013986013957,-0.1452551529726539,0.46415888336127775,0.046415888336127774,6
123,9,5,26,True,,0.8444444444444444,0.8782627865961201,0.12263858057486318,0.8,0.8865881032547702,0.24572022992429626,0.0444444444444444,-0.008325316658650106,-0.12308164934943308,1.0,0.001,11
124,9,3,28,True,,0.925925925925926,0.9765432098765434,0.0817291428236869,0.8518518518518519,0.9467813051146385,0.2456407697779647,0.07407407407407418,0.029761904761904878,-0.1639116269542778,10.0,0.001,8
125,6,4,30,True,,0.7916666666666666,0.8178571428571427,0.12082647766223975,0.75,0.8634920634920634,0.24554587004424352,0.04166666666666663,-0.045634920634920695,-0.12471939238200377,1.0,0.001,9
126,14,4,22,True,,1.0,1.0,0.025133193919924423,0.9464285714285714,0.9846415489272632,0.13162298315483578,0.0535714285714286,0.015358451072736812,-0.10648978923491136,46.41588833612773,0.46415888336127775,11
127,12,3,25,True,,1.0,1.0,0.04656640359146281,0.5555555555555556,0.830725061975062,0.30290147077260055,0.4444444444444444,0.16927493802493798,-0.25633506718113774,1.0,100.0,11
128,11,3,26,True,,1.0,1.0,0.1726332015253007,0.8787878787878789,0.9649678604224059,0.24486580413818565,0.1212121212121211,0.0350321395775941,-0.07223260261288494,0.1,0.001,4
129,14,2,24,True,,1.0,1.0,0.009273832805443668,1.0,1.0,0.24627645632690956,0.0,0.0,-0.2370026235214659,2.154434690031882,0.001,12
130,10,4,26,True,,0.8,0.8813455988455987,0.16219748039827445,0.9,0.9572979797979798,0.2436295769408055,-0.09999999999999998,-0.0759523809523811,-0.08143209654253106,0.1,0.001,3
132,10,3,27,True,,1.0,0.9999999999999999,0.1666375860751656,0.9666666666666668,0.9909090909090909,0.2430005631356707,0.033333333333333215,0.009090909090909038,-0.0763629770605051,0.1,0.001,2
133,10,4,26,True,,0.925,0.9697979797979798,0.07804236909791477,0.825,0.9063455988455987,0.2429534890051254,0.10000000000000009,0.06345238095238104,-0.16491111990721063,100.0,0.001,15
134,12,3,25,True,,1.0,1.0,0.007225535056549571,1.0,1.0,0.24641821895832003,0.0,0.0,-0.23919268390177045,100.0,0.001,13
135,9,3,28,True,,1.0,1.0000000000000002,0.020666082592409613,1.0,1.0000000000000002,0.24436842171803086,0.0,0.0,-0.22370233912562124,100.0,0.001,15
136,10,2,28,True,,0.5,0.7980122655122655,0.2054439517573687,0.75,0.9430122655122654,0.24718341109998046,-0.25,-0.1449999999999999,-0.04173945934261175,0.1,0.001,5
138,8,4,28,True,,0.75,0.8227678571428572,0.1755854249733334,0.71875,0.7602678571428572,0.17009121879758723,0.03125,0.0625,0.005494206175746169,0.21544346900318823,1.0,4
139,7,3,30,True,,0.9047619047619048,0.9682539682539681,0.19177629761518927,0.9523809523809524,0.982142857142857,0.24551443809609727,-0.04761904761904767,-0.01388888888888884,-0.053738140480908,0.1,0.001,3
140,11,3,26,True,,1.0,1.0,0.03265533038132301,1.0,1.0,0.1276021779530606,0.0,0.0,-0.0949468475717376,100.0,0.21544346900318823,14
141,10,3,27,True,,0.9333333333333333,0.9809090909090908,0.08983856437810912,0.5666666666666667,0.8362626262626262,0.24699907617092476,0.3666666666666667,0.1446464646464647,-0.15716051179281565,10.0,0.001,9
142,11,4,25,True,,0.75,0.8087990292535747,0.0899591784770011,0.9772727272727273,0.9924242424242424,0.17702890623919715,-0.2272727272727273,-0.1836252131706677,-0.08706972776219604,1.0,0.046415888336127774,7
143,12,4,24,True,,1.0,1.0,0.06601086078179574,0.7708333333333334,0.8599888537388537,0.11008205079346546,0.22916666666666663,0.1400111462611463,-0.04407119001166972,21.54434690031882,1.0,10
144,10,4,26,True,,0.975,0.9909090909090909,0.06678904275076152,0.725,0.7904365079365079,0.1438099539415116,0.25,0.20047258297258297,-0.0770209111907501,100.0,1.0,12
145,9,2,29,True,,0.7222222222222222,0.9282627865961202,0.13674747926772637,0.6111111111111112,0.8782627865961201,0.245334360647969,0.11111111111111105,0.050000000000000044,-0.10858688138024264,0.46415888336127775,0.001,7
146,9,3,28,True,,0.8518518518518519,0.9467813051146385,0.10429487163390733,0.6666666666666667,0.7856701940035273,0.24101220611679977,0.18518518518518512,0.1611111111111112,-0.13671733448289244,46.41588833612773,4.6415888336127775,13
147,10,3,27,True,,1.0,0.9999999999999999,0.012807727249356362,0.8666666666666667,0.9669230769230769,0.24870126043942642,0.1333333333333333,0.033076923076923004,-0.23589353319007006,10.0,0.001,10
148,12,4,24,True,,0.7916666666666666,0.9150102212602211,0.1916930582685621,0.625,0.7854980667480667,0.2040534469767951,0.16666666666666663,0.12951215451215448,-0.012360388708233,0.1,4.6415888336127775,5
149,13,4,23,True,,0.8461538461538461,0.9383413594952057,0.09332537052578636,0.8461538461538461,0.9500171836710298,0.24697208941053492,0.0,-0.011675824175824134,-0.15364671888474857,0.46415888336127775,0.001,5
150,9,5,26,True,,0.9333333333333333,0.9626543209876546,0.07163470761251846,0.7333333333333333,0.843562610229277,0.19138253359204965,0.20000000000000007,0.11909171075837754,-0.1197478259795312,21.54434690031882,1.0,11
151,10,4,26,True,,1.0,0.9999999999999999,0.039869203339130424,0.625,0.8264757464757464,0.32945903162318585,0.375,0.1735242535242535,-0.28958982828405544,100.0,46.41588833612773,14
152,9,3,28,True,,0.925925925925926,0.9765432098765434,0.137526776690168,0.5925925925925927,0.7690035273368607,0.2307721769910892,0.33333333333333337,0.2075396825396827,-0.09324540030092121,21.54434690031882,0.46415888336127775,11
153,13,4,23,True,,0.7692307692307692,0.9003024753024753,0.21107109109302258,0.75,0.8268028979567441,0.13126824025320297,0.019230769230769162,0.0734995773457312,0.07980285083981961,0.1,46.41588833612773,3
154,11,4,25,True,,0.75,0.8087990292535747,0.14992011826266272,0.6590909090909091,0.837161828070919,0.2436538324658674,0.09090909090909094,-0.02836279881734427,-0.09373371420320467,0.21544346900318823,0.001,6
156,7,3,30,True,,0.761904761904762,0.8736394557823128,0.1761373578858556,0.6666666666666667,0.8444444444444443,0.26066863313208966,0.09523809523809523,0.029195011337868504,-0.08453127524623405,0.1,2.154434690031882,2
157,14,6,20,True,,0.8928571428571429,0.9538610199324484,0.11226542701578635,0.8571428571428572,0.9333703994418279,0.24602137005667685,0.0357142857142857,0.02049062049062056,-0.1337559430408905,0.21544346900318823,0.001,6
158,10,5,25,True,,0.8800000000000001,0.9263455988455987,0.1256043573021298,0.9400000000000001,0.9769230769230769,0.14209631875710124,-0.05999999999999994,-0.050577478077478144,-0.01649196145497145,100.0,1.0,12
159,12,3,25,True,,0.8333333333333334,0.9510602823102824,0.10473494833769038,0.6944444444444445,0.8599888537388537,0.24555303146867494,0.13888888888888884,0.09107142857142869,-0.14081808313098454,1.0,0.001,5
160,11,3,26,True,,1.0,1.0,0.1740844211278127,1.0,1.0,0.2472850285314024,0.0,0.0,-0.07320060740358972,0.1,0.001,4
161,10,3,27,True,,0.6666666666666667,0.8404365079365078,0.16347349452898025,0.3666666666666667,0.7877455877455877,0.2503493198819911,0.30000000000000004,0.05269092019092014,-0.08687582535301086,0.21544346900318823,0.001,6
162,7,4,29,True,,0.8214285714285714,0.8736394557823128,0.12666279641204545,0.5714285714285714,0.6679138321995465,0.23275072963108104,0.25,0.20572562358276636,-0.10608793321903559,0.21544346900318823,10.0,5
163,13,3,24,True,,0.7179487179487181,0.9053743265281727,0.18584147395899459,0.8717948717948718,0.9674927636466099,0.24370762230525347,-0.15384615384615374,-0.06211843711843712,-0.05786614834625889,0.1,0.001,2
164,11,3,26,True,,0.696969696969697,0.85425357470812,0.1989940322357619,0.8181818181818182,0.9406172110717566,0.24448485726740543,-0.12121212121212122,-0.08636363636363653,-0.045490825031643534,0.1,0.001,5
165,10,4,26,True,,1.0,0.9999999999999999,0.01435192426246323,0.925,0.9769230769230769,0.24436560229136153,0.07499999999999996,0.023076923076922995,-0.2300136780288983,10.0,0.001,13
166,12,4,24,True,,1.0,1.0,0.02384340857041833,0.9375,0.9790695415695415,0.24478499809053697,0.0625,0.020930458430458487,-0.22094158952011864,10.0,0.001,10
167,10,4,26,True,,0.925,0.9697979797979798,0.09697430756184207,0.775,0.8480122655122654,0.16858529078171164,0.15000000000000002,0.12178571428571439,-0.07161098321986957,21.54434690031882,2.154434690031882,8
168,8,3,29,True,,0.7083333333333333,0.8644345238095238,0.22369249463087434,0.6666666666666667,0.8802579365079365,0.24643963554775608,0.04166666666666652,-0.015823412698412698,-0.022747140916881736,0.21544346900318823,0.001,6
169,9,3,28,True,,0.962962962962963,0.9888888888888892,0.08137754321029585,0.7407407407407408,0.8782627865961199,0.09227614096072222,0.2222222222222222,0.11062610229276926,-0.01089859775042637,46.41588833612773,100.0,13
170,10,5,25,True,,0.74,0.7733658008658009,0.13934846982412147,0.76,0.8502888777888777,0.17748042920390042,-0.020000000000000018,-0.07692307692307687,-0.03813195937977895,0.21544346900318823,0.046415888336127774,5
171,13,3,24,True,,1.0,1.0,0.04711369081008397,0.9743589743589745,0.9945054945054945,0.12468364881363783,0.02564102564102555,0.005494505494505475,-0.07756995800355386,0.46415888336127775,0.46415888336127775,7
172,9,4,27,True,,0.8333333333333334,0.9060405643738978,0.14240791591583052,0.6944444444444444,0.8114558281224948,0.24464557851264393,0.13888888888888895,0.09458473625140296,-0.10223766259681341,2.154434690031882,0.001,8
173,10,5,25,True,,0.72,0.8360245310245309,0.134189102433372,0.86,0.9272546897546897,0.2463182237882918,-0.14,-0.09123015873015883,-0.11212912135491979,0.46415888336127775,0.001,6
174,12,5,23,True,,0.8833333333333333,0.9546037296037296,0.13794744491017433,0.7,0.8388269138269139,0.24464476422771947,0.18333333333333335,0.11577681577681576,-0.10669731931754514,0.21544346900318823,0.001,7
175,11,2,27,True,,1.0,1.0,0.18778972022546314,0.6363636363636364,0.9072838777384231,0.24303945680103764,0.36363636363636365,0.09271612226157688,-0.0552497365755745,0.1,0.001,2
176,9,6,25,True,,0.8518518518518519,0.8412257495590829,0.17839098954333332,0.7407407407407408,0.7307679974346641,0.22799652957391914,0.11111111111111105,0.11045775212441877,-0.049605540030585815,0.1,10.0,3
177,12,4,24,True,,0.7291666666666666,0.8128276815776816,0.2365030883658499,0.8541666666666666,0.9563131313131313,0.2465643642198174,-0.125,-0.14348544973544974,-0.010061275853967488,0.1,0.001,1
178,12,3,25,True,,1.0,1.0,0.007783351476948376,0.9722222222222223,0.9935897435897437,0.24318502213277685,0.02777777777777768,0.0064102564102562765,-0.23540167065582848,100.0,0.001,19
179,8,5,27,True,,0.825,0.8644345238095238,0.14284384139923254,0.8500000000000001,0.9248511904761905,0.24458820921389657,-0.025000000000000133,-0.060416666666666674,-0.10174436781466403,0.46415888336127775,0.001,6
180,10,3,27,True,,0.6,0.8655666555666556,0.22198913580846663,0.8333333333333334,0.9497222222222222,0.24661622106169864,-0.2333333333333334,-0.08415556665556667,-0.02462708525323201,0.1,0.001,4
181,12,3,25,True,,1.0,1.0,0.004166089424919591,1.0,1.0,0.18814766787445647,0.0,0.0,-0.1839815784495369,100.0,0.021544346900318832,14
182,10,4,26,True,,0.675,0.7758444333444334,0.20385045186011475,0.85,0.9263455988455987,0.24394856591549394,-0.17499999999999993,-0.15050116550116532,-0.04009811405537919,10.0,0.001,10
183,12,3,25,True,,0.6944444444444444,0.9091341528841529,0.18677479096176391,0.7777777777777778,0.9408038720538722,0.2470011007825573,-0.08333333333333337,-0.03166971916971928,-0.06022630982079338,46.41588833612773,0.001,12
184,12,2,26,True,,1.0,1.0,0.12745010196618434,0.9583333333333333,0.9935897435897437,0.24595639492808025,0.04166666666666674,0.0064102564102562765,-0.11850629296189591,100.0,0.001,13
185,10,2,28,True,,0.55,0.8737698412698411,0.20803705889539803,0.75,0.9430122655122654,0.24691899719019994,-0.19999999999999996,-0.06924242424242422,-0.03888193829480191,0.1,0.001,3
186,10,4,26,True,,0.75,0.7980122655122655,0.2169987118519021,0.9,0.9622222222222222,0.14670553761506405,-0.15000000000000002,-0.16420995670995675,0.07029317423683804,0.1,4.6415888336127775,1
187,12,3,25,True,,0.6666666666666667,0.818322187072187,0.2129388872915713,0.8333333333333334,0.9559824434824437,0.17040302168805335,-0.16666666666666663,-0.1376602564102567,0.042535865603517936,0.1,0.1,2
188,13,3,24,True,,0.6923076923076923,0.8861435572974035,0.15340363524923858,0.5128205128205128,0.8646147655763041,0.2455425106249692,0.17948717948717952,0.02152879172109934,-0.09213887537573062,0.21544346900318823,0.001,5
189,9,4,27,True,,0.7777777777777778,0.8984928651595319,0.142494093178746,0.8888888888888888,0.9598765432098768,0.13715759682313078,-0.11111111111111105,-0.06138367805034495,0.005336496355615228,0.21544346900318823,0.46415888336127775,3
190,11,2,27,True,,1.0,1.0,0.20766452288769496,1.0,1.0,0.24537335124599594,0.0,0.0,-0.03770882835830097,0.1,0.001,1
192,13,3,24,True,,0.6666666666666667,0.8268028979567441,0.18340053281782437,1.0,1.0,0.24608916695351857,-0.33333333333333326,-0.1731971020432559,-0.0626886341356942,0.1,0.001,2
193,11,3,26,True,,0.6666666666666667,0.8087990292535745,0.19329137175367705,0.7272727272727273,0.9306572215663125,0.18383302877019142,-0.06060606060606055,-0.12185819231273798,0.009458342983485635,0.1,0.21544346900318823,2
194,7,4,29,True,,0.75,0.7545918367346939,0.18174415326123894,0.6071428571428572,0.7496598639455783,0.2442830102534651,0.1428571428571428,0.004931972789115613,-0.06253885699222617,0.1,0.001,2
195,10,3,27,True,,0.6000000000000001,0.7822546897546898,0.18097587621995492,0.6000000000000001,0.7822546897546898,0.15254207057803157,0.0,0.0,0.028433805641923354,0.1,10.0,2
196,12,3,25,True,,0.9444444444444445,0.9866452991452993,0.05728033036396187,0.6666666666666667,0.818322187072187,0.19278862379855422,0.2777777777777778,0.16832311207311235,-0.13550829343459234,2.154434690031882,0.021544346900318832,9
197,11,4,25,True,,1.0,1.0,0.17982168175337632,0.9318181818181819,0.9777495232040687,0.2205217796792723,0.06818181818181812,0.022250476795931284,-0.04070009792589599,0.1,0.01,4
198,11,4,25,True,,0.9090909090909091,0.9649678604224059,0.09705244262962784,0.7045454545454546,0.8557404716495626,0.21784610735063478,0.20454545454545447,0.10922738877284333,-0.12079366472100694,1.0,0.46415888336127775,8
199,12,2,26,True,,0.5833333333333334,0.8877666315166315,0.11849879023782184,0.9583333333333333,0.9935897435897437,0.24572544342785968,-0.3749999999999999,-0.10582311207311224,-0.12722665319003784,0.21544346900318823,0.001,5
200,9,4,27,True,,0.9722222222222222,0.9888888888888892,0.09226590964922542,0.9166666666666666,0.9674523007856344,0.24389215290417235,0.05555555555555558,0.021436588103254772,-0.15162624325494695,1.0,0.001,11
201,11,2,27,True,,1.0,1.0,0.18650064314903844,0.8181818181818181,0.9649678604224059,0.24474463560503049,0.18181818181818188,0.0350321395775941,-0.058243992455992044,0.1,0.001,3
202,11,5,24,True,,0.8545454545454546,0.9072838777384231,0.12949023251386965,0.7090909090909091,0.7711445120536029,0.2452824858814457,0.1454545454545455,0.1361393656848202,-0.11579225336757604,0.21544346900318823,0.001,5
203,13,4,23,True,,1.0,1.0,0.049389937363048496,0.75,0.8268028979567441,0.10102844689850218,0.25,0.1731971020432559,-0.05163850953545369,2.154434690031882,0.46415888336127775,8
204,11,2,27,True,,1.0,1.0,0.0010169891196635287,0.9545454545454546,0.9924242424242424,0.15652216524111592,0.045454545454545414,0.007575757575757569,-0.1555051761214524,21.54434690031882,0.46415888336127775,8
205,10,5,25,True,,0.8,0.8979292929292929,0.17331525074900733,0.8,0.9021031746031746,0.2482794374441954,0.0,-0.004173881673881663,-0.07496418669518806,21.54434690031882,0.001,11
206,12,3,25,True,,0.9444444444444444,0.9880952380952382,0.21518764488733158,0.9444444444444445,0.9866452991452993,0.10130063862211364,-1.1102230246251565e-16,0.0014499389499389448,0.11388700626521794,0.46415888336127775,2.154434690031882,7
207,10,4,26,True,,1.0,0.9999999999999999,0.016072307697772063,0.9,0.9572979797979798,0.2438970994431555,0.09999999999999998,0.042702020202020075,-0.22782479174538342,4.6415888336127775,0.001,11
208,10,4,26,True,,0.775,0.8480122655122654,0.12741225639530557,0.65,0.8029292929292928,0.24644223353380892,0.125,0.04508297258297256,-0.11902997713850336,0.21544346900318823,0.001,5
209,9,4,27,True,,0.75,0.7856701940035273,0.14200879723223425,0.8888888888888888,0.9658119658119659,0.1477015305466488,-0.13888888888888884,-0.1801417718084386,-0.005692733314414555,100.0,1.0,12
210,10,3,27,True,,1.0,0.9999999999999999,0.008870772108907413,1.0,0.9999999999999999,0.2427580307565363,0.0,0.0,-0.23388725864762888,100.0,0.001,15
211,10,3,27,True,,0.9,0.9697979797979798,0.11642068110152762,0.6666666666666667,0.7980122655122655,0.12786229930889448,0.23333333333333328,0.17178571428571432,-0.01144161820736686,4.6415888336127775,2.154434690031882,8
212,13,6,21,True,,0.8076923076923077,0.8827572000648922,0.18913027893919152,0.7692307692307693,0.8492101915178838,0.24441945781110996,0.038461538461538436,0.03354700854700843,-0.05528917887191845,0.1,0.001,4
213,9,2,29,True,,0.6666666666666666,0.9060405643738978,0.09091928469510235,0.7777777777777778,0.9467813051146385,0.24440323153606955,-0.11111111111111116,-0.040740740740740744,-0.1534839468409672,21.54434690031882,0.001,13
214,13,4,23,True,,0.8653846153846154,0.9493303704842166,0.09541238284473408,0.8653846153846154,0.9585641922180383,0.24354962678649147,0.0,-0.009233821733821701,-0.1481372439417574,0.46415888336127775,0.001,6
215,12,3,25,True,,0.7777777777777779,0.9252666315166315,0.10279889267021422,0.638888888888889,0.8486182798682799,0.13053939390397898,0.13888888888888895,0.0766483516483516,-0.02774050123376476,0.46415888336127775,0.21544346900318823,4
216,10,4,26,True,,0.725,0.7904365079365079,0.20415421424160501,0.65,0.7636435786435787,0.1573266174303365,0.07499999999999996,0.026792929292929202,0.046827596811268524,0.1,21.54434690031882,2
217,12,2,26,True,,1.0,1.0,0.12319870345107219,0.7083333333333333,0.9455657768157769,0.24866895702477862,0.29166666666666674,0.054434223184223085,-0.12547025357370645,0.46415888336127775,0.001,9
218,10,3,27,True,,1.0,0.9999999999999999,6.36457757766153e-05,1.0,0.9999999999999999,0.24635729743276924,0.0,0.0,-0.24629365165699263,46.41588833612773,0.001,13
219,10,4,26,True,,0.9,0.9572979797979798,0.08449914625479914,0.675,0.7733658008658009,0.24606276175486022,0.22499999999999998,0.18393217893217895,-0.1615636155000611,0.46415888336127775,0.001,6
220,12,4,24,True,,0.8125,0.919772126022126,0.16131606496849266,0.8541666666666666,0.9455657768157768,0.1979942995705854,-0.04166666666666663,-0.025793650793650813,-0.03667823460209274,0.1,0.1,2
221,12,3,25,True,,0.9722222222222223,0.9935897435897437,0.11405362612124431,0.6111111111111112,0.8069516132016131,0.1371248703317164,0.36111111111111116,0.1866381303881306,-0.023071244210472075,2.154434690031882,4.6415888336127775,6
222,10,4,26,True,,0.775,0.8480122655122654,0.15806293177260705,0.75,0.8841777666777667,0.24882892854802754,0.025000000000000022,-0.036165501165501324,-0.0907659967754205,0.46415888336127775,0.001,7
223,10,4,26,True,,0.85,0.9263455988455987,0.12692033627745453,0.775,0.8737698412698411,0.2423894415053361,0.07499999999999996,0.05257575757575761,-0.11546910522788156,0.21544346900318823,0.001,6
224,11,2,27,True,,1.0,1.0,0.004132342925045104,1.0,1.0,0.11103557574909075,0.0,0.0,-0.10690323282404564,46.41588833612773,46.41588833612773,13
225,12,5,23,True,,0.8500000000000001,0.9085999648499649,0.15723599982833647,0.8666666666666667,0.9482905982905984,0.15052112412690008,-0.016666666666666607,-0.039690633440633505,0.00671487570143639,0.1,0.21544346900318823,3
226,7,4,29,True,,0.75,0.7545918367346939,0.2212847345925639,0.7857142857142857,0.8976190476190475,0.24656498261038318,-0.0357142857142857,-0.14302721088435366,-0.02528024801781928,0.21544346900318823,0.001,5
227,10,5,25,True,,0.74,0.7733658008658009,0.20409791026030485,0.9,0.9497222222222222,0.2449278204693967,-0.16000000000000003,-0.17635642135642138,-0.04082991020909185,46.41588833612773,0.001,10
228,9,4,27,True,,0.8055555555555556,0.8969496552829888,0.21532599210429607,0.8055555555555556,0.8969496552829888,0.21493366744101589,0.0,0.0,0.00039232466328018023,0.1,0.021544346900318832,3
229,12,4,24,True,,0.625,0.7840217652717653,0.17355785339932686,0.7291666666666666,0.8840980778480778,0.2445513117365234,-0.10416666666666663,-0.10007631257631255,-0.07099345833719653,0.46415888336127775,0.001,5
230,13,4,23,True,,0.7115384615384616,0.8966460889537813,0.19916333921207924,0.653846153846154,0.8759824388783664,0.2495557227992864,0.0576923076923076,0.02066365007541493,-0.05039238358720716,0.1,0.001,4
231,10,4,26,True,,0.75,0.7980122655122655,0.20470461337752605,0.925,0.9697979797979798,0.24344479621440177,-0.17500000000000004,-0.17178571428571432,-0.03874018283687572,0.21544346900318823,0.001,6
232,13,4,23,True,,0.9423076923076923,0.9821780783319245,0.05926782655555152,0.9230769230769231,0.9751850713389174,0.24347934539824484,0.019230769230769162,0.006993006993007089,-0.18421151884269332,100.0,0.001,17
233,14,4,22,True,,0.6785714285714286,0.897758503168167,0.18912901866792486,0.6607142857142857,0.8405364476793049,0.24491043867848272,0.017857142857142905,0.057222055488862056,-0.05578142001055786,0.1,0.001,4
234,10,3,27,True,,1.0,0.9999999999999999,0.01953499383677561,0.9666666666666668,0.9909090909090909,0.2477455952522759,0.033333333333333215,0.009090909090909038,-0.22821060141550029,21.54434690031882,0.001,10
235,9,4,27,True,,0.7222222222222222,0.8733605900272567,0.17883642464773386,0.8888888888888888,0.9467813051146385,0.2460452307449019,-0.16666666666666663,-0.0734207150873818,-0.06720880609716803,0.1,0.001,4
236,11,5,24,True,,0.7818181818181817,0.8023887728433183,0.24002925545555898,0.9454545454545454,0.9805194805194806,0.14260796631203598,-0.1636363636363637,-0.17813070767616224,0.097421289143523,0.1,0.46415888336127775,3
237,13,3,24,True,,0.7435897435897436,0.9207589419127881,0.13182730561078304,0.6923076923076924,0.8652644364182825,0.2915885420427507,0.05128205128205121,0.05549450549450552,-0.15976123643196766,100.0,1.0,13
238,9,4,27,True,,1.0,1.0000000000000002,0.08786140965725504,0.8055555555555556,0.8782627865961199,0.2460224393112722,0.19444444444444442,0.12173721340388033,-0.15816102965401718,21.54434690031882,0.001,7
239,12,4,24,True,,0.9791666666666666,0.9935897435897435,0.10891764267094164,0.8541666666666666,0.9512205387205387,0.22904948299574343,0.125,0.04236920486920481,-0.12013184032480179,21.54434690031882,0.021544346900318832,16
240,9,4,27,True,,0.9444444444444444,0.9765432098765434,0.0771562150557933,0.6944444444444444,0.7667027417027418,0.18922291342079445,0.25,0.20984046817380164,-0.11206669836500115,21.54434690031882,1.0,9
241,9,3,28,True,,0.962962962962963,0.9888888888888892,0.11634183280854067,0.6296296296296297,0.7765792849126183,0.2128415014414982,0.33333333333333337,0.21230960397627086,-0.09649966863295752,100.0,1.0,14
242,9,2,29,True,,1.0,1.0000000000000002,0.06998242702230817,1.0,1.0000000000000002,0.2206665342875592,0.0,0.0,-0.15068410726525103,2.154434690031882,10.0,10
243,13,4,23,True,,0.6730769230769231,0.8057175730252654,0.11758667112369711,0.9038461538461539,0.9674927636466097,0.24765477903771055,-0.23076923076923073,-0.16177519062134438,-0.13006810791401344,21.54434690031882,0.001,9
244,9,3,28,True,,0.6666666666666667,0.7856701940035273,0.16183353380663693,0.5555555555555556,0.799551066217733,0.24716783675745857,0.11111111111111116,-0.013880872214205642,-0.08533430295082164,21.54434690031882,0.001,8
245,12,3,25,True,,0.9722222222222223,0.9935897435897437,0.08062533519943056,0.7222222222222223,0.8877666315166315,0.245097133956165,0.25,0.10582311207311224,-0.16447179875673446,100.0,0.001,19
246,13,4,23,True,,1.0,1.0,0.10984426437210813,0.9807692307692308,0.9945054945054945,0.24859662439472796,0.019230769230769162,0.005494505494505475,-0.13875236002261981,1.0,0.001,9
247,11,3,26,True,,0.6363636363636364,0.8023887728433181,0.1828721165255331,0.6363636363636364,0.8023887728433181,0.15901151572603286,0.0,0.0,0.023860600799500226,0.1,0.46415888336127775,2
248,9,3,28,True,,1.0,1.0000000000000002,0.1744085346034718,1.0,1.0000000000000002,0.1713561935994735,0.0,0.0,0.0030523410039983156,0.1,0.046415888336127774,2
250,13,3,24,True,,0.7179487179487181,0.8909054620593082,0.14027355558976273,0.9230769230769231,0.9855769230769231,0.1847518643144881,-0.20512820512820507,-0.09467146101761492,-0.04447830872472536,4.6415888336127775,0.046415888336127774,8
251,14,5,21,True,,0.8,0.8344122147693577,0.21057997938162232,0.9571428571428571,0.985969387755102,0.16527806355653177,-0.15714285714285703,-0.15155717298574434,0.04530191582509055,0.1,0.46415888336127775,2
252,12,4,24,True,,0.875,0.9510602823102823,0.09874984499926992,0.8125,0.9085999648499649,0.24356265412641587,0.0625,0.04246031746031742,-0.14481280912714595,1.0,0.001,6
253,14,4,22,True,,0.9285714285714286,0.9786891679748821,0.08616439380733526,0.7678571428571428,0.9032047317761602,0.1676202124642884,0.1607142857142858,0.07548443619872192,-0.08145581865695314,21.54434690031882,100.0,12
254,11,3,26,True,,0.696969696969697,0.878146348600894,0.12983759519581278,0.3939393939393939,0.7329660238751148,0.20630162555930673,0.3030303030303031,0.14518032472577924,-0.07646403036349395,0.46415888336127775,10.0,3
255,8,5,27,True,,0.8500000000000001,0.8755456349206349,0.11058896076168066,0.725,0.8200757575757576,0.24125527563066623,0.1250000000000001,0.055469877344877294,-0.13066631486898556,0.46415888336127775,0.001,6
256,12,3,25,True,,0.888888888888889,0.9707362082362084,0.08595028274723862,0.5555555555555556,0.7938203000703,0.15140188722948297,0.33333333333333337,0.1769159081659084,-0.06545160448224435,21.54434690031882,46.41588833612773,7
257,10,3,27,True,,1.0,0.9999999999999999,0.0519904362700908,0.8333333333333334,0.9497222222222222,0.24271307577087425,0.16666666666666663,0.050277777777777644,-0.19072263950078344,4.6415888336127775,0.001,11
258,11,4,25,True,,1.0,1.0,0.0004705559240542357,0.9545454545454546,0.986013986013986,0.16669621211579896,0.045454545454545414,0.013986013986013957,-0.16622565619174473,100.0,10.0,16
259,7,5,28,True,,0.8857142857142857,0.9325396825396823,0.14883630984030713,0.6285714285714286,0.6762832405689548,0.33108497687621385,0.2571428571428571,0.2562564419707275,-0.18224866703590673,0.1,100.0,2
260,10,4,26,True,,0.8,0.8813455988455987,0.14555276160494687,0.825,0.932651515151515,0.24264858340232798,-0.02499999999999991,-0.0513059163059163,-0.0970958217973811,0.46415888336127775,0.001,7
261,14,4,22,True,,0.7857142857142857,0.9174904460618746,0.18325897568753638,0.7857142857142857,0.9333703994418279,0.24649372092846297,0.0,-0.015879953379953293,-0.0632347452409266,0.1,0.001,4
262,11,4,25,True,,0.75,0.8087990292535747,0.18540451312207873,0.6136363636363636,0.8258398167489076,0.2458445516786111,0.13636363636363635,-0.017040787495332888,-0.06044003855653238,0.1,0.001,3
263,9,4,27,True,,0.8055555555555556,0.8782627865961199,0.07723028150298483,0.9166666666666666,0.9626543209876546,0.24443652529255777,-0.11111111111111105,-0.08439153439153468,-0.16720624378957294,100.0,0.001,14
264,10,3,27,True,,0.6666666666666667,0.7980122655122655,0.25362732968579216,0.8666666666666667,0.9622222222222222,0.2475726464005691,-0.19999999999999996,-0.16420995670995675,0.006054683285223045,0.1,0.001,2
265,12,4,24,True,,0.6875,0.8354869667369667,0.23295543497318036,0.875,0.9593656343656343,0.14906362190626304,-0.1875,-0.12387866762866762,0.08389181306691731,0.1,0.46415888336127775,3
266,9,4,27,True,,0.6111111111111112,0.8077040243706912,0.23487233460984164,0.5,0.76506734006734,0.24840031617626745,0.11111111111111116,0.04263668430335121,-0.013527981566425817,0.1,0.001,5
267,11,4,25,True,,0.7954545454545454,0.8845566050111505,0.08228325602594441,0.8863636363636364,0.9585576040121495,0.1511008413434152,-0.09090909090909094,-0.07400099900099899,-0.06881758531747079,21.54434690031882,0.46415888336127775,9
268,13,2,25,True,,0.5769230769230769,0.8909054620593082,0.19443963259264552,0.7692307692307692,0.958945755099601,0.24453777987450767,-0.1923076923076923,-0.0680402930402928,-0.050098147281862154,0.1,0.001,3
269,11,3,26,True,,0.6666666666666667,0.8087990292535745,0.19489837099154045,0.9090909090909091,0.9777495232040687,0.2409113253345656,-0.24242424242424232,-0.16895049395049422,-0.04601295434302516,0.1,0.001,2
270,10,5,25,True,,0.84,0.8987698412698412,0.12794651706503124,0.62,0.7343894993894994,0.2500986705178043,0.21999999999999997,0.16438034188034178,-0.12215215345277308,100.0,100.0,19
271,8,4,28,True,,0.6875,0.7481150793650794,0.26944986733613985,0.96875,0.9861111111111112,0.2458662240109275,-0.28125,-0.2379960317460318,0.023583643325212345,0.1,0.001,3
272,13,3,24,True,,0.7179487179487181,0.8909054620593082,0.16062140699215427,0.7692307692307692,0.9480682778759701,0.24443298053734286,-0.0512820512820511,-0.05716281581666194,-0.08381157354518859,0.21544346900318823,0.001,7
273,9,3,28,True,,1.0,1.0000000000000002,0.006591809513418509,0.962962962962963,0.9888888888888892,0.2452678557482927,0.03703703703703698,0.011111111111111072,-0.2386760462348742,46.41588833612773,0.001,13
274,10,3,27,True,,0.7333333333333334,0.8813455988455987,0.08644738693844158,0.9333333333333333,0.9809090909090908,0.2412725011942321,-0.19999999999999996,-0.09956349206349213,-0.15482511425579054,1.0,0.001,6
275,14,5,21,True,,0.7285714285714286,0.8639742318838957,0.17632373128315093,0.6571428571428571,0.79419715438623,0.17154479183972643,0.07142857142857151,0.06977707749766571,0.004778939443424501,0.1,0.46415888336127775,2
276,9,3,28,True,,1.0,1.0000000000000002,0.08783237505517705,0.7407407407407408,0.9115961199294533,0.24810241417159498,0.2592592592592592,0.08840388007054689,-0.16027003911641793,4.6415888336127775,0.001,13
277,10,4,26,True,,0.825,0.9063455988455987,0.0716478112184984,0.975,0.9909090909090909,0.1300200806749518,-0.15000000000000002,-0.08456349206349212,-0.05837226945645339,46.41588833612773,1.0,11
278,11,4,25,True,,0.7954545454545454,0.8845566050111505,0.0876807590215336,0.9090909090909091,0.9649678604224059,0.24370862422307807,-0.11363636363636365,-0.08041125541125538,-0.15602786520154446,0.46415888336127775,0.001,6
279,15,4,21,True,,0.9666666666666667,0.9913888888888889,0.048332497812526104,0.7666666666666666,0.9059415965298317,0.24427945640505175,0.20000000000000007,0.08544729235905713,-0.19594695859252564,1.0,0.001,6
280,9,2,29,True,,1.0,1.0000000000000002,0.02729071685261369,0.6111111111111112,0.8782627865961201,0.17823935966871626,0.38888888888888884,0.1217372134038801,-0.15094864281610257,0.46415888336127775,1.0,8
281,9,3,28,True,,0.7407407407407408,0.8782627865961199,0.11324423237947524,0.7407407407407407,0.8969496552829888,0.24617622809718342,1.1102230246251565e-16,-0.018686868686868863,-0.1329319957177082,0.21544346900318823,0.001,3
282,10,5,25,True,,0.82,0.9086435786435786,0.12017716655835638,0.92,0.9572979797979798,0.2431491652266168,-0.10000000000000009,-0.04865440115440123,-0.12297199866826043,0.46415888336127775,0.001,6
283,12,4,24,True,,0.9583333333333334,0.9866452991452991,0.09838707924425472,0.625,0.8152158027158027,0.2470352245240632,0.33333333333333337,0.17142949642949634,-0.1486481452798085,0.46415888336127775,0.001,10
284,10,5,25,True,,1.0,0.9999999999999999,0.07075838962141882,0.78,0.7904365079365079,0.12281370967137663,0.21999999999999997,0.209563492063492,-0.052055320049957804,1.0,2.154434690031882,5
285,10,3,27,True,,0.7000000000000001,0.8480122655122654,0.08776898367334261,0.6000000000000001,0.7822546897546898,0.2561096390966085,0.09999999999999998,0.06575757575757557,-0.16834065542326587,100.0,21.54434690031882,16
286,11,5,24,True,,1.0,1.0,0.07470907863725967,0.8,0.8712592962592962,0.24395871734073843,0.19999999999999996,0.1287407037407038,-0.16924963870347876,4.6415888336127775,0.001,8
287,10,3,27,True,,0.6666666666666667,0.7980122655122655,0.12982362071600834,0.5666666666666667,0.8136435786435786,0.15601884677338912,0.10000000000000009,-0.015631313131313163,-0.026195226057380783,1.0,0.21544346900318823,5
288,12,2,26,True,,0.875,0.9790695415695417,0.1134926544437791,0.5416666666666666,0.8599888537388537,0.2486863862162884,0.33333333333333337,0.11908068783068804,-0.13519373177250932,10.0,0.001,10
289,9,3,28,True,,0.6296296296296297,0.7765792849126183,0.19234023649234436,0.4444444444444445,0.7231922398589066,0.25284547751554737,0.18518518518518517,0.053387045053711724,-0.06050524102320301,0.1,0.21544346900318823,4
290,13,4,23,True,,1.0,1.0,0.028390852013546467,0.9038461538461539,0.9732495069033531,0.23113855158058488,0.09615384615384615,0.0267504930966469,-0.20274769956703842,4.6415888336127775,0.004641588833612777,12
291,10,3,27,True,,0.8333333333333334,0.9430122655122654,0.08353996683072064,0.8333333333333334,0.9430122655122654,0.2441068311062289,0.0,0.0,-0.16056686427550826,0.46415888336127775,0.001,9
292,8,3,29,True,,1.0,1.0,0.022074114236578592,0.7916666666666666,0.9206845238095238,0.24713497652230493,0.20833333333333337,0.07931547619047619,-0.22506086228572633,100.0,0.001,18
293,9,3,28,True,,1.0,1.0000000000000002,0.03662865828665893,1.0,1.0000000000000002,0.14354602653186807,0.0,0.0,-0.10691736824520914,0.46415888336127775,0.1,8
294,12,3,25,True,,0.6111111111111112,0.8902158027158028,0.18986425521521502,0.8333333333333334,0.9510602823102824,0.21422671120522235,-0.2222222222222222,-0.060844479594479584,-0.02436245599000733,0.1,0.01,2
295,10,4,26,True,,0.9,0.9572979797979798,0.11430591895866556,0.675,0.8434706959706959,0.30167000673590805,0.22499999999999998,0.11382728382728391,-0.1873640877772425,10.0,21.54434690031882,10
296,12,4,24,True,,1.0,1.0,0.00771062884022076,0.9166666666666666,0.9707362082362082,0.2471518145477113,0.08333333333333337,0.02926379176379179,-0.23944118570749054,10.0,0.001,13
297,11,5,24,True,,0.7818181818181817,0.8023887728433183,0.11931006645361866,0.8909090909090909,0.9530630985176438,0.24626995340652189,-0.10909090909090913,-0.15067432567432548,-0.12695988695290322,0.46415888336127775,0.001,8
298,11,3,26,True,,0.9393939393939394,0.9841597796143251,0.06139137516488372,0.7575757575757577,0.9072838777384231,0.242456293769671,0.18181818181818177,0.07687590187590199,-0.1810649186047873,1.0,0.001,12
299,9,3,28,True,,0.7037037037037037,0.8412257495590829,0.08756572287662301,0.8148148148148149,0.9436868686868689,0.2445669441123707,-0.11111111111111116,-0.102461119127786,-0.1570012212357477,2.154434690031882,0.001,11
300,12,3,25,True,,0.75,0.9369750619750622,0.17433691830632936,0.8611111111111112,0.9614769489769491,0.17656745261935952,-0.11111111111111116,-0.024501887001886935,-0.0022305343130301636,0.1,0.046415888336127774,4
301,11,4,25,True,,1.0,1.0,0.00886498869266123,0.9090909090909091,0.9649678604224059,0.13626675443175815,0.09090909090909094,0.0350321395775941,-0.12740176573909692,46.41588833612773,0.1,14
302,11,4,25,True,,0.8863636363636364,0.9536042240587697,0.11104719103049766,0.5681818181818181,0.7907748816839725,0.2585617679696007,0.31818181818181823,0.16282934237479718,-0.14751457693910303,2.154434690031882,2.154434690031882,11
303,11,4,25,True,,0.8863636363636364,0.9536042240587697,0.06803018767553565,0.7045454545454546,0.87807091898001,0.19617885748130798,0.18181818181818177,0.07553330507875966,-0.12814866980577233,100.0,0.21544346900318823,18
304,11,2,27,True,,1.0,1.0,0.0824286853758547,0.7272727272727273,0.9516705516705517,0.32523799903519357,0.2727272727272727,0.0483294483294483,-0.2428093136593389,1.0,46.41588833612773,9
305,13,3,24,True,,0.6923076923076923,0.8861435572974035,0.23408636314181946,0.7179487179487181,0.8909054620593082,0.24194128000249476,-0.025641025641025772,-0.004761904761904745,-0.007854916860675298,0.1,10.0,3
306,10,3,27,True,,0.6666666666666667,0.7980122655122655,0.20239759810049682,0.6333333333333333,0.7904365079365079,0.16393431397575345,0.03333333333333344,0.007575757575757569,0.03846328412474337,0.1,0.46415888336127775,3
307,8,4,28,True,,0.71875,0.7602678571428572,0.182883839864911,0.84375,0.906795634920635,0.2410074485547918,-0.125,-0.1465277777777778,-0.05812360868988081,0.1,0.001,3
308,10,4,26,True,,1.0,0.9999999999999999,0.040337679844716805,1.0,0.9999999999999999,0.24276404512067273,0.0,0.0,-0.20242636527595592,10.0,0.001,13
309,13,3,24,True,,1.0,1.0,0.0007536053982817605,0.8717948717948718,0.9704231665770128,0.24403233794114887,0.1282051282051282,0.029576833422987225,-0.2432787325428671,46.41588833612773,0.001,11
310,12,2,26,True,,0.8333333333333333,0.9707362082362084,0.08256982628956153,0.5416666666666666,0.882272126022126,0.24885284197528165,0.29166666666666663,0.08846408221408242,-0.16628301568572013,46.41588833612773,0.001,12
311,7,4,29,True,,1.0,0.9999999999999998,0.09909257384865056,0.6785714285714286,0.7253968253968254,0.18470112626009547,0.3214285714285714,0.2746031746031744,-0.08560855241144491,0.46415888336127775,1.0,5
312,11,2,27,True,,0.9090909090909092,0.9841597796143251,0.08114502162516951,0.5454545454545454,0.85425357470812,0.24635985434337637,0.36363636363636376,0.12990620490620508,-0.16521483271820686,4.6415888336127775,0.001,8
313,10,2,28,True,,0.55,0.8480122655122654,0.2094618757937394,0.8500000000000001,0.9733333333333333,0.24865006648031043,-0.30000000000000004,-0.1253210678210679,-0.039188190686571034,0.1,0.001,5
315,9,4,27,True,,0.7222222222222222,0.8222582972582972,0.15284110012186944,0.9722222222222222,0.9888888888888892,0.24504344451958288,-0.25,-0.1666305916305919,-0.09220234439771344,46.41588833612773,0.001,10
316,8,4,28,True,,0.90625,0.9526289682539683,0.12061596120776302,0.78125,0.883531746031746,0.18968444164897733,0.125,0.06909722222222225,-0.0690684804412143,0.46415888336127775,0.1,8
317,11,3,26,True,,0.9696969696969697,0.9924242424242424,0.1810633130309877,0.6666666666666667,0.8865485524576433,0.24290439319971968,0.303030303030303,0.10587568996659913,-0.06184108016873199,0.1,0.001,3
318,10,5,25,True,,0.9400000000000001,0.9697979797979798,0.06649322378028369,0.78,0.8340262515262514,0.2450129098657239,0.16000000000000003,0.13577172827172834,-0.17851968608544022,21.54434690031882,0.001,11
319,12,6,22,True,,0.875,0.9369750619750621,0.17935856121001678,0.8333333333333334,0.9125432437932438,0.24591853895640226,0.04166666666666663,0.024431818181818277,-0.06655997774638547,0.1,0.001,2
320,11,5,24,True,,0.8363636363636364,0.8845566050111504,0.0925157034221878,0.8909090909090909,0.9530630985176438,0.24369636023309788,-0.05454545454545445,-0.0685064935064934,-0.15118065681091009,46.41588833612773,0.0021544346900318843,10
321,10,4,26,True,,0.5,0.7142857142857143,0.25,0.775,0.8480122655122654,0.13161288804872417,-0.275,-0.13372655122655108,0.11838711195127583,0.001,1.0,0
322,9,2,29,True,,0.6666666666666666,0.9060405643738978,0.15504391128986078,0.5555555555555556,0.8984928651595321,0.24269410548335782,0.11111111111111105,0.007547699214365711,-0.08765019419349704,2.154434690031882,0.001,8
323,7,3,30,True,,0.7142857142857144,0.8260204081632654,0.10060742789240414,0.9523809523809524,0.982142857142857,0.1562668853775441,-0.23809523809523803,-0.1561224489795916,-0.055659457485139965,4.6415888336127775,0.46415888336127775,8
324,9,5,26,True,,0.7333333333333333,0.7591269841269842,0.17930477412145798,0.5777777777777777,0.7168430335097002,0.23079732334794764,0.15555555555555556,0.04228395061728396,-0.05149254922648966,1.0,21.54434690031882,10
325,13,3,24,True,,0.7179487179487181,0.8909054620593082,0.09500640007619066,0.8717948717948718,0.9704231665770128,0.24430391918926364,-0.15384615384615374,-0.07951770451770457,-0.14929751911307299,0.46415888336127775,0.001,5
326,11,4,25,True,,1.0,1.0,0.01423323623815712,1.0,1.0,0.24443937749818395,0.0,0.0,-0.23020614126002684,46.41588833612773,0.001,11
327,11,5,24,True,,0.8,0.8478433182978637,0.1834112995697926,0.8,0.8712592962592962,0.16333993475425695,0.0,-0.023415977961432466,0.020071364815535647,0.1,1.0,2
328,10,2,28,True,,0.55,0.8480122655122654,0.09464341760156109,0.35,0.8136435786435786,0.24982643510776845,0.20000000000000007,0.03436868686868677,-0.15518301750620736,0.46415888336127775,0.001,5
329,10,4,26,True,,0.975,0.9909090909090909,0.089694416369788,0.85,0.9354365079365078,0.24734711218131625,0.125,0.05547258297258306,-0.15765269581152824,21.54434690031882,0.001,11
330,12,3,25,True,,0.9722222222222223,0.9935897435897437,0.06460347933744583,0.5277777777777778,0.7864128926628926,0.19387699961795782,0.44444444444444453,0.20717685092685112,-0.12927352028051198,100.0,1.0,11
331,9,3,28,True,,1.0,1.0000000000000002,0.0002994443771026899,1.0,1.0000000000000002,0.24333122587010755,0.0,0.0,-0.24303178149300486,100.0,0.001,13
332,9,3,28,True,,0.6666666666666667,0.7856701940035273,0.21927924371711185,1.0,1.0000000000000002,0.1385024000419616,-0.33333333333333326,-0.2143298059964729,0.08077684367515026,0.1,0.21544346900318823,4
333,12,4,24,True,,0.7291666666666666,0.8700829263329263,0.1586514534290877,0.875,0.9510602823102823,0.2456709041697224,-0.14583333333333337,-0.080977355977356,-0.08701945074063469,0.21544346900318823,0.001,4
334,11,5,24,True,,0.8,0.8478433182978637,0.17682928342595916,0.8363636363636364,0.9135609340154793,0.14940698854868262,-0.036363636363636376,-0.06571761571761559,0.027422294877276543,0.1,2.154434690031882,2
335,8,3,29,True,,0.6666666666666667,0.7713789682539683,0.21467844124034183,0.6666666666666667,0.8227678571428572,0.17074326044660448,0.0,-0.05138888888888882,0.043935180793737344,0.1,0.46415888336127775,3
336,6,4,30,True,,1.0,1.0,0.15896786326105958,0.9583333333333334,0.976190476190476,0.24139963122640523,0.04166666666666663,0.023809523809523947,-0.08243176796534565,0.1,0.001,4
337,11,4,25,True,,0.7272727272727273,0.8638212797303706,0.16592334382259663,0.6590909090909092,0.8199429358520268,0.2480249640818021,0.06818181818181812,0.04387834387834377,-0.08210162025920548,0.46415888336127775,0.001,4
338,9,4,27,True,,0.8055555555555556,0.8782627865961199,0.1307968899217208,0.8888888888888888,0.9467813051146385,0.2437432884825193,-0.08333333333333326,-0.06851851851851865,-0.1129463985607985,2.154434690031882,0.001,7
339,8,3,29,True,,0.7083333333333333,0.8644345238095238,0.171943908296437,0.625,0.8647186147186148,0.27517258749844464,0.08333333333333326,-0.0002840909090909838,-0.10322867920200765,0.1,46.41588833612773,2
340,8,4,28,True,,1.0,1.0,0.05888738156257211,0.96875,0.9861111111111112,0.2421623710564567,0.03125,0.01388888888888884,-0.18327498949388457,2.154434690031882,0.001,8
341,12,3,25,True,,0.7777777777777779,0.9252666315166315,0.13570617053654913,0.8333333333333334,0.9510602823102824,0.24680287425572583,-0.05555555555555547,-0.025793650793650924,-0.11109670371917671,0.21544346900318823,0.001,4
342,11,2,27,True,,1.0,1.0,0.0022491534610849717,1.0,1.0,0.24715713277027843,0.0,0.0,-0.24490797930919345,2.154434690031882,0.001,10
343,11,3,26,True,,0.8484848484848485,0.9536042240587697,0.06816663730366218,0.696969696969697,0.85425357470812,0.185688011063479,0.1515151515151515,0.09935064935064963,-0.11752137375981683,1.0,0.46415888336127775,8
344,11,4,25,True,,0.75,0.8087990292535747,0.1841373886796891,0.8409090909090909,0.9254656959202414,0.24607504224777094,-0.09090909090909094,-0.1166666666666667,-0.06193765356808184,0.1,0.001,3
345,15,2,23,True,,0.8,0.9698826173826174,0.10521120379548825,0.5666666666666667,0.8968402893402894,0.24768349964287417,0.2333333333333334,0.07304232804232802,-0.1424722958473859,100.0,0.001,12
346,9,4,27,True,,0.6388888888888888,0.7439955106621774,0.1533569008365253,0.9444444444444444,0.9797979797979799,0.11810533007716152,-0.3055555555555556,-0.2358024691358025,0.03525157075936379,46.41588833612773,2.154434690031882,10
347,13,4,23,True,,0.9615384615384616,0.9897435897435898,0.07973015703947321,0.7115384615384616,0.8512640137640137,0.187569552178219,0.25,0.13847957597957605,-0.10783939513874578,0.46415888336127775,0.046415888336127774,7
348,12,4,24,True,,0.7708333333333333,0.882272126022126,0.16351909175294552,0.875,0.9593656343656343,0.21011027285062195,-0.10416666666666674,-0.07709350834350825,-0.04659118109767643,0.21544346900318823,46.41588833612773,5
349,9,6,25,True,,0.5740740740740741,0.671151996151996,0.23149159866669933,0.8333333333333334,0.88658810325477,0.16680681002912692,-0.2592592592592593,-0.21543610710277394,0.0646847886375724,0.1,0.046415888336127774,2
350,13,2,25,True,,0.8846153846153846,0.9821780783319243,0.06654603975187483,0.6923076923076923,0.9383413594952055,0.245461567145742,0.1923076923076923,0.0438367188367188,-0.17891552739386718,46.41588833612773,0.001,13
351,10,3,27,True,,0.7333333333333334,0.8813455988455987,0.08059554055213315,1.0,0.9999999999999999,0.1368176984402308,-0.2666666666666666,-0.11865440115440118,-0.05622215788809766,2.154434690031882,0.21544346900318823,10
352,12,2,26,True,,1.0,1.0,0.00766562976703944,1.0,1.0,0.13459903660818057,0.0,0.0,-0.12693340684114113,2.154434690031882,0.46415888336127775,11
353,11,3,26,True,,1.0,1.0,0.03917186546968092,0.9696969696969697,0.9924242424242424,0.14114473831638072,0.030303030303030276,0.007575757575757569,-0.1019728728466998,0.46415888336127775,0.21544346900318823,9
354,10,5,25,True,,0.8,0.7980122655122655,0.116467180689466,0.64,0.7376479076479077,0.307384579178318,0.16000000000000003,0.06036435786435779,-0.19091739848885203,0.46415888336127775,4.6415888336127775,4
355,9,5,26,True,,0.9111111111111112,0.9467813051146385,0.11855553255950131,0.8222222222222223,0.9051858635191969,0.1581314499695047,0.0888888888888889,0.041595441595441596,-0.039575917410003394,0.21544346900318823,2.154434690031882,6
356,12,2,26,True,,1.0,1.0,0.1239564160052373,1.0,1.0,0.24543466782197795,0.0,0.0,-0.12147825181674066,2.154434690031882,0.001,8
357,10,4,26,True,,0.775,0.8480122655122654,0.11807132065303204,0.875,0.9430122655122654,0.24540473859834327,-0.09999999999999998,-0.09499999999999997,-0.12733341794531122,0.46415888336127775,0.001,5
358,11,3,26,True,,1.0,1.0,0.011418976017034746,0.9090909090909092,0.9750688705234161,0.11371680739671693,0.09090909090909083,0.024931129476583935,-0.10229783137968218,4.6415888336127775,1.0,11
359,11,4,25,True,,0.8181818181818181,0.9072838777384233,0.10077180268301812,0.8863636363636364,0.9617715617715619,0.2335172343206069,-0.06818181818181823,-0.05448768403313853,-0.13274543163758878,46.41588833612773,0.46415888336127775,12
360,11,5,24,True,,1.0,1.0,0.044130157714511065,0.8545454545454545,0.9348124098124098,0.23266439975451297,0.1454545454545455,0.06518759018759024,-0.1885342420400019,46.41588833612773,21.54434690031882,13
361,12,4,24,True,,0.875,0.960479797979798,0.19883540845620296,0.7291666666666667,0.9150462962962963,0.22311424578690442,0.14583333333333326,0.04543350168350169,-0.024278837330701464,0.1,100.0,2
362,11,3,26,True,,0.8484848484848485,0.9536042240587697,0.07459029003451374,1.0,1.0,0.24554181431181907,-0.1515151515151515,-0.046395775941230344,-0.1709515242773053,0.46415888336127775,0.001,6
363,15,5,20,True,,0.7466666666666666,0.8538292644174997,0.15628337199026288,0.7866666666666666,0.9237772850930746,0.24308646135934384,-0.040000000000000036,-0.06994802067557482,-0.08680308936908096,0.46415888336127775,0.001,8
364,9,5,26,True,,0.9777777777777779,0.9888888888888892,0.06678502665356115,0.7777777777777778,0.848492865159532,0.24394834797620116,0.20000000000000007,0.1403960237293571,-0.17716332132264,4.6415888336127775,0.001,9
365,10,3,27,True,,0.6666666666666666,0.9051373626373626,0.2152814877460911,0.5666666666666667,0.7758444333444334,0.28410071816998494,0.09999999999999998,0.12929292929292913,-0.06881923042389385,0.1,100.0,4
366,13,4,23,True,,0.8846153846153846,0.9589457550996012,0.06920168677938286,0.75,0.8819768906307368,0.2462616339083778,0.13461538461538458,0.07696886446886442,-0.17705994712899492,1.0,0.001,8
367,13,3,24,True,,0.7179487179487181,0.8909054620593082,0.18153349730441276,0.6923076923076923,0.9219513392590315,0.24509528509140338,0.025641025641025772,-0.031045877199723293,-0.06356178778699062,0.1,0.001,3
368,10,4,26,True,,0.825,0.9063455988455987,0.13149255461901604,0.85,0.9263455988455987,0.2462150747142235,-0.025000000000000022,-0.020000000000000018,-0.11472252009520745,100.0,0.001,14
369,11,2,27,True,,0.9090909090909091,0.986013986013986,0.2408138616770638,0.9545454545454546,0.9924242424242424,0.24633168554908483,-0.045454545454545525,-0.0064102564102563875,-0.005517823872021016,0.1,0.001,4
370,13,5,22,True,,0.8,0.8819768906307368,0.18992566884876566,0.7384615384615385,0.8834610713569988,0.24810625356330288,0.06153846153846154,-0.0014841807262619966,-0.058180584714537215,0.1,0.001,3
371,11,2,27,True,,1.0,1.0,0.13213786316000278,0.9090909090909092,0.9841597796143251,0.14929676077636747,0.09090909090909083,0.015840220385674897,-0.017158897616364688,0.21544346900318823,2.154434690031882,8
372,10,5,25,True,,0.9800000000000001,0.9909090909090909,0.16623408067355241,0.8,0.8655880230880231,0.2437332832622572,0.18000000000000005,0.12532106782106778,-0.0774992025887048,0.1,0.001,2
373,12,3,25,True,,0.9722222222222223,0.9935897435897437,0.051363120380298805,0.7500000000000001,0.9085999648499649,0.21605645921354907,0.2222222222222222,0.08498977873977887,-0.16469333883325027,1.0,21.54434690031882,7
375,13,4,23,True,,0.6923076923076923,0.8635264308341231,0.19286625981192762,0.8076923076923077,0.93672532846741,0.2473539842493868,-0.11538461538461542,-0.07319889763328691,-0.05448772443745917,0.1,0.001,5
376,8,4,28,True,,1.0,1.0,0.008450877311898081,0.9375,0.975,0.13978264260133558,0.0625,0.025000000000000022,-0.1313317652894375,46.41588833612773,10.0,13
377,9,4,27,True,,0.7777777777777778,0.8412257495590829,0.08581666057231978,0.8333333333333334,0.9060405643738978,0.24537017341284822,-0.05555555555555558,-0.06481481481481488,-0.15955351284052843,10.0,0.001,15
378,10,4,26,True,,0.775,0.8480122655122654,0.1362030605965741,0.675,0.7733658008658009,0.24532722141281885,0.09999999999999998,0.07464646464646452,-0.10912416081624474,21.54434690031882,0.001,10
379,12,2,26,True,,1.0,1.0,0.0022465945790258704,1.0,1.0,0.2454030080961512,0.0,0.0,-0.24315641351712533,100.0,0.001,13
380,12,3,25,True,,1.0,1.0,0.05690301799443556,0.8611111111111112,0.9614769489769491,0.19045871039516646,0.13888888888888884,0.03852305102305087,-0.1335556924007309,46.41588833612773,1.0,12
381,10,5,25,True,,0.8600000000000001,0.9063455988455987,0.09961454255948393,0.7999999999999999,0.9064610389610389,0.24312205103928722,0.060000000000000164,-0.00011544011544017962,-0.1435075084798033,100.0,0.001,19
382,11,3,26,True,,0.9696969696969697,0.9924242424242424,0.06482944392271912,0.7272727272727273,0.8845566050111504,0.24233285199135388,0.24242424242424243,0.10786763741309202,-0.17750340806863474,21.54434690031882,0.001,9
383,13,2,25,True,,1.0,0.9999999999999998,0.014620277062342011,1.0,0.9999999999999998,0.057382366617134264,0.0,0.0,-0.04276208955479226,10.0,100.0,9
384,10,2,28,True,,1.0,0.9999999999999999,0.03526469065706354,0.95,0.9909090909090909,0.1654864427257319,0.050000000000000044,0.009090909090909038,-0.13022175206866837,100.0,2.154434690031882,16
385,11,4,25,True,,0.75,0.8966495625586535,0.1912324761899503,0.7727272727272727,0.8542535747081202,0.16288109794876088,-0.022727272727272707,0.04239598785053322,0.028351378241189412,0.21544346900318823,0.46415888336127775,6
386,11,4,25,True,,1.0,1.0,0.04113650624297538,0.7954545454545454,0.8845566050111505,0.24152330147678505,0.20454545454545459,0.11544339498884948,-0.20038679523380967,10.0,0.001,13
387,12,3,25,True,,0.5833333333333334,0.8006384818884819,0.22371357565945013,0.47222222222222227,0.7693824693824693,0.2934789652625263,0.1111111111111111,0.03125601250601251,-0.06976538960307618,0.1,21.54434690031882,2
388,11,3,26,True,,0.696969696969697,0.85425357470812,0.18930146941997208,0.8787878787878789,0.9649678604224059,0.24166804261893304,-0.18181818181818188,-0.11071428571428588,-0.05236657319896096,0.1,0.001,3
389,11,6,23,True,,0.7727272727272727,0.8725176338812702,0.20223857106433552,0.7727272727272727,0.7825691984782894,0.1444139632899387,0.0,0.08994843540298081,0.057824607774396825,21.54434690031882,1.0,11
390,13,3,24,True,,0.8205128205128206,0.9493303704842166,0.17781255304739735,0.6666666666666667,0.8268028979567441,0.22274012016976827,0.15384615384615385,0.12252747252747254,-0.04492756712237092,0.1,2.154434690031882,6
391,8,4,28,True,,0.84375,0.906795634920635,0.1316808064703248,0.8125,0.875545634920635,0.24764165408763503,0.03125,0.03125,-0.11596084761731024,2.154434690031882,0.001,10
392,9,4,27,True,,0.8611111111111112,0.9282627865961199,0.0892246202645923,0.9444444444444444,0.9765432098765434,0.24388040460435922,-0.08333333333333326,-0.04828042328042348,-0.15465578433976693,0.46415888336127775,0.001,6
393,9,3,28,True,,1.0,1.0000000000000002,0.01643009377946373,0.8148148148148149,0.9376903960237295,0.24506457956034963,0.18518518518518512,0.06230960397627072,-0.2286344857808859,2.154434690031882,0.001,12
394,8,4,28,True,,0.78125,0.8338789682539683,0.19457296424104886,0.71875,0.8136769480519481,0.2431819869801399,0.0625,0.02020202020202022,-0.04860902273909104,0.1,0.001,2
395,11,4,25,True,,0.7954545454545454,0.8845566050111505,0.11516550633880178,0.8863636363636364,0.9585576040121495,0.17979929598988237,-0.09090909090909094,-0.07400099900099899,-0.06463378965108059,0.46415888336127775,10.0,8
396,11,3,26,True,,1.0,1.0,0.16924563660884306,0.9696969696969697,0.9924242424242424,0.13399347089328562,0.030303030303030276,0.007575757575757569,0.03525216571555745,0.1,0.21544346900318823,3
397,12,2,26,True,,1.0,1.0,0.0214717441520621,1.0,1.0,0.16789683033992575,0.0,0.0,-0.14642508618786365,100.0,0.46415888336127775,17
398,10,4,26,True,,0.8,0.8813455988455987,0.10526889507400038,0.9,0.9572979797979798,0.24464569836078856,-0.09999999999999998,-0.0759523809523811,-0.1393768032867882,0.46415888336127775,0.001,8
399,13,4,23,True,,0.7307692307692308,0.8220409931948394,0.2147070206332016,0.6153846153846154,0.7851076274153197,0.13590794300518044,0.11538461538461542,0.03693336577951967,0.07879907762802116,0.1,4.6415888336127775,2
400,10,3,27,True,,0.8,0.9263455988455987,0.18005450092624892,0.7666666666666667,0.9187698412698412,0.24561526717572077,0.033333333333333326,0.007575757575757569,-0.06556076624947185,0.21544346900318823,0.001,6
401,11,3,26,True,,0.8484848484848485,0.9536042240587697,0.12795064610648368,0.6666666666666667,0.8087990292535745,0.21095749823866927,0.18181818181818177,0.14480519480519516,-0.08300685213218559,0.46415888336127775,2.154434690031882,8
402,11,5,24,True,,0.8,0.8087990292535747,0.06744471247382869,0.8181818181818181,0.9047303706394616,0.2454059784526056,-0.018181818181818077,-0.09593134138588688,-0.1779612659787769,21.54434690031882,0.001,9
403,11,5,24,True,,0.8181818181818181,0.878146348600894,0.18396264671454643,0.8909090909090909,0.9530630985176438,0.24310918708470436,-0.07272727272727275,-0.07491674991674979,-0.05914654037015793,0.1,0.001,5
404,10,2,28,True,,0.8,0.9572979797979798,0.11563179821895499,0.3,0.7636435786435787,0.22803863890735884,0.5,0.19365440115440113,-0.11240684068840386,0.46415888336127775,10.0,6
405,10,3,27,True,,1.0,0.9999999999999999,0.08258902106543152,0.8333333333333334,0.9497222222222222,0.24628196534008942,0.16666666666666663,0.050277777777777644,-0.16369294427465791,4.6415888336127775,0.001,11
406,8,4,28,True,,0.875,0.9317956349206349,0.13410341042910306,0.9375,0.9704861111111112,0.24140372748169436,-0.0625,-0.038690476190476275,-0.1073003170525913,1.0,0.001,10
407,10,4,26,True,,1.0,0.9999999999999999,0.003044541514001308,0.675,0.8405666555666556,0.32356848936527793,0.32499999999999996,0.15943334443334434,-0.32052394785127664,100.0,100.0,14
408,10,4,26,True,,0.75,0.7980122655122655,0.10960818701213257,0.95,0.9833333333333333,0.11212648211551275,-0.19999999999999996,-0.18532106782106783,-0.002518295103380183,21.54434690031882,0.46415888336127775,9
409,12,4,24,True,,1.0,1.0,0.1797271492164319,1.0,1.0,0.24566577262031714,0.0,0.0,-0.06593862340388523,0.1,0.001,1
410,11,3,26,True,,1.0,1.0,0.0021285612471757137,0.9696969696969697,0.9924242424242424,0.09785793086568459,0.030303030303030276,0.007575757575757569,-0.09572936961850888,46.41588833612773,1.0,13
411,13,3,24,True,,0.6923076923076924,0.8652644364182825,0.2634623990300467,0.9487179487179488,0.9897435897435898,0.2464875918097012,-0.2564102564102564,-0.12447915332530723,0.0169748072203455,0.1,0.001,2
412,9,5,26,True,,0.7333333333333333,0.799551066217733,0.18446181355773641,0.8666666666666667,0.9278138528138529,0.18629037461500217,-0.13333333333333341,-0.1282627865961199,-0.001828561057265754,0.1,0.021544346900318832,3
413,12,3,25,True,,0.8611111111111112,0.9614769489769491,0.1492123659270386,0.6666666666666667,0.818322187072187,0.18271024906235114,0.19444444444444442,0.14315476190476217,-0.033497883135312545,0.46415888336127775,2.154434690031882,6
414,14,2,24,True,,1.0,1.0,0.03484409527830744,0.9642857142857143,0.9952380952380953,0.07461065365067565,0.0357142857142857,0.004761904761904745,-0.03976655837236821,46.41588833612773,46.41588833612773,12
415,9,4,27,True,,0.9722222222222222,0.9888888888888892,0.12935478916571935,0.9166666666666666,0.9674523007856344,0.1861223310285697,0.05555555555555558,0.021436588103254772,-0.05676754186285035,0.21544346900318823,21.54434690031882,8
416,8,4,28,True,,1.0,1.0,0.04213854017588261,0.8125,0.8956845238095238,0.1631895368848139,0.1875,0.10431547619047621,-0.1210509967089313,21.54434690031882,10.0,12
417,12,4,24,True,,1.0,1.0,0.06800887460864623,0.75,0.8183221870721871,0.07147729452423511,0.25,0.18167781292781293,-0.003468419915588883,21.54434690031882,2.154434690031882,9
418,11,3,26,True,,0.8484848484848485,0.9536042240587697,0.07514417071517474,0.9393939393939393,0.986013986013986,0.2468741254987779,-0.09090909090909083,-0.03240976195521639,-0.17172995478360317,46.41588833612773,0.001,12
419,10,5,25,True,,0.8200000000000001,0.8480122655122654,0.19160985001069974,0.8,0.8952888777888778,0.24276553370289547,0.020000000000000018,-0.047276612276612395,-0.051155683692195725,0.1,0.001,1
420,7,3,30,True,,0.6666666666666667,0.7545918367346939,0.2200065110293036,0.5714285714285715,0.7295918367346939,0.21627108903546421,0.09523809523809523,0.025000000000000022,0.0037354219938393884,0.1,0.21544346900318823,3
421,9,2,29,True,,1.0,1.0000000000000002,0.008765523579115917,0.8333333333333333,0.9626543209876544,0.2465812517774818,0.16666666666666674,0.03734567901234587,-0.23781572819836588,4.6415888336127775,0.001,10
422,12,4,24,True,,0.8958333333333333,0.9688131313131313,0.21212315231711515,0.75,0.8183221870721871,0.19936796849195706,0.14583333333333326,0.15049094424094422,0.012755183825158084,0.1,21.54434690031882,4
423,9,2,29,True,,1.0,1.0000000000000002,0.16649467573108445,1.0,1.0000000000000002,0.24471772151364382,0.0,0.0,-0.07822304578255937,0.21544346900318823,0.001,5
424,10,3,27,True,,0.7000000000000001,0.8480122655122654,0.17463815039453373,0.8,0.9451515151515152,0.13395100032695695,-0.09999999999999998,-0.0971392496392498,0.04068715006757678,0.1,0.46415888336127775,4
425,11,2,27,True,,0.8636363636363636,0.9750688705234161,0.09535500571505443,0.7727272727272727,0.9536042240587697,0.24428284390234653,0.09090909090909094,0.02146464646464641,-0.1489278381872921,100.0,0.001,15
426,14,2,24,True,,0.8571428571428572,0.9786891679748824,0.11194004544342677,0.4285714285714286,0.8756013827442399,0.24580357890713372,0.4285714285714286,0.10308778523064244,-0.13386353346370694,21.54434690031882,0.001,12
427,9,4,27,True,,0.8055555555555556,0.8782627865961199,0.12018672528685558,0.75,0.8762706429373097,0.24120103840537285,0.05555555555555558,0.001992143658810175,-0.12101431311851728,1.0,0.001,6
428,10,5,25,True,,0.84,0.8987698412698412,0.13013235576488427,0.92,0.9669230769230769,0.14448308408348495,-0.08000000000000007,-0.06815323565323572,-0.01435072831860068,100.0,0.46415888336127775,12
429,12,2,26,True,,1.0,1.0,0.00584973792169418,0.5833333333333334,0.8877666315166315,0.2153352903796871,0.41666666666666663,0.11223336848336851,-0.2094855524579929,100.0,2.154434690031882,12
430,10,3,27,True,,0.9666666666666668,0.9909090909090909,0.1478946135253261,0.8666666666666667,0.9669230769230769,0.15067499932912726,0.10000000000000009,0.023986013986013965,-0.002780385803801161,0.21544346900318823,0.21544346900318823,8
431,10,2,28,True,,1.0,0.9999999999999999,0.004235677343451876,0.75,0.9430122655122654,0.24725297388436016,0.25,0.05698773448773453,-0.24301729654090828,46.41588833612773,0.001,13
432,11,3,26,True,,1.0,1.0,0.008310798459396534,1.0,1.0,0.08646634461359572,0.0,0.0,-0.07815554615419919,4.6415888336127775,0.46415888336127775,11
433,10,3,27,True,,0.7000000000000001,0.8480122655122654,0.19127270882352765,0.9,0.9697979797979798,0.24351210903861892,-0.19999999999999996,-0.12178571428571439,-0.05223940021509127,0.1,0.001,3
434,13,3,24,True,,0.9230769230769231,0.9821780783319245,0.09597484016480508,0.8974358974358975,0.9751850713389175,0.2451627005121071,0.02564102564102566,0.006993006993006978,-0.14918786034730203,0.21544346900318823,0.001,4
435,16,3,21,True,,0.6666666666666667,0.8475279673349526,0.08057224528750677,0.6041666666666667,0.9163003754286649,0.2473236542520677,0.0625,-0.06877240809371232,-0.16675140896456092,21.54434690031882,0.001,13
436,10,3,27,True,,0.9666666666666668,0.9909090909090909,0.06914861110518315,0.7000000000000001,0.8480122655122654,0.14890531427970638,0.2666666666666667,0.14289682539682547,-0.07975670317452323,100.0,0.1,13
437,9,3,28,True,,0.6666666666666667,0.7856701940035273,0.12248377126756811,0.5925925925925927,0.8409171075837742,0.24795706906858225,0.07407407407407407,-0.055246913580246915,-0.12547329780101413,0.46415888336127775,100.0,6
438,8,5,27,True,,0.9750000000000001,0.9861111111111112,0.12689182422717438,0.8,0.7713789682539682,0.1591967826597691,0.17500000000000004,0.21473214285714293,-0.03230495843259473,100.0,2.154434690031882,16
439,10,3,27,True,,1.0,0.9999999999999999,0.00015662766161557185,0.8,0.9354365079365078,0.15083624912838015,0.19999999999999996,0.0645634920634921,-0.15067962146676459,100.0,21.54434690031882,12
440,10,5,25,True,,0.76,0.8655666555666556,0.16567158188479894,0.8,0.8673595848595848,0.2477502331657802,-0.040000000000000036,-0.0017929292929291796,-0.08207865128098127,0.46415888336127775,0.001,6
441,12,3,25,True,,1.0,1.0,0.04713502281734671,0.8333333333333334,0.9613858363858364,0.27095842774854473,0.16666666666666663,0.03861416361416359,-0.223823404931198,2.154434690031882,46.41588833612773,11
442,10,4,26,True,,1.0,0.9999999999999999,0.020081584855085634,0.9,0.9572979797979798,0.254782693749992,0.09999999999999998,0.042702020202020075,-0.2347011088949064,100.0,2.154434690031882,16
443,10,4,26,True,,1.0,0.9999999999999999,0.002848490122619398,0.85,0.9433119658119659,0.2044513775331993,0.15000000000000002,0.05668803418803403,-0.2016028874105799,21.54434690031882,0.046415888336127774,11
444,11,3,26,True,,0.8484848484848485,0.9536042240587697,0.1186593410228161,0.6666666666666667,0.8712592962592962,0.28736149579159287,0.18181818181818177,0.08234492779947344,-0.16870215476877676,1.0,21.54434690031882,11
445,11,6,23,True,,0.8333333333333334,0.8087990292535747,0.1021962246187823,0.6818181818181818,0.7548126413099676,0.23787494676358467,0.1515151515151516,0.053986387943607106,-0.13567872214480237,4.6415888336127775,21.54434690031882,7
446,8,2,30,True,,0.75,0.9317956349206349,0.1774994617620213,0.8125,0.9526289682539683,0.24569707618070202,-0.0625,-0.02083333333333337,-0.06819761441868072,0.1,0.001,3
447,12,2,26,True,,1.0,1.0,0.03781712663315644,1.0,1.0,0.24325705686017177,0.0,0.0,-0.20543993022701532,100.0,0.001,17
448,13,3,24,True,,1.0,1.0,0.05347779141509221,0.9230769230769231,0.9821780783319245,0.24539880014572246,0.07692307692307687,0.017821921668075502,-0.19192100873063025,0.46415888336127775,0.001,8
449,10,3,27,True,,0.9666666666666668,0.9909090909090909,0.06532974166325799,0.8333333333333334,0.9497222222222222,0.24511078324604163,0.13333333333333341,0.041186868686868605,-0.17978104158278363,21.54434690031882,0.001,11
450,12,5,23,True,,0.8166666666666668,0.8599888537388537,0.1520422265920673,0.8166666666666667,0.9280464905464906,0.24505244843965118,1.1102230246251565e-16,-0.06805763680763688,-0.0930102218475839,0.21544346900318823,0.001,5
451,10,4,26,True,,0.825,0.9063455988455987,0.12342178991940499,0.65,0.8243578643578643,0.24464445654138225,0.17499999999999993,0.08198773448773444,-0.12122266662197727,1.0,0.001,6
452,12,3,25,True,,1.0,1.0,0.03395037483719957,0.9444444444444444,0.9880952380952382,0.24848365004284442,0.05555555555555558,0.011904761904761751,-0.21453327520564486,4.6415888336127775,0.001,11
453,10,3,27,True,,0.7666666666666667,0.9063455988455987,0.1373959678132191,0.6666666666666667,0.8816991341991341,0.15164371405374416,0.09999999999999998,0.024646464646464583,-0.01424774624052505,0.21544346900318823,0.21544346900318823,6
454,10,3,27,True,,1.0,0.9999999999999999,0.015795257235107753,0.9,0.9697979797979798,0.24442137600776537,0.09999999999999998,0.03020202020202012,-0.22862611877265762,1.0,0.001,11
455,13,3,24,True,,0.7435897435897436,0.9101362312900775,0.12468933862916634,0.7948717948717949,0.9522349445426369,0.24425865378032072,-0.05128205128205132,-0.04209871325255943,-0.11956931515115438,0.21544346900318823,0.001,7
456,11,4,25,True,,0.8863636363636364,0.9536042240587697,0.07145715449902115,1.0,1.0,0.2426238088286693,-0.11363636363636365,-0.046395775941230344,-0.17116665432964814,1.0,0.001,8
457,11,3,26,True,,0.6666666666666666,0.8478433182978636,0.14198100241769718,0.5454545454545455,0.8463009213009214,0.24440483979574412,0.1212121212121211,0.0015423969969422524,-0.10242383737804694,46.41588833612773,0.001,9
458,8,5,27,True,,0.925,0.9526289682539683,0.1406523012544184,0.7,0.7198412698412698,0.18696775878136127,0.2250000000000001,0.23278769841269842,-0.046315457526942855,2.154434690031882,0.1,9
459,11,4,25,True,,0.7272727272727273,0.8023887728433181,0.11773239914748279,0.6590909090909092,0.8414075823166732,0.24615537647905614,0.06818181818181812,-0.03901880947335512,-0.12842297733157335,1.0,0.001,8
460,10,3,27,True,,0.7666666666666667,0.9187698412698412,0.15720374468695464,0.4666666666666667,0.796024531024531,0.24901149077294085,0.30000000000000004,0.12274531024531021,-0.09180774608598621,4.6415888336127775,0.001,8
461,14,4,22,True,,0.7678571428571429,0.8701265004836434,0.08699091545727938,0.8928571428571428,0.9713435374149659,0.15940700777008174,-0.12499999999999989,-0.10121703693132256,-0.07241609231280235,2.154434690031882,0.46415888336127775,6
462,12,2,26,True,,0.9583333333333333,0.9935897435897437,0.08728616081393768,0.5416666666666666,0.8599888537388537,0.15776714968254074,0.41666666666666663,0.13360088985089003,-0.07048098886860306,1.0,2.154434690031882,9
463,11,3,26,True,,0.9696969696969697,0.9924242424242424,0.19296630849095422,1.0,1.0,0.2458613340109526,-0.030303030303030276,-0.007575757575757569,-0.05289502551999836,0.1,0.001,3
464,11,5,24,True,,0.8181818181818181,0.878146348600894,0.11617400005607789,0.709090909090909,0.8111045520136428,0.3669069182014467,0.10909090909090913,0.06704179658725118,-0.2507329181453688,4.6415888336127775,10.0,11
465,9,2,29,True,,1.0,1.0000000000000002,0.06481920126036379,0.8888888888888888,0.9765432098765434,0.2666095203993821,0.11111111111111116,0.023456790123456805,-0.20179031913901835,100.0,0.46415888336127775,15
466,12,4,24,True,,0.625,0.8449777074777074,0.20739754641130265,0.8333333333333333,0.9408038720538721,0.20884796635365474,-0.20833333333333326,-0.09582616457616466,-0.0014504199423520936,0.1,0.021544346900318832,3
467,13,3,24,True,,0.7435897435897436,0.9101362312900775,0.08077150156291968,0.9487179487179488,0.9897435897435898,0.18482032688549668,-0.20512820512820518,-0.0796073584535123,-0.104048825322577,21.54434690031882,0.21544346900318823,9
468,11,2,27,True,,0.8181818181818181,0.9649678604224059,0.07270027896256573,0.5,0.8087990292535745,0.19196877461872106,0.3181818181818181,0.1561688311688314,-0.11926849565615533,1.0,0.21544346900318823,8
469,9,3,28,True,,0.6666666666666667,0.8321348404681739,0.2102421852507769,0.4444444444444445,0.7639329805996473,0.2512910913263316,0.22222222222222227,0.06820185986852656,-0.0410489060755547,0.1,0.004641588833612777,3
470,10,4,26,True,,0.8,0.8813455988455987,0.0729374442399103,0.725,0.8566991341991341,0.2460248303908131,0.07500000000000007,0.024646464646464583,-0.1730873861509028,21.54434690031882,0.001,10
471,10,5,25,True,,0.8600000000000001,0.9063455988455987,0.07039548660819846,0.66,0.744920634920635,0.4597232279742936,0.20000000000000007,0.16142496392496375,-0.38932774136609516,100.0,100.0,16
472,12,4,24,True,,1.0,1.0,0.032536280269191455,1.0,1.0,0.15156310663718994,0.0,0.0,-0.1190268263679985,21.54434690031882,0.1,12
473,12,3,25,True,,0.8055555555555556,0.9455657768157769,0.11973091765719471,0.8333333333333334,0.9510602823102824,0.2315906715604875,-0.02777777777777779,-0.005494505494505475,-0.11185975390329278,2.154434690031882,0.46415888336127775,9
474,11,3,26,True,,1.0,1.0,0.0007177691071468782,0.7575757575757576,0.936151727060818,0.2146000625673199,0.24242424242424243,0.06384827293918205,-0.213882293460173,10.0,46.41588833612773,14
475,8,4,28,True,,1.0,1.0,0.09664017607942771,0.71875,0.7602678571428572,0.1912922523394112,0.28125,0.23973214285714284,-0.09465207625998348,4.6415888336127775,46.41588833612773,8
476,8,3,29,True,,1.0,1.0,0.07668203456683807,0.5833333333333334,0.7481150793650794,0.2455935576953299,0.41666666666666663,0.25188492063492063,-0.16891152312849184,4.6415888336127775,0.001,8
477,10,3,27,True,,1.0,0.9999999999999999,0.027454021253418896,0.8,0.9354365079365078,0.1855172517765091,0.19999999999999996,0.0645634920634921,-0.1580632305230902,46.41588833612773,1.0,11
478,12,4,24,True,,0.7916666666666666,0.8877666315166315,0.08191746314357033,0.8541666666666666,0.9455657768157768,0.24520604048219308,-0.0625,-0.057799145299145316,-0.16328857733862273,21.54434690031882,0.001,8
479,9,5,26,True,,0.7777777777777778,0.7765792849126183,0.14182850210234293,0.9333333333333333,0.9722222222222223,0.24535850782736685,-0.15555555555555556,-0.19564293730960403,-0.10353000572502391,100.0,0.001,11
480,9,4,27,True,,0.6944444444444444,0.7667027417027418,0.15117759972146033,1.0,1.0000000000000002,0.21068848168379836,-0.3055555555555556,-0.23329725829725845,-0.05951088196233803,2.154434690031882,0.01,5
481,11,2,27,True,,1.0,1.0,0.19723003973272257,0.9545454545454546,0.9924242424242424,0.11548689941380585,0.045454545454545414,0.007575757575757569,0.08174314031891672,0.1,1.0,3
482,9,4,27,True,,0.7222222222222222,0.7765792849126183,0.15233511592944,0.5277777777777777,0.708701175367842,0.24315850231755873,0.19444444444444453,0.06787810954477624,-0.09082338638811874,46.41588833612773,0.21544346900318823,10
483,11,4,25,True,,0.6136363636363636,0.8142181051271961,0.22027924603353466,0.8636363636363636,0.9562770562770564,0.14075892301316265,-0.25,-0.14205895114986034,0.07952032302037201,0.21544346900318823,10.0,6
484,9,3,28,True,,0.8148148148148149,0.9282627865961202,0.17556887754266473,0.888888888888889,0.9626543209876546,0.24259594739718573,-0.07407407407407407,-0.03439153439153442,-0.067027069854521,0.1,0.001,3
485,6,3,31,True,,1.0,1.0,0.09825482914515532,1.0,1.0,0.24497833829618004,0.0,0.0,-0.14672350915102472,100.0,0.001,16
486,10,2,28,True,,0.55,0.8480122655122654,0.23542985719284495,0.95,0.9909090909090909,0.24453029089587405,-0.3999999999999999,-0.14289682539682547,-0.009100433703029098,0.1,0.001,3
487,11,4,25,True,,0.9545454545454546,0.9841597796143251,0.06566569195296185,0.7954545454545454,0.8845566050111505,0.24474816592814605,0.15909090909090917,0.09960317460317458,-0.1790824739751842,46.41588833612773,0.001,14
488,14,2,24,True,,1.0,1.0,0.0005820024086225093,1.0,1.0,0.24422180872591623,0.0,0.0,-0.2436398063172937,100.0,0.001,15
489,8,3,29,True,,1.0,1.0,0.0002578542717317629,0.9583333333333334,0.9861111111111112,0.24448252023810715,0.04166666666666663,0.01388888888888884,-0.2442246659663754,46.41588833612773,0.001,13
490,11,3,26,True,,1.0,1.0,0.0632973810751775,0.7575757575757576,0.919055439509985,0.408806634257655,0.24242424242424243,0.08094456049001497,-0.3455092531824775,0.46415888336127775,100.0,8
491,14,3,23,True,,0.9047619047619049,0.9786891679748823,0.11498646852817501,0.7142857142857143,0.9333703994418279,0.24706883957883838,0.19047619047619058,0.04531876853305439,-0.13208237105066337,46.41588833612773,0.001,14
492,11,4,25,True,,1.0,1.0,0.038632021859241264,0.8636363636363636,0.9543335452426362,0.13167576708560624,0.13636363636363635,0.04566645475736375,-0.09304374522636498,2.154434690031882,4.6415888336127775,9
493,13,3,24,True,,0.6923076923076924,0.8652644364182825,0.18191631121487473,1.0,1.0,0.2451421031524822,-0.3076923076923076,-0.13473556358171745,-0.06322579193760747,0.1,0.001,2
494,9,2,29,True,,1.0,1.0000000000000002,0.009082151223381834,0.9444444444444444,0.9888888888888889,0.1566719068044845,0.05555555555555558,0.011111111111111294,-0.14758975558110268,4.6415888336127775,0.21544346900318823,9
495,11,2,27,True,,0.8636363636363636,0.9750688705234161,0.07255852828819767,0.5,0.8087990292535745,0.07999608638076715,0.36363636363636365,0.16626984126984157,-0.007437558092569477,2.154434690031882,46.41588833612773,7
496,11,5,24,True,,1.0,1.0,0.10994036662408076,0.8,0.8087990292535747,0.11489932476704795,0.19999999999999996,0.19120097074642528,-0.004958958142967193,21.54434690031882,1.0,12
497,10,3,27,True,,0.9333333333333333,0.9809090909090908,0.09661998249482052,0.6333333333333333,0.7904365079365079,0.20932009284160635,0.30000000000000004,0.19047258297258296,-0.11270011034678583,21.54434690031882,0.046415888336127774,10
498,11,3,26,True,,1.0,1.0,0.027749471877197344,0.9090909090909091,0.9777495232040687,0.18745327466525705,0.09090909090909094,0.022250476795931284,-0.1597038027880597,1.0,0.21544346900318823,8
499,8,3,29,True,,0.9583333333333334,0.9861111111111112,0.08793395626537996,0.9166666666666667,0.9704861111111112,0.24492838444354173,0.04166666666666663,0.015625,-0.15699442817816178,21.54434690031882,0.001,10
500,10,2,28,True,,1.0,0.9999999999999999,0.011470940199233906,0.75,0.9497222222222222,0.2476911268540988,0.25,0.050277777777777644,-0.23622018665486488,21.54434690031882,0.001,12
501,12,3,25,True,,0.8333333333333334,0.9510602823102824,0.06607949728047482,0.6388888888888888,0.8128276815776815,0.13132185849249367,0.19444444444444453,0.1382326007326009,-0.06524236121201885,1.0,0.46415888336127775,7
502,13,2,25,True,,1.0,0.9999999999999998,0.01325354506011473,0.9230769230769231,0.9897435897435896,0.12028706885125008,0.07692307692307687,0.01025641025641022,-0.10703352379113536,10.0,0.46415888336127775,12
503,10,3,27,True,,0.7333333333333334,0.8813455988455987,0.12989510182523822,0.7333333333333334,0.9183658008658008,0.24346769117204942,0.0,-0.037020202020202064,-0.11357258934681119,0.21544346900318823,0.001,4
504,9,5,26,True,,0.8444444444444444,0.8782627865961201,0.11167436019827008,0.8,0.7856701940035274,0.10888148057542014,0.0444444444444444,0.09259259259259267,0.0027928796228499364,1.0,1.0,7
505,13,4,23,True,,1.0,1.0,0.10625316335760814,0.6730769230769231,0.8084068709068708,0.16117827219828648,0.32692307692307687,0.1915931290931292,-0.05492510884067835,0.21544346900318823,0.46415888336127775,4
506,10,5,25,True,,0.8,0.7980122655122655,0.1833110975499891,0.9,0.9497222222222222,0.1356463627259334,-0.09999999999999998,-0.1517099567099568,0.0476647348240557,0.1,1.0,4
507,9,3,28,True,,0.962962962962963,0.9888888888888892,0.08409137670952192,1.0,1.0000000000000002,0.13612245404089504,-0.03703703703703698,-0.011111111111111072,-0.05203107733137312,1.0,0.46415888336127775,8
508,8,4,28,True,,0.96875,0.9861111111111112,0.09657906249915593,0.6875,0.7481150793650794,0.21962058587804736,0.28125,0.2379960317460318,-0.12304152337889143,0.46415888336127775,4.6415888336127775,5
509,11,2,27,True,,0.5909090909090909,0.8845566050111504,0.19469140183854972,0.5454545454545454,0.9118010777101686,0.24865644252370905,0.045454545454545525,-0.027244472699018196,-0.05396504068515934,0.21544346900318823,0.001,3
510,10,6,24,True,,0.8500000000000001,0.8905880230880231,0.1138165756688807,0.8500000000000001,0.9016991341991343,0.2451254796383598,0.0,-0.011111111111111183,-0.13130890396947908,1.0,0.001,8
511,10,4,26,True,,1.0,0.9999999999999999,0.006400355045528661,0.925,0.9697979797979798,0.24409860121788451,0.07499999999999996,0.03020202020202012,-0.23769824617235585,10.0,0.001,11
512,12,4,24,True,,1.0,1.0,0.1710957666332658,1.0,1.0,0.12135714352157995,0.0,0.0,0.049738623111685865,0.1,1.0,2
513,12,3,25,True,,1.0,1.0,0.006449270655323248,0.9722222222222223,0.9935897435897437,0.19164082779832473,0.02777777777777768,0.0064102564102562765,-0.18519155714300148,21.54434690031882,0.046415888336127774,13
514,14,4,22,True,,0.875,0.9571162964020107,0.07088678758265883,0.8214285714285714,0.9338169766741196,0.13073504854557708,0.0535714285714286,0.02329931972789112,-0.059848260962918245,0.46415888336127775,21.54434690031882,7
515,13,4,23,True,,1.0,1.0,0.03566171137350508,1.0,1.0,0.22279058934409435,0.0,0.0,-0.18712887797058927,1.0,0.004641588833612777,10
516,9,4,27,True,,0.9722222222222222,0.9888888888888892,0.12696468896094731,0.5833333333333334,0.7283389450056118,0.29789431549313306,0.38888888888888884,0.26054994388327735,-0.17092962653218574,4.6415888336127775,46.41588833612773,8
517,10,2,28,True,,1.0,0.9999999999999999,0.00020548947278389363,0.75,0.9497222222222222,0.17353167352074364,0.25,0.050277777777777644,-0.17332618404795974,10.0,100.0,11
518,9,4,27,True,,0.5277777777777778,0.6807679974346641,0.15418144065657455,1.0,1.0000000000000002,0.24360015000824448,-0.4722222222222222,-0.3192320025653361,-0.08941870935166993,100.0,0.001,16
519,9,3,28,True,,0.6666666666666667,0.7856701940035273,0.16023715525249063,0.6666666666666667,0.8321348404681739,0.1729061337366281,0.0,-0.04646464646464654,-0.012668978484137478,4.6415888336127775,2.154434690031882,6
520,9,4,27,True,,0.75,0.7856701940035273,0.14673936152792416,0.9166666666666666,0.9722222222222223,0.14223212022154327,-0.16666666666666663,-0.186552028218695,0.004507241306380888,0.46415888336127775,0.21544346900318823,7
521,10,4,26,True,,0.875,0.9540404040404039,0.13949883542531488,0.625,0.8374531024531024,0.2475265325880173,0.25,0.11658730158730146,-0.10802769716270241,4.6415888336127775,0.001,11
522,12,4,24,True,,0.7291666666666667,0.8991443741443741,0.12282198323073212,0.7291666666666667,0.8486182798682798,0.12601328509110277,0.0,0.050526094276094335,-0.0031913018603706433,10.0,1.0,6
523,10,3,27,True,,0.7000000000000001,0.8480122655122654,0.20313603329194418,0.7333333333333334,0.9123595848595848,0.2469017971092859,-0.033333333333333326,-0.06434731934731941,-0.04376576381734171,0.1,0.001,3
524,12,4,24,True,,0.7916666666666666,0.8877666315166315,0.16134331401087898,0.7916666666666666,0.8877666315166315,0.1259237144237882,0.0,0.0,0.03541959958709079,0.1,100.0,2
525,10,3,27,True,,0.9,0.9697979797979798,0.1434078739064743,0.9333333333333333,0.9833333333333333,0.24697720662643308,-0.033333333333333326,-0.013535353535353511,-0.10356933271995877,21.54434690031882,0.001,8
526,13,2,25,True,,0.8846153846153846,0.9821780783319243,0.06651736250298863,0.5,0.8268028979567441,0.12670489760825351,0.3846153846153846,0.15537518037518017,-0.06018753510526488,0.46415888336127775,21.54434690031882,6
527,9,4,27,True,,0.8333333333333334,0.9060405643738978,0.09918523995398004,0.6666666666666666,0.8233605900272567,0.24481773814887078,0.16666666666666674,0.0826799743466411,-0.14563249819489074,0.46415888336127775,0.001,7
528,13,4,23,True,,1.0,1.0,0.11777505341096652,0.8461538461538463,0.9590771219730496,0.15523273382573582,0.15384615384615374,0.04092287802695038,-0.03745768041476931,0.21544346900318823,10.0,6
529,11,3,26,True,,0.9696969696969697,0.9924242424242424,0.06761092878264595,0.9393939393939393,0.986013986013986,0.2447572148900215,0.030303030303030387,0.0064102564102563875,-0.17714628610737554,100.0,0.001,17
530,9,2,29,True,,1.0,1.0000000000000002,0.012055190081330517,1.0,1.0000000000000002,0.24490997527558178,0.0,0.0,-0.23285478519425126,21.54434690031882,0.001,14
531,13,3,24,True,,0.7948717948717949,0.9383413594952057,0.12768913386065525,0.9743589743589745,0.9945054945054945,0.10549992990438253,-0.17948717948717952,-0.05616413501028883,0.02218920395627272,100.0,2.154434690031882,17
532,11,3,26,True,,0.6666666666666667,0.8087990292535745,0.1791570214330304,0.9090909090909092,0.9750688705234161,0.2455897166548981,-0.24242424242424243,-0.16626984126984157,-0.0664326952218677,0.1,0.001,3
533,8,3,29,True,,0.9583333333333334,0.9861111111111112,0.09315839720930526,0.9166666666666666,0.975,0.24350110624107185,0.04166666666666674,0.011111111111111183,-0.1503427090317666,100.0,0.001,19
534,11,3,26,True,,0.8787878787878789,0.9649678604224059,0.07514382027954382,0.696969696969697,0.85425357470812,0.24285808948987384,0.18181818181818188,0.11071428571428588,-0.16771426921033,46.41588833612773,0.0021544346900318843,14
535,8,4,28,True,,0.75,0.7713789682539683,0.13449956901588037,0.875,0.9415178571428572,0.24348357121951061,-0.125,-0.17013888888888884,-0.10898400220363025,0.46415888336127775,0.001,8
536,10,5,25,True,,0.9400000000000001,0.9697979797979798,0.08499076590091928,0.78,0.8939213564213563,0.24834293508029354,0.16000000000000003,0.07587662337662349,-0.16335216917937426,21.54434690031882,0.001,11
537,10,4,26,True,,0.7,0.8233658008658008,0.13328669207871469,0.9,0.9651515151515152,0.18680285913867659,-0.20000000000000007,-0.1417857142857144,-0.0535161670599619,1.0,0.21544346900318823,6
538,12,3,25,True,,0.638888888888889,0.8716341528841529,0.22783627161133782,0.638888888888889,0.886154354904355,0.3095024315020556,0.0,-0.0145202020202021,-0.08166615989071777,0.1,100.0,1
539,7,3,30,True,,1.0,1.0,0.021953228121450823,0.7619047619047619,0.9214285714285713,0.1943110833851659,0.23809523809523814,0.07857142857142874,-0.17235785526371508,0.46415888336127775,0.21544346900318823,9
540,12,3,25,True,,0.9166666666666667,0.9790695415695417,0.06381143431795393,0.5833333333333334,0.8006384818884819,0.24647438618722053,0.33333333333333337,0.17843105968105988,-0.18266295186926662,10.0,0.001,12
541,11,4,25,True,,0.8181818181818181,0.9072838777384233,0.1907533194361676,0.7045454545454546,0.8599372849372849,0.19742905045054993,0.11363636363636354,0.0473465928011384,-0.006675731014382319,0.1,10.0,2
542,13,5,22,True,,0.9846153846153847,0.9945054945054945,0.08825220767082452,0.7692307692307693,0.8512640137640137,0.2435570769295769,0.2153846153846154,0.1432414807414808,-0.15530486925875236,46.41588833612773,0.001,11
543,11,4,25,True,,0.9772727272727273,0.9924242424242424,0.08490654843941299,0.9772727272727273,0.9924242424242424,0.23496363713434273,0.0,0.0,-0.15005708869492973,1.0,0.004641588833612777,10
544,13,3,24,True,,0.6666666666666667,0.8268028979567441,0.07154130116640575,0.9743589743589745,0.9945054945054945,0.09288688611174223,-0.3076923076923077,-0.16770259654875042,-0.021345584945336477,10.0,0.46415888336127775,9
545,9,5,26,True,,0.8444444444444444,0.8782627865961201,0.1663560386136824,0.8666666666666667,0.9060405643738978,0.24461434840046528,-0.022222222222222254,-0.02777777777777768,-0.07825830978678289,0.1,0.001,3
546,9,3,28,True,,0.7037037037037037,0.8412257495590829,0.14910887071959764,0.6296296296296298,0.8245590828924163,0.2483930346929959,0.07407407407407396,0.016666666666666607,-0.09928416397339826,0.46415888336127775,0.001,8
547,9,4,27,True,,0.8888888888888888,0.9467813051146385,0.07775017638152966,0.7777777777777778,0.8412257495590829,0.11917081361325305,0.11111111111111105,0.10555555555555562,-0.04142063723172339,1.0,1.0,7
548,9,4,27,True,,0.6944444444444444,0.8114558281224948,0.18705511133459116,0.6944444444444444,0.8567901234567903,0.24780229650327007,0.0,-0.04533429533429545,-0.06074718516867891,0.46415888336127775,0.001,6
549,11,3,26,True,,1.0,1.0,0.0003576844996471787,0.9393939393939393,0.986013986013986,0.26634046363611374,0.06060606060606066,0.013986013986013957,-0.26598277913646656,46.41588833612773,100.0,11
550,13,3,24,True,,0.6923076923076924,0.8652644364182825,0.18647100304341005,0.8205128205128207,0.9585641922180385,0.24547403238637752,-0.1282051282051283,-0.09329975579975591,-0.05900302934296747,0.1,0.001,4
551,10,5,25,True,,0.88,0.9354365079365078,0.1396432655801429,0.7,0.7529292929292929,0.1727089878891998,0.18000000000000005,0.1825072150072149,-0.03306572230905691,0.21544346900318823,100.0,3
552,10,6,24,True,,0.7833333333333334,0.778531746031746,0.14576678097493068,0.8166666666666667,0.8752888777888778,0.24921332603087337,-0.033333333333333215,-0.09675713175713174,-0.1034465450559427,0.46415888336127775,46.41588833612773,7
553,10,4,26,True,,0.75,0.7980122655122655,0.08571638248097613,1.0,0.9999999999999999,0.08725127667796417,-0.25,-0.20198773448773444,-0.0015348941969880459,4.6415888336127775,2.154434690031882,9
554,11,3,26,True,,0.6666666666666666,0.8478433182978636,0.19772188015794992,0.5454545454545454,0.8165990575081484,0.2472101151854315,0.12121212121212122,0.031244260789715206,-0.04948823502748159,0.1,0.001,4
555,12,3,25,True,,1.0,1.0,0.1662568847592515,0.888888888888889,0.9752747252747255,0.15354150211975817,0.11111111111111105,0.024725274725274526,0.012715382639493317,0.21544346900318823,100.0,8
556,14,3,23,True,,0.9047619047619049,0.9786891679748823,0.06298032591532418,0.6428571428571429,0.8302455481026909,0.1866531875711302,0.261904761904762,0.14844361987219135,-0.12367286165580602,2.154434690031882,2.154434690031882,11
557,11,3,26,True,,1.0,1.0,0.09269047091354922,0.9696969696969697,0.9924242424242424,0.15232865459705008,0.030303030303030276,0.007575757575757569,-0.059638183683500864,0.46415888336127775,1.0,9
558,9,3,28,True,,1.0,1.0000000000000002,0.08227716346722214,0.7407407407407408,0.8782627865961199,0.24423587393174184,0.2592592592592592,0.12173721340388033,-0.1619587104645197,10.0,0.001,8
559,13,4,23,True,,0.8076923076923077,0.9101362312900774,0.16346907502666932,0.8461538461538461,0.9445684657223119,0.17131099954197984,-0.038461538461538436,-0.03443223443223453,-0.007841924515310517,0.1,0.21544346900318823,1
560,11,3,26,True,,1.0,1.0,0.02305200683460193,0.9393939393939393,0.986013986013986,0.12223960555823925,0.06060606060606066,0.013986013986013957,-0.09918759872363732,10.0,0.21544346900318823,12
561,10,2,28,True,,0.6,0.8813455988455987,0.1846237072500172,0.8,0.9572979797979798,0.24453455419961764,-0.20000000000000007,-0.0759523809523811,-0.059910846949600444,0.1,0.001,2
562,9,3,28,True,,0.925925925925926,0.9765432098765434,0.0980395999882558,0.7037037037037037,0.8412257495590829,0.16906933833967328,0.22222222222222232,0.1353174603174605,-0.07102973835141747,46.41588833612773,46.41588833612773,13
563,11,2,27,True,,0.7727272727272727,0.9536042240587697,0.0804470434305963,1.0,1.0,0.24540152753851793,-0.2272727272727273,-0.046395775941230344,-0.16495448410792163,46.41588833612773,0.001,12
564,10,4,26,True,,1.0,0.9999999999999999,0.031944758636649924,1.0,0.9999999999999999,0.24358885601439212,0.0,0.0,-0.2116440973777422,100.0,0.001,14
565,9,3,28,True,,1.0,1.0000000000000002,0.015318506668704518,0.8518518518518519,0.9535634118967453,0.24602306361980222,0.14814814814814814,0.046436588103254905,-0.2307045569510977,21.54434690031882,0.001,11
566,10,5,25,True,,0.8600000000000001,0.9063455988455987,0.128121458856621,0.76,0.8233658008658008,0.1506070434447538,0.10000000000000009,0.08297979797979793,-0.022485584588132823,0.21544346900318823,0.46415888336127775,6
567,13,4,23,True,,0.7692307692307693,0.9304764679764681,0.19158306948806456,0.6153846153846154,0.8194024992101916,0.24682885942338734,0.15384615384615385,0.11107396876627651,-0.05524578993532278,0.1,0.001,4
568,13,4,23,True,,0.7692307692307693,0.8652644364182824,0.17620309142357066,0.8846153846153846,0.9653513153513154,0.24524393886654328,-0.11538461538461531,-0.10008687893303292,-0.06904084744297262,0.1,0.001,2
569,12,3,25,True,,0.3055555555555556,0.732578995078995,0.2550448848636255,0.5555555555555556,0.7938203000703,0.1938819602584644,-0.25,-0.06124130499130498,0.06116292460516107,0.1,46.41588833612773,4
570,12,4,24,True,,0.875,0.9613858363858363,0.1774443956990715,0.9166666666666666,0.973575036075036,0.24269966447050018,-0.04166666666666663,-0.012189199689199737,-0.06525526877142868,0.1,0.001,3
571,12,6,22,True,,1.0,1.0,0.05460602471294577,0.6527777777777778,0.7275284900284901,0.2218785825855453,0.3472222222222222,0.27247150997150993,-0.16727255787259954,0.46415888336127775,100.0,5
572,10,3,27,True,,0.6666666666666667,0.7980122655122655,0.15362623591653984,0.8,0.9354365079365078,0.17390766533400515,-0.1333333333333333,-0.13742424242424234,-0.020281429417465302,0.46415888336127775,1.0,9
573,14,4,22,True,,0.9464285714285714,0.9846415489272632,0.10879954424200554,0.8035714285714286,0.91179316715031,0.2448406848771708,0.1428571428571428,0.07284838177695319,-0.13604114063516526,0.46415888336127775,0.001,7
574,11,4,25,True,,0.75,0.8087990292535747,0.09144282839103525,0.8409090909090909,0.9254656959202414,0.2448143639892701,-0.09090909090909094,-0.1166666666666667,-0.15337153559823485,0.46415888336127775,0.001,6
575,10,4,26,True,,0.775,0.9016991341991342,0.173979991414214,0.875,0.9558119658119658,0.2450098034520399,-0.09999999999999998,-0.05411283161283165,-0.0710298120378259,0.1,0.001,4
576,7,2,31,True,,1.0,1.0,0.003171300612300537,0.8571428571428572,0.9617346938775511,0.17697312113928598,0.1428571428571428,0.03826530612244894,-0.17380182052698545,10.0,0.046415888336127774,14
577,12,5,23,True,,0.9500000000000001,0.9790695415695415,0.08861235888567696,0.7666666666666666,0.8080657768157767,0.15065116538131246,0.18333333333333346,0.17100376475376478,-0.06203880649563549,2.154434690031882,46.41588833612773,10
578,12,4,24,True,,0.75,0.8544943482443482,0.1882330379118744,0.6041666666666666,0.8477665852665852,0.2449349822252344,0.14583333333333337,0.006727762977763008,-0.05670194431336001,0.1,0.001,3
579,7,5,28,True,,0.8285714285714286,0.8260204081632654,0.12901783075384174,0.9714285714285715,0.982142857142857,0.1358718325366162,-0.1428571428571429,-0.1561224489795916,-0.006854001782774455,0.21544346900318823,0.1,4
580,12,4,24,True,,0.7291666666666666,0.8128276815776816,0.23415732479987988,0.7291666666666667,0.8716341528841529,0.17546586454167593,-1.1102230246251565e-16,-0.05880647130647132,0.05869146025820396,0.1,0.46415888336127775,1
581,9,5,26,True,,0.8222222222222223,0.8412257495590829,0.18130533703353477,0.9111111111111112,0.9467813051146385,0.24399771688405072,-0.0888888888888889,-0.10555555555555562,-0.06269237985051596,0.1,0.001,4
582,9,5,26,True,,0.8,0.7856701940035274,0.1509499396016593,0.6666666666666666,0.7752525252525253,0.24626021180959773,0.13333333333333341,0.01041766875100214,-0.09531027220793842,2.154434690031882,0.001,11
583,13,4,23,True,,0.9615384615384616,0.9897435897435898,0.11576560808025027,0.6730769230769231,0.868440960748653,0.24384630747840638,0.28846153846153844,0.12130262899493682,-0.1280806993981561,100.0,0.001,12
584,13,3,24,True,,1.0,1.0,0.019863716341357186,0.8717948717948718,0.9704231665770128,0.24523600043671678,0.1282051282051282,0.029576833422987225,-0.2253722840953596,2.154434690031882,0.001,9
585,9,4,27,True,,0.6666666666666666,0.7559002725669393,0.22420427881644933,0.8333333333333333,0.9191718775052109,0.24456565572994024,-0.16666666666666663,-0.16327160493827164,-0.02036137691349091,100.0,0.001,17
586,14,3,23,True,,0.8095238095238095,0.9481877249734392,0.15904490424765175,0.5714285714285716,0.8665136567447491,0.22344267728536527,0.23809523809523792,0.08167406822869006,-0.06439777303771352,100.0,0.21544346900318823,13
587,9,2,29,True,,0.5555555555555556,0.8412257495590829,0.24058901630700913,0.8333333333333333,0.9674523007856342,0.24609651120727713,-0.2777777777777777,-0.12622655122655124,-0.005507494900268001,0.1,0.001,4
588,10,3,27,True,,0.8666666666666667,0.9622222222222222,0.12402448488800531,0.7,0.9086435786435786,0.246373269265677,0.16666666666666674,0.053578643578643614,-0.12234878437767167,0.21544346900318823,0.001,6
589,11,2,27,True,,1.0,1.0,0.01354513361238422,0.9090909090909091,0.986013986013986,0.12734557400505445,0.09090909090909094,0.013986013986013957,-0.11380044039267023,4.6415888336127775,0.46415888336127775,12
590,10,3,27,True,,0.6333333333333333,0.7904365079365079,0.24309626116753275,0.9666666666666668,0.9909090909090909,0.1229466035339544,-0.3333333333333335,-0.20047258297258297,0.12014965763357835,0.1,0.46415888336127775,3
591,10,2,28,True,,1.0,0.9999999999999999,0.02591175029156075,1.0,0.9999999999999999,0.09245751022590187,0.0,0.0,-0.06654575993434113,100.0,0.46415888336127775,10
592,9,3,28,True,,1.0,1.0000000000000002,0.022731378491902415,1.0,1.0000000000000002,0.17936960393316745,0.0,0.0,-0.15663822544126504,21.54434690031882,0.046415888336127774,12
593,11,3,26,True,,0.9696969696969697,0.9924242424242424,0.06824249130862049,1.0,1.0,0.09045771730636129,-0.030303030303030276,-0.007575757575757569,-0.022215225997740798,46.41588833612773,4.6415888336127775,11
594,9,5,26,True,,0.9777777777777779,0.9888888888888892,0.0695705202452133,0.8,0.7856701940035274,0.12693441090296337,0.1777777777777778,0.2032186948853617,-0.05736389065775006,0.46415888336127775,0.46415888336127775,6
595,10,5,25,True,,0.8400000000000001,0.8813455988455987,0.1321326944180848,0.5800000000000001,0.7654836829836829,0.24617769201076983,0.26,0.11586191586191585,-0.11404499759268502,46.41588833612773,0.001,9
596,11,3,26,True,,0.696969696969697,0.85425357470812,0.21047874090874932,0.8484848484848485,0.9536042240587697,0.22713778655160385,-0.1515151515151515,-0.09935064935064963,-0.01665904564285453,0.1,0.01,4
597,14,3,23,True,,1.0,1.0,0.04997815691450192,0.8333333333333334,0.9608861376718519,0.24694431235325787,0.16666666666666663,0.039113862328148064,-0.19696615543875595,100.0,0.001,11
598,10,4,26,True,,0.75,0.891976911976912,0.1920615487472212,0.7,0.8748523698523698,0.24786619063460516,0.050000000000000044,0.017124542124542175,-0.05580464188738396,1.0,0.001,8
599,8,4,28,True,,0.625,0.7198412698412698,0.1663160296150014,0.84375,0.9381313131313131,0.21550383685533167,-0.21875,-0.2182900432900433,-0.049187807240330284,100.0,0.1,14
600,11,4,25,True,,0.5,0.7875609239245602,0.22609866980632642,0.7727272727272727,0.9047303706394616,0.1706303641597586,-0.2727272727272727,-0.11716944671490137,0.05546830564656782,0.1,0.1,2
602,10,4,26,True,,0.775,0.8480122655122654,0.18611268280591603,0.85,0.941540404040404,0.24388727328179227,-0.07499999999999996,-0.09352813852813857,-0.05777459047587624,0.1,0.001,2
603,14,4,22,True,,0.6071428571428571,0.7915285111713684,0.11125028876162263,1.0,1.0,0.246357015380616,-0.3928571428571429,-0.20847148882863165,-0.13510672661899337,2.154434690031882,0.001,8
604,11,3,26,True,,0.7575757575757577,0.9072838777384231,0.1972991373670833,0.5151515151515151,0.8316673225764135,0.24637518428469254,0.24242424242424254,0.0756165551620096,-0.04907604691760925,0.1,0.001,4
605,10,3,27,True,,0.6333333333333333,0.7904365079365079,0.24083373218285825,0.9,0.9769230769230769,0.2468449585174087,-0.2666666666666667,-0.186486568986569,-0.006011226334550451,0.1,0.001,4
606,11,4,25,True,,0.8409090909090908,0.9342069546615002,0.1268294087495967,0.7045454545454546,0.8583267742358651,0.24420133572670216,0.13636363636363624,0.07588018042563505,-0.11737192697710547,21.54434690031882,0.001,10
607,11,2,27,True,,1.0,1.0,0.04700539203940525,0.8636363636363636,0.9750688705234161,0.24406892749434295,0.13636363636363635,0.024931129476583935,-0.1970635354549377,4.6415888336127775,0.001,7
608,11,3,26,True,,0.9393939393939394,0.9841597796143251,0.06594817522492048,0.6666666666666667,0.8087990292535745,0.14809385236837408,0.2727272727272727,0.1753607503607506,-0.0821456771434536,2.154434690031882,4.6415888336127775,9
609,10,3,27,True,,1.0,0.9999999999999999,0.029279969666560948,0.9666666666666668,0.9909090909090909,0.2449820950245073,0.033333333333333215,0.009090909090909038,-0.21570212535794636,4.6415888336127775,0.001,9
610,12,3,25,True,,0.6944444444444445,0.8599888537388537,0.19256761547480392,1.0,1.0,0.0755016769694177,-0.30555555555555547,-0.1400111462611463,0.11706593850538621,0.1,2.154434690031882,5
611,9,5,26,True,,0.8222222222222223,0.8412257495590829,0.17451715439779106,0.7555555555555555,0.7667027417027418,0.1653146163012449,0.06666666666666676,0.07452300785634114,0.00920253809654617,0.1,0.46415888336127775,3
612,12,3,25,True,,1.0,1.0,0.19015179360726045,0.6666666666666667,0.818322187072187,0.11284094703240793,0.33333333333333326,0.18167781292781304,0.07731084657485252,0.1,46.41588833612773,2
613,10,4,26,True,,0.775,0.8480122655122654,0.15177340397238512,0.65,0.7636435786435787,0.2448472799141744,0.125,0.0843686868686867,-0.09307387594178929,2.154434690031882,21.54434690031882,10
614,11,2,27,True,,1.0,1.0,0.021724072796215684,1.0,1.0,0.24626779011080469,0.0,0.0,-0.224543717314589,4.6415888336127775,0.001,10
615,11,3,26,True,,0.8181818181818182,0.9406172110717566,0.08414583891407777,0.696969696969697,0.8953791158336613,0.14883368439492103,0.12121212121212122,0.0452380952380953,-0.06468784548084326,0.46415888336127775,2.154434690031882,5
616,8,4,28,True,,0.84375,0.906795634920635,0.13243966861891543,0.875,0.9317956349206349,0.24409008553759914,-0.03125,-0.02499999999999991,-0.11165041691868371,0.21544346900318823,0.001,5
617,13,4,23,True,,0.8461538461538461,0.9383413594952057,0.0637151018194358,0.7692307692307692,0.9172560345637268,0.24617551216673667,0.07692307692307698,0.021085324931478855,-0.18246041034730087,21.54434690031882,0.001,10
618,14,3,23,True,,1.0,1.0,0.008375229269716195,1.0,1.0,0.11083427792779615,0.0,0.0,-0.10245904865807996,4.6415888336127775,1.0,12
619,12,3,25,True,,0.9722222222222223,0.9935897435897437,0.06467007677668066,0.8333333333333334,0.9593656343656344,0.24338805406735858,0.13888888888888895,0.034224109224109345,-0.17871797729067793,46.41588833612773,0.001,18
620,10,3,27,True,,1.0,0.9999999999999999,0.04052315742791958,0.9666666666666668,0.9909090909090909,0.24657880177837238,0.033333333333333215,0.009090909090909038,-0.20605564435045282,21.54434690031882,0.001,14
621,10,4,26,True,,0.975,0.9909090909090909,0.06480962890087452,0.775,0.8480122655122654,0.14334277900179765,0.19999999999999996,0.14289682539682547,-0.07853315010092313,1.0,0.1,7
622,10,4,26,True,,0.675,0.8548523698523698,0.1927763767200607,0.775,0.8923595848595848,0.2482803457550054,-0.09999999999999998,-0.03750721500721499,-0.0555039690349447,0.21544346900318823,0.001,6
623,12,5,23,True,,0.8166666666666667,0.8983435545935546,0.14025943760747836,0.9333333333333333,0.9707362082362082,0.24601377443767541,-0.1166666666666667,-0.07239265364265357,-0.10575433683019705,0.21544346900318823,0.001,6
624,16,3,21,True,,1.0,1.0,0.003577655180524666,0.9166666666666667,0.9837863270308124,0.2459906156226596,0.08333333333333326,0.01621367296918763,-0.24241296044213492,4.6415888336127775,0.001,10
625,12,4,24,True,,0.6666666666666667,0.859660247160247,0.1926426001781505,0.8958333333333333,0.9652417027417027,0.24454860563532513,-0.22916666666666652,-0.10558145558145571,-0.05190600545717464,0.1,0.001,2
626,14,3,23,True,,0.761904761904762,0.9260788814360243,0.169387622563457,0.7857142857142857,0.9485278610278609,0.2451856554487841,-0.023809523809523725,-0.02244897959183656,-0.0757980328853271,0.1,0.001,3
627,12,3,25,True,,0.6666666666666667,0.818322187072187,0.2225539234931911,0.888888888888889,0.9707362082362084,0.24648602293219346,-0.2222222222222222,-0.15241402116402147,-0.023932099439002347,0.21544346900318823,0.001,3
628,12,3,25,True,,1.0,1.0,0.0045651720648447365,0.888888888888889,0.9735750360750363,0.24447596811943265,0.11111111111111105,0.02642496392496374,-0.2399107960545879,2.154434690031882,0.001,8
629,12,2,26,True,,1.0,1.0,0.030084904286982052,0.9583333333333333,0.9935897435897437,0.2476653316515725,0.04166666666666674,0.0064102564102562765,-0.21758042736459046,4.6415888336127775,0.001,11
630,11,3,26,True,,0.6060606060606061,0.7955017205017203,0.14029245984907188,0.5757575757575758,0.7880637039727947,0.2637967998844442,0.030303030303030276,0.007438016528925617,-0.12350434003537233,100.0,46.41588833612773,13
631,10,3,27,True,,0.6666666666666667,0.7980122655122655,0.07776859022970975,0.8666666666666667,0.9622222222222222,0.2424328105038961,-0.19999999999999996,-0.16420995670995675,-0.16466422027418634,46.41588833612773,0.001,12
632,9,4,27,True,,0.8333333333333334,0.9060405643738978,0.1707532621879247,0.75,0.7856701940035273,0.25200003823872835,0.08333333333333337,0.12037037037037046,-0.08124677605080366,0.21544346900318823,2.154434690031882,4
633,10,4,26,True,,0.75,0.8404365079365078,0.11423828424491216,0.95,0.9833333333333333,0.17791804962611213,-0.19999999999999996,-0.14289682539682547,-0.06367976538119997,2.154434690031882,0.1,8
634,12,3,25,True,,1.0,1.0,0.06679858571279437,0.8333333333333334,0.9510602823102824,0.244529633363229,0.16666666666666663,0.04893971768971761,-0.17773104765043463,1.0,4.6415888336127775,11
635,8,3,29,True,,1.0,1.0,0.04196896519041875,1.0,1.0,0.11679194930685627,0.0,0.0,-0.07482298411643752,100.0,0.21544346900318823,17
636,8,3,29,True,,0.75,0.8956845238095238,0.16835688127898524,0.6250000000000001,0.843190836940837,0.2432131267608563,0.12499999999999989,0.05249368686868683,-0.07485624548187106,4.6415888336127775,0.001,9
637,10,4,26,True,,0.75,0.7980122655122655,0.09210004296101727,0.8500000000000001,0.9503174603174603,0.1882449940295061,-0.10000000000000009,-0.1523051948051949,-0.09614495106848882,2.154434690031882,0.21544346900318823,8
638,10,3,27,True,,0.6666666666666666,0.8841777666777667,0.17607378055490186,0.7666666666666666,0.9351301476301476,0.2452109323706925,-0.09999999999999998,-0.05095238095238086,-0.06913715181579064,0.46415888336127775,0.001,7
639,12,5,23,True,,0.8,0.8183221870721871,0.12269019250892291,0.85,0.936975061975062,0.24448061398072685,-0.04999999999999993,-0.1186528749028749,-0.12179042147180394,0.46415888336127775,0.001,6
640,14,5,21,True,,0.6714285714285714,0.8196972786783712,0.21140408959329135,0.7571428571428571,0.8961170890267528,0.2422148793221486,-0.08571428571428574,-0.07641981034838163,-0.030810789728857257,0.1,0.001,2
641,10,4,26,True,,0.8,0.8987698412698412,0.1718246506108676,0.825,0.9063455988455987,0.2473965917817153,-0.02499999999999991,-0.007575757575757569,-0.0755719411708477,0.1,0.001,3
642,10,3,27,True,,0.8,0.9263455988455987,0.18080227533417786,0.6333333333333333,0.8322546897546897,0.28885975162903876,0.16666666666666674,0.094090909090909,-0.1080574762948609,0.1,10.0,3
643,11,3,26,True,,0.696969696969697,0.85425357470812,0.22143865164104495,0.9393939393939393,0.986013986013986,0.10759682869883448,-0.24242424242424232,-0.13176041130586602,0.11384182294221047,0.1,1.0,2
644,8,3,29,True,,0.875,0.9526289682539683,0.12526020951678718,0.625,0.7602678571428572,0.19347245212433573,0.25,0.1923611111111111,-0.06821224260754855,2.154434690031882,1.0,11
645,10,4,26,True,,0.875,0.9497222222222222,0.12131487514744477,0.7,0.8469769119769119,0.24395773028417667,0.17500000000000004,0.1027453102453103,-0.1226428551367319,4.6415888336127775,0.001,9
646,11,5,24,True,,0.8,0.8478433182978637,0.1071765516866369,0.7272727272727273,0.8165990575081483,0.24522208079156238,0.07272727272727275,0.031244260789715428,-0.13804552910492549,1.0,0.001,5
647,12,5,23,True,,0.9833333333333334,0.9935897435897435,0.06660160750169113,0.8166666666666667,0.8983435545935546,0.13849355438121774,0.16666666666666674,0.09524618899618886,-0.07189194687952662,100.0,1.0,14
648,9,4,27,True,,0.75,0.7856701940035273,0.08061747102159884,0.8888888888888888,0.9535634118967453,0.24227327808492866,-0.13888888888888884,-0.16789321789321798,-0.16165580706332983,4.6415888336127775,0.001,9
649,12,4,24,True,,0.7708333333333334,0.8599888537388537,0.19652558312814053,0.875,0.9593656343656343,0.2421544914547114,-0.10416666666666663,-0.09937678062678057,-0.04562890832657088,0.1,0.001,3
650,13,2,25,True,,1.0,0.9999999999999998,0.042294482284222515,1.0,0.9999999999999998,0.20822203059363734,0.0,0.0,-0.1659275483094148,46.41588833612773,2.154434690031882,16
651,10,3,27,True,,1.0,0.9999999999999999,0.13113116305575567,0.9333333333333333,0.9833333333333333,0.2431627611776787,0.06666666666666665,0.016666666666666607,-0.11203159812192304,0.21544346900318823,0.001,4
652,10,4,26,True,,1.0,0.9999999999999999,0.07561841274845056,0.7,0.8233658008658008,0.17412951738670773,0.30000000000000004,0.1766341991341991,-0.09851110463825717,100.0,0.1,13
653,11,2,27,True,,1.0,1.0,0.04094397357674649,0.8636363636363636,0.9750688705234161,0.24599221646808653,0.13636363636363635,0.024931129476583935,-0.20504824289134005,1.0,0.001,12
654,12,2,26,True,,0.625,0.9085999648499649,0.1736320499168343,0.75,0.9510602823102824,0.24523554885951473,-0.125,-0.04246031746031753,-0.07160349894268042,0.1,0.001,2
655,9,3,28,True,,0.6666666666666667,0.7856701940035273,0.14805231346636735,0.888888888888889,0.9674523007856344,0.24505484954090137,-0.2222222222222222,-0.18178210678210704,-0.09700253607453402,0.21544346900318823,0.001,5
656,10,4,26,True,,0.675,0.7733658008658009,0.19875493574830608,0.7250000000000001,0.8340262515262514,0.20630465037157047,-0.050000000000000044,-0.06066045066045056,-0.0075497146232643975,0.21544346900318823,0.1,3
657,10,6,24,True,,0.8500000000000001,0.8737698412698413,0.18857315581446515,0.7833333333333333,0.8405666555666557,0.24205063458126053,0.06666666666666676,0.03320318570318559,-0.05347747876679537,0.1,0.001,5
659,12,4,24,True,,0.7916666666666666,0.9230230417730416,0.15967672204509775,0.8333333333333333,0.9408038720538721,0.24439848834362554,-0.04166666666666663,-0.01778083028083044,-0.08472176629852779,2.154434690031882,0.001,9
660,13,4,23,True,,0.6153846153846154,0.7851076274153197,0.21032987819170162,0.6153846153846154,0.8434773559773561,0.24672120371516915,0.0,-0.05836972856203637,-0.03639132552346752,0.1,0.001,3
661,10,3,27,True,,1.0,0.9999999999999999,0.00011133506533058296,0.9666666666666668,0.9909090909090909,0.19007287980021811,0.033333333333333215,0.009090909090909038,-0.18996154473488752,46.41588833612773,0.046415888336127774,13
662,11,3,26,True,,0.8787878787878788,0.9722550177095632,0.13735503162424068,0.9696969696969697,0.9924242424242424,0.14576907765230654,-0.09090909090909094,-0.02016922471467919,-0.008414046028065864,0.46415888336127775,0.21544346900318823,7
663,13,3,24,True,,0.9487179487179488,0.9885883347421809,0.09459318853815503,1.0,1.0,0.1216671977687857,-0.05128205128205121,-0.011411665257819115,-0.027074009230630677,46.41588833612773,0.46415888336127775,17
664,7,3,30,True,,1.0,1.0,0.05118568333655711,1.0,1.0,0.244430948985859,0.0,0.0,-0.1932452656493019,1.0,0.001,8
665,13,3,24,True,,1.0,1.0,0.059788306068565084,0.9743589743589745,0.9945054945054945,0.12818796434349095,0.02564102564102555,0.005494505494505475,-0.06839965827492586,46.41588833612773,0.21544346900318823,18
666,11,5,24,True,,0.8363636363636364,0.8845566050111504,0.1426862805495191,0.8727272727272728,0.9254656959202414,0.24614908739526473,-0.036363636363636376,-0.040909090909091006,-0.10346280684574563,0.21544346900318823,0.001,7
667,10,4,26,True,,0.75,0.7980122655122655,0.2142433706029589,0.9,0.9651515151515152,0.19486234623139403,-0.15000000000000002,-0.16713924963924975,0.01938102437156486,4.6415888336127775,0.46415888336127775,8
668,13,3,24,True,,0.7692307692307693,0.9255208466746928,0.06886606559583519,0.7948717948717949,0.9383413594952057,0.24788491788596623,-0.02564102564102566,-0.012820512820512886,-0.17901885229013104,46.41588833612773,0.001,12
670,13,3,24,True,,1.0,1.0,0.01955146570414838,1.0,1.0,0.24729604424024965,0.0,0.0,-0.22774457853610128,100.0,0.001,16
671,10,4,26,True,,0.775,0.8480122655122654,0.17639300936585942,0.75,0.9121503496503497,0.18265498773848374,0.025000000000000022,-0.0641380841380843,-0.006261978372624322,0.1,10.0,3
672,9,2,29,True,,1.0,1.0000000000000002,0.015290186243425867,1.0,1.0000000000000002,0.12731492607076886,0.0,0.0,-0.11202473982734298,2.154434690031882,0.21544346900318823,10
673,12,4,24,True,,0.8125,0.9085999648499649,0.10681441663951127,0.875,0.9559824434824434,0.2462483693882197,-0.0625,-0.047382478632478575,-0.13943395274870843,0.46415888336127775,0.001,7
674,13,3,24,True,,0.9743589743589745,0.9945054945054945,0.056221052551799114,0.6410256410256411,0.8220409931948394,0.11793001311150338,0.33333333333333337,0.17246450131065516,-0.06170896055970426,46.41588833612773,10.0,10
675,10,3,27,True,,0.9,0.9733333333333333,0.11229542216027047,0.5333333333333333,0.7636435786435787,0.24562734496361108,0.3666666666666667,0.2096897546897546,-0.1333319228033406,0.46415888336127775,2.154434690031882,6
676,11,3,26,True,,1.0,1.0,4.99707696573642e-05,1.0,1.0,0.24552981483837555,0.0,0.0,-0.24547984406871817,46.41588833612773,0.001,13
677,10,3,27,True,,0.6666666666666667,0.8404365079365078,0.1405552689102153,0.8666666666666667,0.9572979797979798,0.24088240409405853,-0.19999999999999996,-0.116861471861472,-0.10032713518384323,100.0,0.001,14
678,9,5,26,True,,0.8,0.7856701940035274,0.14213298259502857,0.9333333333333333,0.9626543209876546,0.21297069763931556,-0.1333333333333333,-0.17698412698412713,-0.07083771504428699,0.21544346900318823,0.01,4
679,13,3,24,True,,0.9230769230769231,0.9821780783319245,0.06388386663731557,0.6923076923076924,0.8652644364182825,0.19371178739263847,0.23076923076923073,0.11691364191364195,-0.1298279207553229,1.0,0.21544346900318823,9
680,11,4,25,True,,0.7727272727272727,0.8542535747081202,0.17434380645385425,0.6818181818181819,0.8254374413465323,0.24277310734663665,0.09090909090909083,0.028816133361587948,-0.0684293008927824,0.1,0.001,3
681,12,5,23,True,,0.8666666666666667,0.9462343212343213,0.15772983966200393,0.7999999999999999,0.9194113756613757,0.24539632481414067,0.06666666666666676,0.026822945572945622,-0.08766648515213674,21.54434690031882,0.001,14
682,12,3,25,True,,0.6666666666666667,0.818322187072187,0.11260148981112146,0.8611111111111112,0.9688131313131315,0.13234515562825114,-0.19444444444444442,-0.15049094424094456,-0.019743665817129677,1.0,21.54434690031882,10
683,10,3,27,True,,0.7000000000000001,0.8480122655122654,0.15289676755505843,0.6333333333333333,0.8322546897546897,0.24384427682442492,0.06666666666666676,0.015757575757575637,-0.09094750926936648,46.41588833612773,0.001,12
684,13,3,24,True,,0.641025641025641,0.9041247214324137,0.1809806407777413,0.7692307692307694,0.9404017990556452,0.2475839716366358,-0.12820512820512842,-0.03627707762323151,-0.06660333085889453,0.1,0.001,3
685,8,2,30,True,,0.625,0.875545634920635,0.13257000307528682,0.5625,0.8338789682539682,0.22351633407176313,0.0625,0.04166666666666674,-0.09094633099647631,1.0,0.1,7
686,8,4,28,True,,0.75,0.7713789682539683,0.18767847354627518,1.0,1.0,0.24576815795026094,-0.25,-0.22862103174603166,-0.058089684403985764,0.21544346900318823,0.001,3
687,11,3,26,True,,0.7575757575757577,0.9072838777384231,0.07931309918906371,0.787878787878788,0.9254656959202414,0.15926979764187835,-0.030303030303030276,-0.0181818181818183,-0.07995669845281464,1.0,0.21544346900318823,10
688,11,2,27,True,,0.7727272727272727,0.9536042240587697,0.08170771950578583,0.5,0.8478433182978636,0.18236213956320566,0.2727272727272727,0.10576090576090602,-0.10065442005741983,46.41588833612773,1.0,11
689,10,3,27,True,,1.0,0.9999999999999999,0.05330424486328538,0.9666666666666668,0.9909090909090909,0.10394086302462695,0.033333333333333215,0.009090909090909038,-0.050636618161341566,4.6415888336127775,10.0,10
690,12,3,25,True,,1.0,1.0,0.030882740395374222,1.0,1.0,0.24459817639565354,0.0,0.0,-0.2137154360002793,10.0,0.001,11
691,11,3,26,True,,1.0,1.0,0.010534345488371307,0.9090909090909092,0.9750688705234161,0.24298705833458062,0.09090909090909083,0.024931129476583935,-0.2324527128462093,1.0,0.001,10
692,10,5,25,True,,1.0,0.9999999999999999,0.05481907832078647,0.8400000000000001,0.9283119658119657,0.18301639319297722,0.15999999999999992,0.07168803418803416,-0.12819731487219074,100.0,21.54434690031882,14
693,11,3,26,True,,0.696969696969697,0.85425357470812,0.208067168629547,0.9393939393939393,0.986013986013986,0.24528041084242996,-0.24242424242424232,-0.13176041130586602,-0.03721324221288297,0.1,0.001,3
694,12,3,25,True,,0.8333333333333334,0.9510602823102824,0.12515271730993038,0.8055555555555556,0.9455657768157769,0.24521897663060577,0.02777777777777779,0.005494505494505475,-0.12006625932067538,1.0,0.001,9
695,8,5,27,True,,0.875,0.9067956349206349,0.12558489347068585,0.8750000000000001,0.9427083333333333,0.24589639496350393,-1.1102230246251565e-16,-0.035912698412698396,-0.12031150149281808,1.0,0.001,8
696,9,5,26,True,,0.7777777777777778,0.7765792849126183,0.16516102167246677,0.711111111111111,0.7483245149911818,0.1798305371615276,0.06666666666666676,0.028254769921436496,-0.014669515489060841,0.21544346900318823,10.0,3
697,12,5,23,True,,0.9833333333333334,0.9935897435897435,0.05202271355079354,0.75,0.8354869667369668,0.24630916909586567,0.2333333333333334,0.15810277685277674,-0.19428645554507212,21.54434690031882,0.001,13
698,12,4,24,True,,0.9791666666666666,0.9935897435897435,0.08518967959692819,0.6875,0.8006384818884819,0.24630225685604296,0.29166666666666663,0.19295126170126164,-0.16111257725911476,100.0,0.001,14
699,10,5,25,True,,0.5599999999999999,0.7073260073260073,0.22508118479140657,0.92,0.9572979797979798,0.24701143270632592,-0.3600000000000001,-0.24997197247197256,-0.02193024791491935,0.1,0.001,4
700,8,2,30,True,,1.0,1.0,0.0006296793813815439,0.9375,0.9861111111111112,0.22642384884335942,0.0625,0.01388888888888884,-0.2257941694619779,21.54434690031882,4.6415888336127775,12
701,11,5,24,True,,0.7454545454545455,0.8524992684083594,0.18628927779670018,0.6909090909090909,0.7656500065590974,0.18030192766259093,0.054545454545454564,0.086849261849262,0.005987350134109254,0.1,2.154434690031882,3
702,13,2,25,True,,0.5,0.8605025316563779,0.25585740172321914,0.9230769230769231,0.9897435897435896,0.24797024056859865,-0.42307692307692313,-0.12924105808721165,0.007887161154620487,0.1,0.001,1
703,9,5,26,True,,0.8444444444444444,0.8782627865961201,0.12056324357110897,0.9111111111111112,0.9467813051146385,0.24235674522656478,-0.06666666666666676,-0.06851851851851842,-0.12179350165545581,0.21544346900318823,0.001,4
704,11,2,27,True,,0.5,0.8087990292535745,0.15183617431887017,0.7727272727272727,0.9536042240587697,0.24723284443690932,-0.2727272727272727,-0.14480519480519516,-0.09539667011803915,1.0,0.001,7
705,12,5,23,True,,0.6833333333333333,0.8011285011285011,0.2403460717155353,0.6833333333333333,0.7774843212343212,0.2482390786366288,0.0,0.023644179894179884,-0.007893006921093515,0.1,0.001,3
706,12,5,23,True,,0.8833333333333334,0.9391555204055204,0.09589033793819896,0.6,0.7538299663299664,0.39194602169829307,0.28333333333333344,0.18532555407555407,-0.2960556837600941,46.41588833612773,10.0,19
707,12,4,24,True,,1.0,1.0,0.026117234834776647,0.9791666666666666,0.9935897435897435,0.24577265174486027,0.02083333333333337,0.0064102564102564985,-0.2196554169100836,4.6415888336127775,0.001,10
708,12,4,24,True,,1.0,1.0,0.0656105322157893,0.75,0.8183221870721871,0.13899847351066297,0.25,0.18167781292781293,-0.07338794129487367,100.0,0.1,12
709,12,3,25,True,,0.6944444444444445,0.8599888537388537,0.0694153334154116,0.75,0.9414724164724165,0.24481830833820967,-0.05555555555555547,-0.08148356273356283,-0.17540297492279805,21.54434690031882,0.001,13
710,12,4,24,True,,0.7708333333333333,0.882272126022126,0.18100431468250633,0.8333333333333333,0.9408038720538721,0.24513507170621812,-0.0625,-0.058531746031746046,-0.06413075702371179,0.1,0.001,2
711,11,4,25,True,,0.7045454545454546,0.7955017205017203,0.15340729400115036,0.8636363636363636,0.953063098517644,0.24599335998686242,-0.15909090909090906,-0.15756137801592374,-0.09258606598571206,0.46415888336127775,0.001,4
712,11,5,24,True,,0.8181818181818182,0.8542535747081201,0.18152277786438778,0.9272727272727274,0.9649678604224059,0.2425913473629084,-0.10909090909090913,-0.11071428571428577,-0.06106856949852063,0.1,0.001,1
713,10,4,26,True,,1.0,0.9999999999999999,0.024137632645290508,0.825,0.9290262515262514,0.22824823367101224,0.17500000000000004,0.07097374847374849,-0.20411060102572173,4.6415888336127775,0.046415888336127774,12
714,11,3,26,True,,0.7272727272727273,0.8845566050111504,0.1928729400606348,0.9393939393939394,0.9841597796143251,0.10166176637740876,-0.21212121212121215,-0.0996031746031747,0.09121117368322604,0.1,2.154434690031882,3
716,11,2,27,True,,1.0,1.0,0.0023060481969927158,0.9545454545454546,0.9924242424242424,0.15793980321831497,0.045454545454545414,0.007575757575757569,-0.15563375502132226,21.54434690031882,0.046415888336127774,13
717,12,5,23,True,,0.8,0.8183221870721871,0.1455606526775378,0.8166666666666668,0.8599888537388537,0.16437389282554554,-0.01666666666666672,-0.04166666666666663,-0.018813240148007754,0.21544346900318823,0.46415888336127775,3
718,14,4,22,True,,1.0,1.0,0.01278662051104891,1.0,1.0,0.24493766494801752,0.0,0.0,-0.2321510444369686,100.0,0.001,11
719,14,5,21,True,,0.8285714285714286,0.8939360242931671,0.1690481117112466,0.9,0.9571162964020107,0.24465799817593376,-0.0714285714285714,-0.06318027210884358,-0.07560988646468716,0.1,0.001,3
720,11,4,25,True,,0.7272727272727273,0.8423488128033582,0.22215673220438042,0.7045454545454545,0.8375869080414534,0.17804665859985286,0.022727272727272818,0.004761904761904745,0.04411007360452757,0.1,1.0,1
721,11,3,26,True,,0.48484848484848486,0.7614042523133431,0.26830312888571206,0.696969696969697,0.8953791158336613,0.25024023797118894,-0.21212121212121215,-0.13397486352031818,0.018062890914523122,0.1,0.001,2
722,13,4,23,True,,0.9038461538461539,0.9704231665770127,0.11149446237097646,0.5961538461538461,0.8111607409684332,0.24760202131297712,0.3076923076923077,0.1592624256085795,-0.13610755894200066,1.0,0.001,7
723,13,4,23,True,,0.9038461538461539,0.9674927636466097,0.07064823851876548,0.75,0.8810717060717062,0.1892507127468928,0.15384615384615385,0.08642105757490359,-0.11860247422812734,0.46415888336127775,2.154434690031882,9
724,12,3,25,True,,0.9722222222222223,0.9935897435897437,0.06468733935363565,0.9166666666666667,0.9790695415695417,0.2434589785674047,0.05555555555555558,0.014520202020201989,-0.17877163921376904,46.41588833612773,0.001,11
725,12,3,25,True,,1.0,1.0,0.003003062200982738,0.75,0.919772126022126,0.17105941392007348,0.25,0.08022787397787401,-0.16805635171909075,46.41588833612773,100.0,12
726,13,5,22,True,,0.7692307692307692,0.8169691419691419,0.1823677224629873,0.7846153846153846,0.8220409931948393,0.11320172984786556,-0.015384615384615441,-0.00507185122569731,0.06916599261512174,0.1,10.0,3
727,9,5,26,True,,0.9333333333333333,0.9626543209876546,0.09154402863745956,0.8222222222222222,0.9017195767195769,0.24395276130599178,0.11111111111111116,0.060934744268077656,-0.15240873266853222,46.41588833612773,0.001,13
728,7,4,29,True,,1.0,0.9999999999999998,0.0015023930822364855,0.7857142857142857,0.8843537414965985,0.24649206533554294,0.2142857142857143,0.11564625850340127,-0.24498967225330645,100.0,0.001,19
729,11,4,25,True,,0.75,0.8884920634920634,0.16635754375552514,0.6363636363636364,0.8435720844811754,0.24845826852987132,0.11363636363636365,0.04491997901088807,-0.08210072477434618,21.54434690031882,0.001,15
730,12,5,23,True,,1.0,0.9999999999999999,0.04551973987443025,0.95,0.9811507936507936,0.24362296174023837,0.050000000000000044,0.018849206349206282,-0.19810322186580812,0.46415888336127775,0.001,10
732,12,3,25,True,,0.8611111111111112,0.9614769489769491,0.06922937351703352,0.8611111111111112,0.9614769489769491,0.24442101695443158,0.0,0.0,-0.17519164343739807,2.154434690031882,0.001,9
733,15,4,21,True,,0.7666666666666667,0.8746180671180671,0.06707480837245361,0.5166666666666666,0.8424960499883101,0.3391863570211098,0.2500000000000001,0.03212201712975704,-0.27211154864865617,100.0,46.41588833612773,12
734,13,5,22,True,,0.5,0.7222222222222222,0.25,0.8,0.826802897956744,0.13345541316099338,-0.30000000000000004,-0.10458067573452179,0.11654458683900662,0.001,0.21544346900318823,0
735,12,3,25,True,,0.8055555555555556,0.9391555204055205,0.1031632586789745,0.6944444444444444,0.882272126022126,0.13602418250943404,0.11111111111111116,0.056883394383394514,-0.03286092383045955,0.46415888336127775,100.0,8
736,10,5,25,True,,0.76,0.7822546897546898,0.12811971377604642,1.0,0.9999999999999999,0.24663719957691352,-0.24,-0.21774531024531008,-0.1185174858008671,1.0,0.001,7
737,12,5,23,True,,0.8333333333333334,0.8877666315166316,0.09338801193267478,0.6,0.7260521885521884,0.2482520970395574,0.2333333333333334,0.16171444296444315,-0.1548640851068826,21.54434690031882,0.1,11
738,11,3,26,True,,0.9090909090909092,0.9750688705234161,0.17067051368992323,0.7272727272727272,0.9218253968253969,0.242693405339105,0.181818181818182,0.053243473698019184,-0.07202289164918177,0.1,0.001,3
739,7,4,29,True,,0.75,0.7545918367346939,0.18058369532183016,0.7857142857142857,0.8843537414965985,0.24462814971767,-0.0357142857142857,-0.12976190476190463,-0.06404445439583983,0.1,0.001,4
740,12,4,24,True,,0.75,0.8183221870721871,0.1810057058965711,0.9375,0.9790695415695415,0.2448994239404075,-0.1875,-0.16074735449735444,-0.0638937180438364,0.1,0.001,3
741,11,3,26,True,,1.0,1.0,0.020182242119410925,0.9696969696969697,0.9924242424242424,0.11262776706436937,0.030303030303030276,0.007575757575757569,-0.09244552494495845,1.0,1.0,9
742,11,4,25,True,,0.75,0.8087990292535747,0.18659749844711507,1.0,1.0,0.09848764740154999,-0.25,-0.19120097074642528,0.08810985104556508,0.1,0.46415888336127775,1
743,11,3,26,True,,1.0,1.0,0.03344596793212602,1.0,1.0,0.18704375000303736,0.0,0.0,-0.15359778207091135,46.41588833612773,1.0,13
744,11,4,25,True,,0.7954545454545454,0.8845566050111505,0.09680757300488012,0.8409090909090909,0.9254656959202414,0.2451482789960797,-0.045454545454545525,-0.040909090909090895,-0.14834070599119958,0.46415888336127775,0.001,8
745,8,4,28,True,,1.0,1.0,0.010521239252393929,0.96875,0.9861111111111112,0.24181822633734665,0.03125,0.01388888888888884,-0.23129698708495272,10.0,0.001,9
746,9,6,25,True,,0.7037037037037037,0.7472663139329807,0.20762576089801862,0.7037037037037037,0.8003848003848004,0.2452461199167379,0.0,-0.05311848645181971,-0.03762035901871927,0.1,0.001,5
747,11,3,26,True,,0.9393939393939394,0.9841597796143251,0.14012609541458346,0.6666666666666667,0.8726518431063885,0.1621472579197226,0.2727272727272727,0.11150793650793656,-0.022021162505139136,46.41588833612773,46.41588833612773,12
748,11,2,27,True,,1.0,1.0,0.04642732984536843,0.7727272727272727,0.9536042240587697,0.2097518225666169,0.2272727272727273,0.046395775941230344,-0.16332449272124847,0.46415888336127775,10.0,6
749,11,4,25,True,,0.8636363636363636,0.9406172110717566,0.12068603452138583,0.6818181818181819,0.8469020878111787,0.19998919405464521,0.18181818181818177,0.09371512326057785,-0.07930315953325938,0.21544346900318823,0.01,6
750,10,6,24,True,,1.0,1.0,0.061144037571953073,0.8500000000000001,0.8737698412698413,0.24411612496303103,0.1499999999999999,0.12623015873015875,-0.18297208739107795,1.0,0.001,6
751,13,4,23,True,,0.9807692307692308,0.9945054945054945,0.06323358902441117,0.7884615384615384,0.8909054620593082,0.1521350260633315,0.1923076923076924,0.10360003244618632,-0.08890143703892034,21.54434690031882,0.046415888336127774,9
752,12,3,25,True,,1.0,1.0,0.02769954666720139,0.8333333333333334,0.9510602823102824,0.18511677533507737,0.16666666666666663,0.04893971768971761,-0.15741722866787597,1.0,21.54434690031882,10
754,11,5,24,True,,0.8,0.8087990292535747,0.11410804469747651,1.0,1.0,0.2094771258389579,-0.19999999999999996,-0.19120097074642528,-0.09536908114148138,0.46415888336127775,0.021544346900318832,7
755,11,3,26,True,,1.0,1.0,0.029454059001200655,0.8787878787878789,0.9649678604224059,0.24346363638526378,0.1212121212121211,0.0350321395775941,-0.21400957738406312,1.0,0.001,9
756,11,5,24,True,,0.9818181818181819,0.9924242424242424,0.05596310871939401,0.9272727272727272,0.9686586141131595,0.24410475280678706,0.054545454545454675,0.023765628311082976,-0.18814164408739306,2.154434690031882,0.001,9
757,12,3,25,True,,0.6944444444444445,0.8599888537388537,0.06787077437293161,1.0,1.0,0.09858955182357033,-0.30555555555555547,-0.1400111462611463,-0.030718777450638723,2.154434690031882,0.1,9
758,11,4,25,True,,0.8409090909090909,0.9254656959202414,0.09963300244335582,0.6136363636363636,0.8063426472517382,0.24859284124420605,0.2272727272727273,0.1191230486685032,-0.14895983880085023,10.0,0.001,8
759,11,3,26,True,,0.6666666666666667,0.8087990292535745,0.2066249805586537,0.9393939393939394,0.9841597796143251,0.14687308433529309,-0.2727272727272727,-0.1753607503607506,0.05975189622336061,0.1,10.0,3
760,12,3,25,True,,0.7222222222222223,0.8877666315166315,0.12363497395039971,0.8333333333333334,0.9510602823102824,0.2449778359521932,-0.11111111111111105,-0.0632936507936509,-0.12134286200179348,0.21544346900318823,0.001,4
761,11,5,24,True,,0.8545454545454546,0.9072838777384231,0.09409748181883017,0.8545454545454545,0.9190554395099848,0.2447817413673372,1.1102230246251565e-16,-0.01177156177156169,-0.15068425954850706,0.21544346900318823,0.001,4
762,11,6,23,True,,0.787878787878788,0.8672484081574992,0.13798205957110324,0.8484848484848485,0.9118010777101687,0.24293556279016512,-0.06060606060606055,-0.044552669552669566,-0.10495350321906188,0.46415888336127775,0.001,5
763,11,6,23,True,,0.9242424242424243,0.9536042240587695,0.07057227989831183,0.7272727272727273,0.8304948839039749,0.24596598645652157,0.19696969696969702,0.12310934015479469,-0.17539370655820974,10.0,4.6415888336127775,10
764,11,3,26,True,,0.9696969696969697,0.9924242424242424,0.050541403328647025,0.6363636363636364,0.8023887728433181,0.20834699262687692,0.33333333333333337,0.19003546958092432,-0.1578055892982299,100.0,10.0,14
765,11,3,26,True,,0.7272727272727273,0.8845566050111504,0.10920868986701482,0.6363636363636364,0.8974681883772793,0.24789241141481605,0.09090909090909094,-0.012911583366128854,-0.13868372154780123,0.46415888336127775,0.001,7
766,9,3,28,True,,1.0,1.0000000000000002,0.01855858564562965,1.0,1.0000000000000002,0.24570994643429248,0.0,0.0,-0.22715136078866283,2.154434690031882,0.001,10
767,11,4,25,True,,0.7727272727272727,0.8542535747081202,0.126498254815509,0.7727272727272727,0.8939865689865689,0.2436121352097641,0.0,-0.039732994278448674,-0.1171138803942551,0.21544346900318823,0.001,6
768,10,2,28,True,,1.0,0.9999999999999999,0.036372246946334945,1.0,0.9999999999999999,0.08780270065838507,0.0,0.0,-0.05143045371205012,2.154434690031882,21.54434690031882,8
769,9,5,26,True,,0.8,0.8592953342953344,0.18667687095606597,0.6888888888888889,0.7307679974346641,0.1947704915842429,0.11111111111111116,0.1285273368606703,-0.008093620628176923,0.1,10.0,3
770,8,3,29,True,,0.9583333333333334,0.9861111111111112,0.0807222452763022,0.625,0.7602678571428572,0.1784844040583161,0.33333333333333337,0.225843253968254,-0.09776215878201389,1.0,10.0,7
771,9,3,28,True,,0.6666666666666667,0.7856701940035273,0.19176738768291365,0.5185185185185186,0.7483245149911817,0.1897038852041837,0.14814814814814814,0.037345679012345645,0.002063502478729967,0.1,1.0,3
773,10,2,28,True,,1.0,0.9999999999999999,0.0031093704532531956,1.0,0.9999999999999999,0.2258133184376979,0.0,0.0,-0.2227039479844447,46.41588833612773,100.0,16
774,10,4,26,True,,0.775,0.8480122655122654,0.19293283096348496,0.675,0.8405666555666556,0.24223448467329914,0.09999999999999998,0.007445609945609832,-0.04930165370981418,0.1,0.001,3
775,12,4,24,True,,0.75,0.9098917286417285,0.19855507548790524,0.625,0.7854980667480667,0.19599752516957558,0.125,0.12439366189366186,0.00255755031832966,0.1,4.6415888336127775,3
776,9,5,26,True,,0.8,0.7856701940035274,0.09985020106608149,0.9111111111111112,0.9467813051146385,0.24305313370580528,-0.11111111111111116,-0.1611111111111111,-0.14320293263972378,1.0,0.001,7
777,11,2,27,True,,0.9545454545454546,0.9924242424242424,0.06081834197020811,0.9545454545454546,0.9924242424242424,0.16966837591412978,0.0,0.0,-0.10885003394392168,100.0,21.54434690031882,12
778,9,3,28,True,,1.0,1.0000000000000002,0.0004912997899993746,0.925925925925926,0.9765432098765434,0.07031100244574515,0.07407407407407396,0.023456790123456805,-0.06981970265574577,10.0,21.54434690031882,10
779,11,3,26,True,,1.0,1.0,0.19400701264950657,0.8787878787878788,0.9686586141131597,0.1771189417106729,0.12121212121212122,0.03134138588684032,0.016888070938833655,0.1,0.21544346900318823,4
780,11,3,26,True,,1.0,1.0,0.004512670139375731,0.9090909090909092,0.9750688705234161,0.24347094657411766,0.09090909090909083,0.024931129476583935,-0.23895827643474193,100.0,0.001,18
782,12,2,26,True,,1.0,1.0,0.00018349699844207634,1.0,1.0,0.10154774867474788,0.0,0.0,-0.1013642516763058,46.41588833612773,0.21544346900318823,14
783,10,2,28,True,,0.7,0.9263455988455987,0.16440217225090972,0.5,0.865588023088023,0.24498615602355733,0.19999999999999996,0.06075757575757579,-0.08058398377264761,100.0,0.001,15
784,13,2,25,True,,1.0,0.9999999999999998,0.004937942573555576,1.0,0.9999999999999998,0.11779353893469521,0.0,0.0,-0.11285559636113963,46.41588833612773,0.46415888336127775,10
785,9,2,29,True,,1.0,1.0000000000000002,0.0004923626768925982,0.8333333333333333,0.9626543209876544,0.24582777533488095,0.16666666666666674,0.03734567901234587,-0.24533541265798836,4.6415888336127775,0.001,10
786,12,3,25,True,,0.8055555555555556,0.9391555204055205,0.06666674781059174,0.6388888888888888,0.9062872312872313,0.18014008078208138,0.16666666666666674,0.03286828911828921,-0.11347333297148963,100.0,0.46415888336127775,16
787,11,2,27,True,,1.0,1.0,0.08977352795713558,0.9545454545454546,0.9924242424242424,0.24801579280134542,0.045454545454545414,0.007575757575757569,-0.15824226484420983,0.21544346900318823,0.001,8
788,10,3,27,True,,0.6666666666666667,0.7980122655122655,0.13007569041638417,0.7666666666666667,0.9063455988455987,0.24664696236861677,-0.09999999999999998,-0.10833333333333328,-0.1165712719522326,0.46415888336127775,0.001,7
789,8,4,28,True,,0.75,0.7713789682539683,0.17372411427017065,0.9375,0.9704861111111112,0.15915286181165492,-0.1875,-0.19910714285714282,0.014571252458515732,0.1,2.154434690031882,3
790,14,3,23,True,,0.9523809523809524,0.9901360544217687,0.20993096350255658,0.9523809523809524,0.9901360544217687,0.28579988873813456,0.0,0.0,-0.07586892523557798,0.1,4.6415888336127775,4
791,11,2,27,True,,1.0,1.0,0.06124095334473413,0.8636363636363636,0.9777495232040687,0.24748907738887208,0.13636363636363635,0.022250476795931284,-0.18624812404413793,1.0,0.001,10
792,10,5,25,True,,0.8200000000000001,0.8737698412698411,0.13333124245860645,0.86,0.9187698412698412,0.24463589460346835,-0.039999999999999925,-0.04500000000000004,-0.1113046521448619,0.21544346900318823,0.001,4
793,12,3,25,True,,0.7500000000000001,0.9085999648499649,0.10067053469955518,0.7777777777777779,0.9252666315166315,0.24630382562901038,-0.02777777777777779,-0.016666666666666607,-0.1456332909294552,1.0,0.001,10
794,7,3,30,True,,0.7142857142857143,0.8917233560090703,0.19422086206429268,0.7142857142857144,0.8843537414965985,0.20353745219679958,-1.1102230246251565e-16,0.007369614512471756,-0.009316590132506908,0.1,0.1,3
795,10,2,28,True,,1.0,0.9999999999999999,0.009336265146111558,0.9,0.9833333333333333,0.24806732176925836,0.09999999999999998,0.016666666666666607,-0.2387310566231468,46.41588833612773,0.001,14
796,10,3,27,True,,0.6333333333333333,0.7904365079365079,0.16131202113156512,0.9333333333333333,0.9833333333333333,0.2475178052754079,-0.30000000000000004,-0.1928968253968254,-0.08620578414384278,0.46415888336127775,0.001,7
797,12,2,26,True,,0.7916666666666667,0.9614769489769491,0.0788620844631154,0.5416666666666666,0.8599888537388537,0.141784013943256,0.2500000000000001,0.10148809523809543,-0.06292192948014058,1.0,4.6415888336127775,9
798,10,3,27,True,,0.6666666666666667,0.7980122655122655,0.2566705399611627,0.9333333333333333,0.9833333333333333,0.24803802380725376,-0.2666666666666666,-0.18532106782106783,0.00863251615390892,0.1,0.001,3
799,12,3,25,True,,0.6666666666666667,0.8924674862174863,0.17739086725152653,0.5833333333333334,0.8685888185888186,0.24608620363124598,0.08333333333333337,0.023878667628667638,-0.06869533637971945,0.1,0.001,3
800,12,5,23,True,,0.7666666666666666,0.8069516132016131,0.1269423848623849,0.6333333333333333,0.75998075998076,0.21740619491372007,0.1333333333333333,0.04697085322085315,-0.09046381005133516,0.46415888336127775,0.46415888336127775,4
801,10,3,27,True,,0.9,0.9733333333333333,0.13706394960476231,0.9333333333333333,0.9833333333333333,0.17085232215744878,-0.033333333333333326,-0.010000000000000009,-0.03378837255268646,100.0,0.21544346900318823,17
802,13,4,23,True,,0.9615384615384616,0.9885883347421809,0.0723328337131109,0.7884615384615384,0.8909054620593082,0.24263875409410046,0.17307692307692313,0.09768287268287268,-0.17030592038098957,2.154434690031882,0.001,8
803,14,5,21,True,,0.8571428571428571,0.9395992895992895,0.10044124281265758,0.7428571428571429,0.8889433104244028,0.24297777728299297,0.11428571428571421,0.050655979174886734,-0.14253653447033537,0.46415888336127775,0.001,6
804,10,5,25,True,,0.74,0.8136435786435786,0.20263363724358868,0.74,0.7733658008658009,0.2463888985558115,0.0,0.040277777777777746,-0.04375526131222282,0.1,0.001,4
805,12,4,24,True,,0.6875,0.8006384818884819,0.12544376626461123,0.4583333333333333,0.7318514818514819,0.24903433926121057,0.22916666666666669,0.068787000037,-0.12359057299659934,10.0,46.41588833612773,10
806,12,3,25,True,,0.6666666666666667,0.818322187072187,0.212625466992887,0.6944444444444445,0.8599888537388537,0.17750993056633627,-0.02777777777777779,-0.04166666666666674,0.03511553642655074,0.1,0.046415888336127774,2
807,11,4,25,True,,1.0,1.0,0.008920089936602253,0.8181818181818181,0.9328688987779898,0.18470293978380764,0.18181818181818188,0.06713110122201016,-0.17578284984720538,46.41588833612773,10.0,16
808,10,3,27,True,,0.7000000000000001,0.8480122655122654,0.18805209475518556,0.8,0.9354365079365078,0.24621370644162127,-0.09999999999999998,-0.0874242424242424,-0.058161611686435716,0.1,0.001,3
809,11,5,24,True,,1.0,1.0,0.03188288551447012,0.8,0.8726518431063885,0.15930650540289454,0.19999999999999996,0.12734815689361145,-0.12742361988842443,4.6415888336127775,0.46415888336127775,5
810,11,3,26,True,,0.9090909090909092,0.9750688705234161,0.08944887744793936,0.6363636363636365,0.8638212797303706,0.24595857954639508,0.2727272727272727,0.11124759079304547,-0.15650970209845572,0.46415888336127775,0.001,8
811,10,4,26,True,,0.725,0.7904365079365079,0.20329593311416108,0.95,0.9809090909090908,0.2377342064058147,-0.22499999999999998,-0.19047258297258296,-0.03443827329165361,0.21544346900318823,0.004641588833612777,4
812,11,4,25,True,,1.0,1.0,0.06134265995360217,0.8636363636363636,0.9543335452426362,0.16657626468607137,0.13636363636363635,0.04566645475736375,-0.1052336047324692,100.0,100.0,18
813,10,4,26,True,,0.8,0.8813455988455987,0.10198105226360873,0.6,0.741024531024531,0.247270988963235,0.20000000000000007,0.14032106782106768,-0.14528993669962625,0.46415888336127775,0.001,6
814,9,4,27,True,,0.8055555555555556,0.8782627865961199,0.0878274517530596,0.7777777777777778,0.8412257495590829,0.24275506889623033,0.02777777777777779,0.03703703703703698,-0.15492761714317071,0.46415888336127775,0.001,7
815,9,4,27,True,,0.8333333333333334,0.9060405643738978,0.15699027443839408,0.9444444444444444,0.9765432098765434,0.24194806574687458,-0.11111111111111105,-0.07050264550264562,-0.0849577913084805,0.1,0.001,3
816,11,5,24,True,,1.0,1.0,0.06768132977891134,0.8545454545454546,0.9369375573921027,0.24623666028358698,0.1454545454545454,0.06306244260789728,-0.17855533050467565,46.41588833612773,0.001,14
817,11,4,25,True,,0.7954545454545454,0.9273743932834844,0.18004465264696864,0.7045454545454546,0.8823166732257641,0.24582747824673326,0.09090909090909083,0.04505772005772024,-0.06578282559976462,0.1,0.001,5
818,11,3,26,True,,0.7272727272727273,0.8845566050111504,0.19127873600923836,0.8181818181818181,0.9471939676485133,0.24502006485190073,-0.09090909090909083,-0.06263736263736286,-0.05374132884266236,0.1,0.001,4
819,11,3,26,True,,0.696969696969697,0.8939865689865689,0.14875872684158203,0.6666666666666667,0.8087990292535745,0.13287037976320623,0.030303030303030276,0.08518753973299442,0.015888347078375803,0.21544346900318823,0.21544346900318823,5
820,9,2,29,True,,0.5555555555555556,0.8412257495590829,0.18486734645801836,0.8888888888888888,0.9765432098765434,0.24117744529229157,-0.33333333333333326,-0.1353174603174605,-0.05631009883427321,0.1,0.001,2
821,9,6,25,True,,0.9444444444444444,0.9626543209876546,0.09953399801407303,0.7222222222222223,0.7159531826198493,0.24561672663157905,0.2222222222222221,0.24670113836780527,-0.146082728617506,0.46415888336127775,0.001,7
822,14,4,22,True,,0.75,0.8344122147693577,0.17840494714562158,0.7321428571428572,0.830245548102691,0.2072758900220175,0.017857142857142794,0.004166666666666652,-0.02887094287639591,0.21544346900318823,0.46415888336127775,5
823,12,4,24,True,,0.9791666666666666,0.9935897435897435,0.07444020659215562,0.7708333333333334,0.8599888537388537,0.12598289909890276,0.20833333333333326,0.1336008898508898,-0.05154269250674713,46.41588833612773,0.46415888336127775,12
824,9,5,26,True,,0.8222222222222223,0.8412257495590829,0.11350984097723861,0.7333333333333333,0.8542038208704876,0.24443021216458397,0.08888888888888902,-0.012978071311404715,-0.13092037118734534,0.46415888336127775,0.001,7
825,8,4,28,True,,0.71875,0.8388888888888889,0.18859145194951302,0.71875,0.8477678571428572,0.24837438608262738,0.0,-0.008878968253968278,-0.05978293413311436,1.0,0.001,7
826,12,5,23,True,,0.9166666666666667,0.961476948976949,0.05890251577839969,0.7833333333333333,0.9024843212343213,0.24635188762922114,0.13333333333333341,0.0589926277426277,-0.18744937185082144,100.0,0.001,21
827,13,5,22,True,,0.9846153846153847,0.9945054945054945,0.04233267661392992,0.8307692307692308,0.890905462059308,0.24143777819178558,0.15384615384615385,0.10360003244618654,-0.19910510157785566,46.41588833612773,0.001,13
828,11,5,24,True,,0.8,0.8087990292535747,0.18121899747814796,0.9090909090909091,0.9585576040121493,0.24468328401355835,-0.10909090909090902,-0.14975857475857457,-0.06346428653541039,0.21544346900318823,0.001,5
829,13,4,23,True,,0.7692307692307693,0.8652644364182824,0.18255286241669538,0.8653846153846154,0.9611846486846487,0.2433736662633527,-0.09615384615384615,-0.09592021226636627,-0.060820803846657306,0.1,0.001,4
830,10,3,27,True,,0.7000000000000001,0.8480122655122654,0.18120681298358,0.8333333333333334,0.9430122655122654,0.2449392443974481,-0.1333333333333333,-0.09499999999999997,-0.06373243141386811,0.1,0.001,4
831,11,4,25,True,,1.0,1.0,0.031350715355375564,0.8181818181818181,0.9072838777384233,0.12516911192628336,0.18181818181818188,0.09271612226157666,-0.09381839657090779,1.0,2.154434690031882,8
832,14,3,23,True,,0.7142857142857144,0.8939360242931671,0.10253412700108644,0.6666666666666667,0.9211770372484658,0.15807223223367545,0.04761904761904767,-0.027241012955298682,-0.05553810523258901,1.0,0.46415888336127775,9
833,16,2,22,True,,1.0,1.0,0.10073664063044105,1.0,1.0,0.24575119679992405,0.0,0.0,-0.145014556169483,100.0,0.001,15
834,14,3,23,True,,1.0,1.0,0.019449237532818225,0.9761904761904763,0.9952380952380953,0.24606601009165024,0.023809523809523725,0.004761904761904745,-0.22661677255883203,10.0,0.001,11
835,11,4,25,True,,1.0,1.0,0.05024742127471798,0.7727272727272727,0.8542535747081202,0.24532607711658563,0.2272727272727273,0.14574642529187976,-0.19507865584186765,10.0,0.001,9
836,11,3,26,True,,1.0,1.0,0.10362872038251834,0.8787878787878789,0.9649678604224059,0.20574957379789274,0.1212121212121211,0.0350321395775941,-0.1021208534153744,0.21544346900318823,0.01,5
837,8,4,28,True,,0.78125,0.8338789682539683,0.12918596291385165,0.84375,0.906795634920635,0.24276863464774753,-0.0625,-0.07291666666666663,-0.11358267173389588,0.21544346900318823,0.001,6
838,11,2,27,True,,1.0,1.0,0.012882150213663662,1.0,1.0,0.24560849686118244,0.0,0.0,-0.2327263466475188,4.6415888336127775,0.001,10
839,12,2,26,True,,0.875,0.9790695415695417,0.06574438836629526,0.5833333333333334,0.8877666315166315,0.24422785679585712,0.29166666666666663,0.09130291005291025,-0.17848346842956186,1.0,0.001,8
840,9,4,27,True,,0.7777777777777778,0.8412257495590829,0.08074554109063771,0.8888888888888888,0.9467813051146385,0.2433810649261394,-0.11111111111111105,-0.10555555555555562,-0.16263552383550167,10.0,0.001,11
841,11,3,26,True,,0.696969696969697,0.85425357470812,0.1331608136879992,1.0,1.0,0.10050917520436378,-0.303030303030303,-0.14574642529187998,0.03265163848363542,0.21544346900318823,0.1,5
842,8,2,30,True,,0.875,0.975,0.17619449089253644,0.6875,0.9206845238095238,0.39394346189807133,0.1875,0.054315476190476164,-0.2177489710055349,100.0,21.54434690031882,18
843,14,4,22,True,,1.0,1.0,0.023734643855767887,0.9107142857142857,0.9745225013082155,0.24600391470707667,0.0892857142857143,0.025477498691784506,-0.22226927085130876,4.6415888336127775,0.001,10
844,13,3,24,True,,1.0,1.0,0.1715448219538151,0.8974358974358975,0.9774161735700198,0.15256654925733848,0.10256410256410253,0.022583826429980247,0.018978272696476617,0.1,46.41588833612773,2
845,11,4,25,True,,0.9545454545454546,0.9841597796143251,0.08723076673558429,1.0,1.0,0.24645651810561736,-0.045454545454545414,-0.015840220385674897,-0.1592257513700331,100.0,0.001,13
846,8,2,30,True,,0.5625,0.8951388888888889,0.2202501830006336,0.9375,0.9861111111111112,0.08710236934341531,-0.375,-0.09097222222222223,0.13314781365721828,0.1,21.54434690031882,3
847,11,3,26,True,,1.0,1.0,0.0002772080478854983,0.8787878787878789,0.9649678604224059,0.20700805581331974,0.1212121212121211,0.0350321395775941,-0.20673084776543424,100.0,0.21544346900318823,15
848,10,4,26,True,,0.8,0.9208444333444333,0.1905141254223141,0.625,0.8436979686979686,0.24445730127322282,0.17500000000000004,0.07714646464646469,-0.053943175850908714,0.1,0.001,4
849,11,4,25,True,,1.0,1.0,0.024207928233772633,1.0,1.0,0.2450464201941315,0.0,0.0,-0.22083849196035887,46.41588833612773,0.001,16
850,10,5,25,True,,0.9800000000000001,0.9909090909090909,0.06060575112050282,0.7799999999999999,0.8996428571428571,0.20314533112014396,0.20000000000000018,0.09126623376623377,-0.14253957999964115,46.41588833612773,10.0,13
851,11,4,25,True,,0.75,0.8087990292535747,0.10474256289178616,1.0,1.0,0.17535634440623174,-0.25,-0.19120097074642528,-0.07061378151444558,0.46415888336127775,0.21544346900318823,7
852,9,2,29,True,,1.0,1.0000000000000002,0.04773738828665281,1.0,1.0000000000000002,0.23822327538910537,0.0,0.0,-0.19048588710245257,100.0,0.021544346900318832,20
853,13,3,24,True,,0.9743589743589745,0.9945054945054945,0.09790649611295249,0.8205128205128205,0.9576590076590077,0.2494472417361053,0.15384615384615397,0.03684648684648684,-0.1515407456231528,1.0,0.001,10
854,14,3,23,True,,0.9761904761904763,0.9952380952380953,0.19875018096226046,0.880952380952381,0.9745225013082156,0.2444348572436893,0.09523809523809523,0.02071559392987965,-0.04568467628142883,100.0,0.001,14
855,13,3,24,True,,0.9743589743589745,0.9945054945054945,0.04676328061293729,0.8461538461538463,0.9589457550996012,0.1832859021746593,0.1282051282051282,0.0355597394058933,-0.136522621561722,21.54434690031882,21.54434690031882,12
856,14,4,22,True,,0.8214285714285714,0.9260788814360243,0.20988269444713425,0.8035714285714286,0.9219122147693576,0.13350123610949347,0.017857142857142794,0.004166666666666763,0.07638145833764079,0.21544346900318823,10.0,5
857,9,3,28,True,,0.6666666666666667,0.7856701940035273,0.20077122818765625,1.0,1.0000000000000002,0.24356633849409012,-0.33333333333333326,-0.2143298059964729,-0.042795110306433876,0.1,0.001,2
858,10,3,27,True,,1.0,0.9999999999999999,0.07942325748237228,0.6666666666666667,0.7980122655122655,0.17572987839642112,0.33333333333333326,0.20198773448773444,-0.09630662091404885,46.41588833612773,1.0,9
859,10,3,27,True,,1.0,0.9999999999999999,0.007247892381996303,0.8666666666666667,0.9651515151515152,0.21972973558512174,0.1333333333333333,0.034848484848484684,-0.21248184320312544,100.0,2.154434690031882,16
860,9,3,28,True,,0.7407407407407408,0.8782627865961199,0.18225223994660852,0.7777777777777779,0.9060405643738978,0.1590974707573687,-0.03703703703703709,-0.0277777777777779,0.023154769189239838,0.1,0.46415888336127775,2
861,9,3,28,True,,0.8148148148148149,0.9282627865961202,0.14359262204448664,0.888888888888889,0.9674523007856344,0.22069393907257961,-0.07407407407407407,-0.03918951418951422,-0.07710131702809297,2.154434690031882,1.0,7
862,10,3,27,True,,0.7333333333333334,0.8987698412698412,0.19183554788875062,0.6333333333333333,0.8566991341991341,0.20598271077837627,0.10000000000000009,0.042070707070707036,-0.014147162889625642,0.1,0.21544346900318823,5
863,14,4,22,True,,0.8928571428571428,0.9701007326007326,0.1250945852930952,0.625,0.879155677422484,0.2452242989823311,0.2678571428571428,0.09094505517824858,-0.12012971368923592,46.41588833612773,0.001,10
864,10,3,27,True,,0.6333333333333333,0.7904365079365079,0.21370932582592478,1.0,0.9999999999999999,0.12741725880179552,-0.3666666666666667,-0.209563492063492,0.08629206702412925,0.1,1.0,3
865,10,3,27,True,,0.5,0.7529292929292929,0.16169579766639494,0.5333333333333333,0.7636435786435787,0.23969258853933562,-0.033333333333333326,-0.010714285714285787,-0.07799679087294067,0.46415888336127775,10.0,5
866,7,6,27,True,,0.8809523809523809,0.8736394557823128,0.07810908454594162,0.7380952380952381,0.6893424036281178,0.24531238404001024,0.1428571428571428,0.184297052154195,-0.16720329949406862,0.46415888336127775,0.001,6
867,11,3,26,True,,0.787878787878788,0.9254656959202414,0.08574860981788231,0.9090909090909092,0.9750688705234161,0.2463747428690429,-0.12121212121212122,-0.04960317460317465,-0.16062613305116058,0.46415888336127775,0.001,9
868,9,3,28,True,,0.7407407407407408,0.8782627865961199,0.0907727115474566,0.6666666666666667,0.7856701940035273,0.21380019215779364,0.07407407407407407,0.09259259259259256,-0.12302748061033704,0.46415888336127775,2.154434690031882,4
869,12,3,25,True,,0.6111111111111112,0.8069516132016131,0.18679848310957894,0.5277777777777778,0.7864128926628926,0.2483647692478175,0.08333333333333337,0.020538720538720523,-0.06156628613823856,0.1,0.001,3
870,9,3,28,True,,1.0,1.0000000000000002,0.07290617596644643,0.5555555555555556,0.7591269841269842,0.2394262512372669,0.4444444444444444,0.24087301587301602,-0.16652007527082047,100.0,4.6415888336127775,10
871,7,4,29,True,,0.6071428571428572,0.7496598639455783,0.2691294586905738,0.9285714285714286,0.9617346938775508,0.2429659990747603,-0.3214285714285714,-0.21207482993197257,0.02616345961581351,21.54434690031882,0.001,8
872,14,4,22,True,,1.0,1.0,0.01503182240565474,0.8571428571428571,0.9625552143934497,0.2135035754243634,0.1428571428571429,0.03744478560655029,-0.19847175301870867,100.0,0.1,17
873,11,6,23,True,,0.8787878787878788,0.9072838777384232,0.1732286118246884,0.8181818181818181,0.8810540469631379,0.24215835228066063,0.06060606060606066,0.02622983077528529,-0.06892974045597222,0.1,0.001,2
874,13,3,24,True,,1.0,1.0,0.0006926918733365721,0.8717948717948719,0.9732495069033531,0.11921200268521742,0.12820512820512808,0.0267504930966469,-0.11851931081188084,46.41588833612773,4.6415888336127775,11
875,13,4,23,True,,0.7692307692307693,0.8861435572974035,0.1166865028442809,0.6153846153846154,0.7851076274153197,0.2099458951816199,0.15384615384615385,0.10103592988208376,-0.093259392337339,46.41588833612773,0.1,11
876,14,4,22,True,,0.9107142857142857,0.9721956614813758,0.08581842846483949,0.7321428571428572,0.830245548102691,0.14801999850200462,0.1785714285714285,0.1419501133786848,-0.06220157003716513,0.46415888336127775,10.0,6
877,11,4,25,True,,0.9772727272727273,0.9924242424242424,0.05291881943501733,1.0,1.0,0.12294390613265262,-0.022727272727272707,-0.007575757575757569,-0.0700250866976353,100.0,0.46415888336127775,12
878,11,5,24,True,,0.8909090909090909,0.9516705516705517,0.10348215893633991,0.6727272727272727,0.7559097468188378,0.1679683820427647,0.21818181818181814,0.19576080485171388,-0.0644862231064248,0.46415888336127775,21.54434690031882,4
879,16,4,20,True,,0.78125,0.9328519927784634,0.10659904923516028,0.75,0.9309880581020287,0.15859352364060783,0.03125,0.001863934676434753,-0.05199447440544755,0.46415888336127775,0.1,4
880,10,5,25,True,,0.8200000000000001,0.8737698412698411,0.1577036631571712,0.9400000000000001,0.9697979797979798,0.24322629475428045,-0.12,-0.09602813852813863,-0.08552263159710927,100.0,0.001,14
881,14,4,22,True,,0.875,0.9571162964020107,0.06281998162733557,0.9285714285714286,0.9786891679748821,0.24615863668108176,-0.0535714285714286,-0.021572871572871466,-0.1833386550537462,100.0,0.001,13
882,13,3,24,True,,0.7179487179487181,0.9053743265281727,0.19351262106507067,0.8717948717948718,0.9674927636466099,0.24415452262196735,-0.15384615384615374,-0.06211843711843712,-0.050641901556896685,0.1,0.001,3
883,9,5,26,True,,0.8222222222222222,0.8691718775052109,0.178300198153411,0.6444444444444444,0.8149350649350651,0.3082101444959556,0.1777777777777778,0.05423681257014579,-0.12990994634254457,0.1,10.0,3
884,12,3,25,True,,1.0,1.0,0.028558417904909605,0.9444444444444444,0.9880952380952382,0.24541593609093046,0.05555555555555558,0.011904761904761751,-0.21685751818602086,2.154434690031882,0.001,12
885,15,3,22,True,,0.7333333333333334,0.913506956006956,0.18074900888816436,0.7777777777777779,0.9488640988640988,0.24727757572923834,-0.04444444444444451,-0.035357142857142865,-0.06652856684107397,0.1,0.001,3
886,8,3,29,True,,0.9166666666666667,0.9704861111111112,0.08904629291062882,0.7083333333333334,0.883531746031746,0.18989334209795022,0.20833333333333337,0.08695436507936516,-0.1008470491873214,21.54434690031882,0.021544346900318832,8
887,7,4,29,True,,1.0,0.9999999999999998,0.027699836029982258,0.8571428571428571,0.9240362811791383,0.24443890601255572,0.1428571428571429,0.0759637188208615,-0.21673906998257347,10.0,0.001,9
888,12,4,24,True,,1.0,1.0,0.03552292926443936,0.875,0.960479797979798,0.1303573768200913,0.125,0.03952020202020201,-0.09483444755565193,1.0,4.6415888336127775,14
889,12,2,26,True,,1.0,1.0,0.029336794790236043,0.9166666666666666,0.9880952380952382,0.2082390962934438,0.08333333333333337,0.011904761904761751,-0.17890230150320777,21.54434690031882,1.0,12
890,12,5,23,True,,0.8,0.8183221870721871,0.07914277293423597,0.95,0.9811507936507936,0.24341406594426762,-0.1499999999999999,-0.16282860657860654,-0.16427129301003165,46.41588833612773,0.001,13
891,13,3,24,True,,0.7179487179487181,0.8909054620593082,0.18519201603659904,0.7948717948717949,0.9522349445426369,0.24467503305084914,-0.07692307692307687,-0.0613294824833287,-0.0594830170142501,0.1,0.001,2
892,13,5,22,True,,0.9384615384615385,0.9787545787545786,0.13357170063726861,0.8923076923076922,0.9599272522349445,0.2439048986080292,0.04615384615384621,0.018827326519634147,-0.11033319797076058,0.21544346900318823,0.001,4
893,13,3,24,True,,0.9230769230769231,0.9821780783319245,0.08357754009634993,0.8974358974358976,0.9796597633136095,0.16080763002490914,0.02564102564102555,0.0025183150183150094,-0.0772300899285592,100.0,0.46415888336127775,13
894,9,3,28,True,,1.0,1.0000000000000002,0.005108733674296547,0.888888888888889,0.9626543209876546,0.24610196670985196,0.11111111111111105,0.037345679012345645,-0.24099323303555542,46.41588833612773,0.001,14
895,14,3,23,True,,1.0,1.0,0.07257436397206517,0.8333333333333334,0.9571162964020107,0.24755653781103545,0.16666666666666663,0.04288370359798932,-0.1749821738389703,4.6415888336127775,0.001,10
896,12,4,24,True,,0.8125,0.9085999648499649,0.0990138342555063,0.7916666666666667,0.9138960576460575,0.2137457519089399,0.02083333333333326,-0.005296092796092666,-0.1147319176534336,0.21544346900318823,0.046415888336127774,6
897,9,6,25,True,,0.9259259259259259,0.9467813051146385,0.07592934142506164,0.9259259259259259,0.9467813051146385,0.19467009131723506,0.0,0.0,-0.11874074989217343,21.54434690031882,0.021544346900318832,14
898,11,3,26,True,,0.7878787878787878,0.9342069546615002,0.13077839668489485,0.5151515151515151,0.8068587977678886,0.24591791298642132,0.2727272727272727,0.12734815689361156,-0.11513951630152647,0.46415888336127775,0.001,8
899,7,4,29,True,,0.6785714285714286,0.8083900226757368,0.19494774323362732,0.5,0.6448979591836734,0.24926011256237093,0.1785714285714286,0.16349206349206336,-0.054312369328743615,0.1,0.001,3
900,11,3,26,True,,0.7575757575757577,0.9072838777384231,0.08509910944762056,0.8181818181818181,0.9471939676485133,0.16311737426829104,-0.06060606060606044,-0.03991008991009015,-0.07801826482067048,1.0,0.1,9
901,12,3,25,True,,0.9722222222222223,0.9935897435897437,0.04783449880393727,0.8055555555555557,0.9579004329004331,0.17180016276225643,0.16666666666666663,0.03568931068931058,-0.12396566395831916,1.0,0.21544346900318823,9
902,9,3,28,True,,0.962962962962963,0.9888888888888892,0.07430785980716374,0.888888888888889,0.9626543209876546,0.241121263011585,0.07407407407407407,0.026234567901234573,-0.16681340320442128,21.54434690031882,0.001,12
903,11,3,26,True,,0.696969696969697,0.8939865689865689,0.20155908083042512,0.6666666666666667,0.8865485524576433,0.24260267270519278,0.030303030303030276,0.007438016528925617,-0.041043591874767665,0.1,0.001,4
905,11,3,26,True,,1.0,1.0,0.030868753523253547,0.7272727272727273,0.9008736213281667,0.27394051708434863,0.2727272727272727,0.09912637867183327,-0.24307176356109508,100.0,21.54434690031882,22
906,9,4,27,True,,1.0,1.0000000000000002,0.020202859591095357,0.9166666666666666,0.9626543209876546,0.2456920616574365,0.08333333333333337,0.037345679012345645,-0.22548920206634115,100.0,0.001,17
907,9,5,26,True,,0.8,0.8321348404681739,0.17272188481914047,0.8,0.8321348404681739,0.1229958235447017,0.0,0.0,0.049726061274438765,0.1,2.154434690031882,3
908,11,4,25,True,,0.7954545454545454,0.9008736213281667,0.1464728512582037,0.7272727272727273,0.8409562659562658,0.17815051492943423,0.06818181818181812,0.059917355371900904,-0.03167766367123054,0.21544346900318823,1.0,4
909,13,5,22,True,,0.9692307692307693,0.9885883347421809,0.056142285310667304,0.8153846153846154,0.8652644364182824,0.1570897356215334,0.15384615384615397,0.12332389832389845,-0.10094745031086608,4.6415888336127775,0.46415888336127775,9
910,11,5,24,True,,0.8,0.8087990292535747,0.12784270183434684,0.9090909090909091,0.963164108618654,0.2453779586472464,-0.10909090909090902,-0.15436507936507926,-0.11753525681289956,0.21544346900318823,0.001,6
911,7,3,30,True,,1.0,1.0,0.0003739877403523948,0.9523809523809524,0.982142857142857,0.12565625877438916,0.04761904761904756,0.017857142857143016,-0.12528227103403677,46.41588833612773,0.46415888336127775,13
912,8,4,28,True,,0.75,0.7713789682539683,0.1657834452024131,0.96875,0.9861111111111112,0.12012061730320672,-0.21875,-0.21473214285714282,0.045662827899206365,0.21544346900318823,2.154434690031882,3
913,8,3,29,True,,0.5,0.7272727272727273,0.25,0.875,0.9526289682539683,0.24530326512656098,-0.375,-0.22535624098124096,0.0046967348734390235,0.001,0.001,0
914,13,4,23,True,,1.0,1.0,0.018627097693914775,0.8653846153846154,0.9585641922180383,0.2463076974765089,0.13461538461538458,0.04143580778196165,-0.22768059978259414,100.0,0.001,18
915,10,3,27,True,,0.9333333333333333,0.9809090909090908,0.057317529749695284,0.7333333333333334,0.8987698412698412,0.1494157074833493,0.19999999999999996,0.08213924963924968,-0.09209817773365403,2.154434690031882,2.154434690031882,9
916,11,4,25,True,,0.8181818181818181,0.9273199023199024,0.15561622539852127,0.9318181818181819,0.9750688705234161,0.24102428646165933,-0.11363636363636376,-0.04774896820351371,-0.08540806106313806,0.1,0.001,3
917,13,6,21,True,,0.9743589743589745,0.9885883347421809,0.08351650356330163,0.8333333333333335,0.8819768906307366,0.24499271802710484,0.14102564102564097,0.1066114441114443,-0.16147621446380322,46.41588833612773,0.001,12
918,12,3,25,True,,0.6944444444444444,0.897229390979391,0.15479621673350033,0.4166666666666667,0.8429625929625931,0.24917965225222452,0.27777777777777773,0.0542667980167979,-0.09438343551872419,0.21544346900318823,0.001,6
919,10,3,27,True,,0.7333333333333334,0.8813455988455987,0.1549655101510726,0.8333333333333334,0.9430122655122654,0.22877573358802336,-0.09999999999999998,-0.06166666666666665,-0.07381022343695076,0.1,0.004641588833612777,3
920,10,3,27,True,,0.7666666666666667,0.9063455988455987,0.1335966354504357,0.8,0.9354365079365078,0.24481209073325866,-0.033333333333333326,-0.029090909090909056,-0.11121545528282295,0.21544346900318823,0.001,5
921,11,3,26,True,,1.0,1.0,0.013709494710665945,0.8484848484848485,0.9631641086186542,0.24578882012588815,0.1515151515151515,0.0368358913813458,-0.2320793254152222,100.0,0.001,16
922,10,3,27,True,,0.6000000000000001,0.8693578643578642,0.2422996843872204,0.7000000000000001,0.8923595848595848,0.24825732692444058,-0.09999999999999998,-0.023001720501720557,-0.00595764253722017,0.1,0.001,3
923,10,4,26,True,,1.0,0.9999999999999999,0.050576199553600314,0.85,0.941540404040404,0.24415993500197183,0.15000000000000002,0.058459595959595934,-0.1935837354483715,100.0,0.001,18
924,13,3,24,True,,0.6923076923076924,0.8652644364182825,0.1909566542875613,0.8974358974358975,0.9751850713389175,0.24215114898067602,-0.20512820512820507,-0.10992063492063497,-0.05119449469311471,0.1,0.001,2
925,13,4,23,True,,0.6730769230769231,0.868440960748653,0.21561960968402402,0.6923076923076923,0.8962815841775118,0.24796781227209863,-0.019230769230769162,-0.027840623428858846,-0.03234820258807461,0.1,0.001,2
926,12,4,24,True,,0.7291666666666666,0.8128276815776816,0.11474424619512957,0.9375,0.9811507936507936,0.18493084014289068,-0.20833333333333337,-0.168323112073112,-0.07018659394776111,1.0,0.1,7
927,9,4,27,True,,1.0,1.0000000000000002,0.1057759124749065,0.75,0.7856701940035273,0.1395456904983379,0.25,0.2143298059964729,-0.033769778023431396,100.0,0.46415888336127775,14
928,10,5,25,True,,1.0,0.9999999999999999,0.06711170778953755,0.8,0.8655880230880231,0.2413685773588869,0.19999999999999996,0.13441197691197682,-0.17425686956934933,46.41588833612773,0.001,13
929,9,3,28,True,,0.7037037037037037,0.8412257495590829,0.22146842037297887,0.9259259259259259,0.9797979797979799,0.38108315407669613,-0.2222222222222222,-0.13857223023889698,-0.15961473370371726,0.1,46.41588833612773,3
930,7,3,30,True,,0.6190476190476191,0.8687074829931971,0.2369213026888938,0.4285714285714286,0.6782312925170069,0.3077422330994676,0.19047619047619047,0.19047619047619024,-0.07082093041057377,0.1,0.21544346900318823,4
931,11,4,25,True,,1.0,1.0,0.009440674095379522,0.7045454545454546,0.8762921422012331,0.21488422437633267,0.2954545454545454,0.12370785779876692,-0.20544355028095315,21.54434690031882,100.0,11
932,12,4,24,True,,1.0,1.0,0.17999185943787158,1.0,1.0,0.1271730957718007,0.0,0.0,0.052818763666070884,0.1,0.21544346900318823,3
933,12,5,23,True,,0.8500000000000001,0.9085999648499649,0.09390641884000282,0.7666666666666666,0.9051857864357865,0.24548093499842233,0.08333333333333348,0.0034141784141783482,-0.1515745161584195,4.6415888336127775,0.001,12
934,11,4,25,True,,0.9545454545454546,0.986013986013986,0.09376091961858006,0.6818181818181819,0.7880637039727947,0.1404161268038436,0.2727272727272727,0.19795028204119136,-0.046655207185263545,1.0,2.154434690031882,4
935,10,2,28,True,,1.0,0.9999999999999999,0.004632050853086934,1.0,0.9999999999999999,0.16054493838289394,0.0,0.0,-0.155912887529807,21.54434690031882,2.154434690031882,14
936,11,5,24,True,,0.9454545454545455,0.975068870523416,0.073974759702439,0.6545454545454545,0.7981601731601731,0.29970929001071617,0.290909090909091,0.17690869736324288,-0.22573453030827717,21.54434690031882,46.41588833612773,12
937,11,2,27,True,,1.0,1.0,0.05917492782141302,0.9545454545454546,0.9924242424242424,0.24526179376850604,0.045454545454545414,0.007575757575757569,-0.186086865947093,10.0,0.001,14
938,13,4,23,True,,0.9423076923076923,0.9821780783319245,0.08800142297022305,0.8653846153846154,0.9493303704842166,0.2445151426381329,0.07692307692307687,0.03284770784770785,-0.15651371966790983,4.6415888336127775,0.001,10
939,11,4,25,True,,0.7727272727272727,0.878146348600894,0.17763622971883247,0.7727272727272727,0.8953791158336613,0.2463429252692427,0.0,-0.017232767232767232,-0.06870669555041023,0.1,0.001,6
940,9,3,28,True,,0.8518518518518519,0.9467813051146385,0.07970841643218675,0.7037037037037037,0.8412257495590829,0.15557180639689394,0.14814814814814814,0.10555555555555562,-0.07586338996470719,10.0,0.21544346900318823,9
941,10,4,26,True,,0.75,0.7980122655122655,0.11330610113902968,0.9,0.9651515151515152,0.20559546640073756,-0.15000000000000002,-0.16713924963924975,-0.09228936526170788,1.0,0.046415888336127774,5
942,11,5,24,True,,1.0,1.0,0.029753007398959287,0.7818181818181819,0.8409562659562659,0.2422055288129488,0.21818181818181814,0.15904373404373406,-0.21245252141398951,46.41588833612773,0.001,13
943,9,6,25,True,,0.7407407407407408,0.7918791085457753,0.1653859335627347,0.962962962962963,0.9765432098765434,0.24622440104029522,-0.2222222222222222,-0.18466410133076816,-0.08083846747756052,0.21544346900318823,0.001,2
944,13,3,24,True,,1.0,1.0,0.17494188749068135,0.9230769230769231,0.9821780783319245,0.24390441580535896,0.07692307692307687,0.017821921668075502,-0.06896252831467761,0.21544346900318823,0.001,10
945,10,4,26,True,,1.0,0.9999999999999999,0.03557246734874834,1.0,0.9999999999999999,0.24188273734663884,0.0,0.0,-0.2063102699978905,100.0,0.001,16
946,11,2,27,True,,0.9545454545454546,0.9924242424242424,0.07005668193332555,0.5454545454545454,0.85425357470812,0.13192366159570146,0.40909090909090917,0.1381706677161224,-0.06186697966237591,1.0,0.21544346900318823,7
948,14,5,21,True,,0.5428571428571428,0.7392285410667764,0.22902323509509656,0.8,0.8860928870382652,0.16883802814443652,-0.25714285714285723,-0.14686434597148879,0.06018520695066004,0.1,0.046415888336127774,5
949,12,3,25,True,,0.7777777777777778,0.933661014911015,0.11887991336515931,0.5277777777777778,0.8199777074777075,0.2483283413088305,0.25,0.11368330743330757,-0.12944842794367117,0.46415888336127775,0.001,6
950,10,5,25,True,,0.8200000000000001,0.8480122655122654,0.20630245616371046,0.8,0.7980122655122655,0.2534288948554416,0.020000000000000018,0.04999999999999993,-0.047126438691731165,0.1,1.0,4
951,10,2,28,True,,1.0,0.9999999999999999,0.015272596615006974,1.0,0.9999999999999999,0.15513467721208107,0.0,0.0,-0.1398620805970741,100.0,0.46415888336127775,16
952,10,4,26,True,,0.75,0.8979292929292929,0.13768722175773337,0.625,0.791024531024531,0.19934373343205206,0.125,0.10690476190476195,-0.06165651167431868,4.6415888336127775,0.46415888336127775,8
953,12,3,25,True,,1.0,1.0,0.009798357495003853,1.0,1.0,0.2442316772205199,0.0,0.0,-0.23443331972551604,100.0,0.001,17
954,10,3,27,True,,0.7333333333333334,0.8813455988455987,0.18453128282318293,0.8666666666666667,0.9572979797979798,0.24454464904292103,-0.1333333333333333,-0.0759523809523811,-0.0600133662197381,0.1,0.001,3
955,9,4,27,True,,0.8055555555555556,0.8782627865961199,0.07862233021269487,0.9722222222222222,0.9888888888888892,0.1503550705977144,-0.16666666666666663,-0.11062610229276926,-0.07173274038501955,4.6415888336127775,0.21544346900318823,10
956,12,2,26,True,,0.9166666666666667,0.9866452991452993,0.199340237513913,0.9583333333333333,0.9935897435897437,0.15291668813361822,-0.04166666666666652,-0.00694444444444442,0.046423549380294776,0.1,0.21544346900318823,2
957,12,4,24,True,,1.0,1.0,0.011691870927429834,0.9791666666666666,0.9935897435897435,0.192143766508917,0.02083333333333337,0.0064102564102564985,-0.18045189558148717,2.154434690031882,0.046415888336127774,10
958,10,5,25,True,,0.8400000000000001,0.8813455988455987,0.09104683960611043,0.88,0.9354365079365078,0.2441925077987306,-0.039999999999999925,-0.05409090909090908,-0.15314566819262018,21.54434690031882,0.001,8
959,11,3,26,True,,0.9393939393939394,0.9841597796143251,0.14101068169507308,0.6666666666666667,0.8087990292535745,0.1114089724621996,0.2727272727272727,0.1753607503607506,0.029601709232873474,0.21544346900318823,1.0,5
960,10,5,25,True,,0.86,0.9290262515262514,0.1762173466693923,0.7000000000000001,0.763531746031746,0.1938591354176667,0.15999999999999992,0.1654945054945054,-0.017641788748274406,0.1,4.6415888336127775,2
961,10,4,26,True,,1.0,0.9999999999999999,0.002390601243066014,0.875,0.9587412587412588,0.15780045109484078,0.125,0.04125874125874107,-0.15540984985177478,100.0,1.0,15
962,9,4,27,True,,0.8055555555555556,0.9170113836780505,0.16977047436564635,0.6944444444444444,0.7690035273368607,0.18762163700814194,0.11111111111111116,0.14800785634118974,-0.017851162642495588,0.1,4.6415888336127775,4
963,12,4,24,True,,0.75,0.8183221870721871,0.12386666672990343,0.8125,0.9349278036778036,0.24809789922515743,-0.0625,-0.11660561660561652,-0.124231232495254,0.46415888336127775,0.001,7
964,11,3,26,True,,1.0,1.0,0.052992661185414805,1.0,1.0,0.24432241655506237,0.0,0.0,-0.19132975536964758,0.46415888336127775,0.001,8
965,9,2,29,True,,0.9444444444444444,0.9888888888888889,0.10931199530992262,0.3888888888888889,0.7667027417027418,0.2024052270605294,0.5555555555555556,0.22218614718614715,-0.09309323175060678,0.46415888336127775,2.154434690031882,4
966,9,4,27,True,,0.7222222222222222,0.7765792849126183,0.19759101746310812,0.6666666666666666,0.7591269841269842,0.26293083640961934,0.05555555555555558,0.01745230078563409,-0.06533981894651122,0.21544346900318823,10.0,5
967,8,5,27,True,,0.9750000000000001,0.9861111111111112,0.07386464981461306,0.7999999999999999,0.8918650793650793,0.2456268325320742,0.17500000000000016,0.09424603174603186,-0.17176218271746113,21.54434690031882,0.001,10
968,10,4,26,True,,1.0,0.9999999999999999,0.049798043325513866,0.8,0.9123595848595848,0.24749094284186302,0.19999999999999996,0.0876404151404151,-0.19769289951634916,2.154434690031882,0.001,12
969,13,3,24,True,,0.8974358974358975,0.9751850713389175,0.08240922295267036,0.9743589743589745,0.9945054945054945,0.246209065483434,-0.07692307692307698,-0.019320423166577005,-0.16379984253076363,0.46415888336127775,0.001,8
970,9,2,29,True,,1.0,1.0000000000000002,0.01769005092107758,0.7222222222222222,0.9376903960237295,0.2264326028658857,0.2777777777777778,0.06230960397627072,-0.20874255194480812,10.0,0.046415888336127774,11
971,11,4,25,True,,0.8181818181818181,0.9072838777384233,0.10760847324199066,0.75,0.8478433182978636,0.2853787213715164,0.06818181818181812,0.059440559440559704,-0.17777024812952572,21.54434690031882,0.46415888336127775,12
972,12,3,25,True,,0.7500000000000001,0.9085999648499649,0.1064152655780082,0.8055555555555556,0.9391555204055205,0.24858071033355264,-0.05555555555555547,-0.03055555555555567,-0.14216544475554443,1.0,0.001,9
973,10,3,27,True,,0.7333333333333334,0.8813455988455987,0.19751450720072167,0.9,0.9697979797979798,0.24344954926203696,-0.16666666666666663,-0.08845238095238106,-0.045935042061315295,0.1,0.001,1
974,10,3,27,True,,1.0,0.9999999999999999,0.016487011679132066,0.8666666666666667,0.9572979797979798,0.1500050253000998,0.1333333333333333,0.042702020202020075,-0.1335180136209677,2.154434690031882,0.21544346900318823,10
975,13,4,23,True,,0.7307692307692308,0.8554306804306804,0.1854110310446418,0.5384615384615384,0.8020662030277415,0.21264028579554997,0.1923076923076924,0.053364477402938926,-0.027229254750908177,0.1,2.154434690031882,2
976,12,4,24,True,,0.7916666666666666,0.8877666315166315,0.17032644524533538,0.8333333333333333,0.9482905982905983,0.24372664108404066,-0.04166666666666663,-0.060523966773966764,-0.07340019583870527,0.1,0.001,4
977,8,5,27,True,,0.875,0.9206845238095238,0.16642682559670818,0.7250000000000001,0.791801948051948,0.2267357106722884,0.1499999999999999,0.12888257575757578,-0.060308885075580215,0.1,10.0,5
978,12,2,26,True,,0.5416666666666666,0.8599888537388537,0.23251725020773825,0.9583333333333333,0.9935897435897437,0.13530166965369975,-0.41666666666666663,-0.13360088985089003,0.0972155805540385,0.21544346900318823,0.46415888336127775,5
979,12,3,25,True,,0.9722222222222223,0.9935897435897437,0.14972099996384353,0.8333333333333334,0.9629370629370632,0.16510200450896675,0.13888888888888895,0.030652680652680564,-0.015381004545123228,0.21544346900318823,46.41588833612773,7
980,11,3,26,True,,1.0,1.0,0.01659174363044602,1.0,1.0,0.07588670278889555,0.0,0.0,-0.059294959158449526,2.154434690031882,2.154434690031882,11
981,9,4,27,True,,0.75,0.7856701940035273,0.19148645987645893,0.9166666666666666,0.9626543209876546,0.2455755147791283,-0.16666666666666663,-0.17698412698412724,-0.05408905490266938,0.1,0.001,2
982,12,2,26,True,,0.5,0.818322187072187,0.20167011216098005,0.8333333333333333,0.9707362082362084,0.24623110252749306,-0.33333333333333326,-0.15241402116402147,-0.04456099036651301,0.1,0.001,3
983,12,3,25,True,,0.5833333333333334,0.8006384818884819,0.12634954101807921,0.3055555555555556,0.732578995078995,0.3765568888193856,0.2777777777777778,0.06805948680948681,-0.2502073478013064,4.6415888336127775,4.6415888336127775,8
984,10,3,27,True,,0.7666666666666667,0.9063455988455987,0.17704222305547493,0.9666666666666668,0.9909090909090909,0.07947161747538026,-0.20000000000000007,-0.08456349206349212,0.09757060558009467,0.1,0.46415888336127775,2
985,10,3,27,True,,0.8,0.9263455988455987,0.11677231987253647,0.9,0.9769230769230769,0.2452301868632128,-0.09999999999999998,-0.050577478077478144,-0.12845786699067632,46.41588833612773,0.001,14
986,13,4,23,True,,1.0,1.0,0.0036274942427901038,0.75,0.8268028979567441,0.21675848864985478,0.25,0.1731971020432559,-0.21313099440706468,4.6415888336127775,2.154434690031882,12
987,9,2,29,True,,0.5,0.7856701940035274,0.2540211698852758,1.0,1.0000000000000002,0.24687192731828358,-0.5,-0.21432980599647278,0.007149242566992203,0.21544346900318823,0.001,3
988,10,4,26,True,,0.775,0.8737698412698411,0.1350754078209842,0.675,0.8362626262626262,0.24481885512423326,0.09999999999999998,0.03750721500721499,-0.10974344730324906,4.6415888336127775,0.001,7
989,11,2,27,True,,0.8181818181818181,0.9649678604224059,0.0778601996333046,0.5,0.8087990292535745,0.18447426068276906,0.3181818181818181,0.1561688311688314,-0.10661406104946447,4.6415888336127775,2.154434690031882,6
990,11,3,26,True,,0.7272727272727273,0.8845566050111504,0.09645008539662801,0.8181818181818182,0.9406172110717566,0.24681867163224339,-0.09090909090909094,-0.056060606060606144,-0.1503685862356154,4.6415888336127775,0.001,10
991,11,3,26,True,,1.0,1.0,0.08681206334197457,0.8181818181818181,0.953063098517644,0.24649961763026368,0.18181818181818188,0.046936901482355964,-0.15968755428828912,2.154434690031882,0.001,12
992,9,3,28,True,,1.0,1.0000000000000002,0.1747272666906858,0.925925925925926,0.9765432098765434,0.24666264698760568,0.07407407407407396,0.023456790123456805,-0.07193538029691987,0.1,0.001,2
993,11,2,27,True,,1.0,1.0,0.04749584820559013,0.8181818181818181,0.9649678604224059,0.24620217608375933,0.18181818181818188,0.0350321395775941,-0.1987063278781692,100.0,0.001,14
994,10,2,28,True,,0.8,0.9572979797979798,0.08326655924181503,0.8,0.9572979797979798,0.244743184436062,0.0,0.0,-0.16147662519424696,100.0,0.001,13
995,8,3,29,True,,1.0,1.0,0.03214490920962222,0.875,0.9526289682539683,0.24404232476441437,0.125,0.047371031746031744,-0.21189741555479213,100.0,0.001,17
996,12,3,25,True,,0.9444444444444445,0.9866452991452993,0.14463832104700683,0.888888888888889,0.9707362082362084,0.24458536568809003,0.05555555555555558,0.015909090909090873,-0.0999470446410832,100.0,0.001,15
997,11,3,26,True,,0.6363636363636364,0.8409562659562658,0.15132515638269695,0.6363636363636365,0.8638212797303706,0.24633984376859663,-1.1102230246251565e-16,-0.02286501377410477,-0.09501468738589969,0.21544346900318823,0.001,4
998,9,5,26,True,,0.8,0.7856701940035274,0.14816774767135185,0.7777777777777777,0.8245590828924163,0.17074752050780526,0.022222222222222365,-0.03888888888888886,-0.022579772836453404,0.21544346900318823,2.154434690031882,3
999,10,3,27,True,,0.6333333333333333,0.7904365079365079,0.1404770296038772,0.8666666666666667,0.9651515151515152,0.16093235314848583,-0.2333333333333334,-0.17471500721500732,-0.020455323544608633,2.154434690031882,1.0,8
1000,11,5,24,True,,0.8545454545454546,0.9072838777384231,0.09939828482070695,0.7818181818181819,0.8657647907647907,0.15300343194134883,0.07272727272727275,0.04151908697363238,-0.05360514712064188,2.154434690031882,0.1,6
1001,12,3,25,True,,1.0,1.0,0.0003279727244545771,0.9166666666666667,0.9790695415695417,0.16192693735668565,0.08333333333333326,0.020930458430458265,-0.16159896463223106,21.54434690031882,0.046415888336127774,14
1002,12,3,25,True,,1.0,1.0,0.046181637095625803,0.9444444444444444,0.9880952380952382,0.14871287336739278,0.05555555555555558,0.011904761904761751,-0.10253123627176697,10.0,10.0,11
1003,12,4,24,True,,0.6875,0.8354869667369667,0.19369109001374407,0.6666666666666667,0.8325066137566137,0.17513485017442088,0.02083333333333326,0.0029803529803529294,0.018556239839323196,0.1,4.6415888336127775,4
1004,16,5,19,True,,0.9625,0.9882506127450981,0.07006013586344112,0.825,0.9210216356356062,0.24429609500174754,0.13750000000000007,0.06722897710949183,-0.17423595913830642,100.0,0.001,10
1005,13,2,25,True,,0.5,0.8268028979567441,0.2442757578479711,0.9615384615384616,0.9945054945054943,0.24828029085677097,-0.46153846153846156,-0.1677025965487502,-0.004004533008799882,0.21544346900318823,0.001,6
1006,10,4,26,True,,1.0,0.9999999999999999,0.008241208062614844,0.75,0.8868650793650793,0.20923311098462957,0.25,0.11313492063492059,-0.20099190292201474,10.0,0.21544346900318823,12
1007,8,4,28,True,,0.75,0.8227678571428572,0.14176941288260833,0.59375,0.7947781385281385,0.24521666461347016,0.15625,0.02798971861471866,-0.10344725173086183,0.21544346900318823,0.001,6
1008,11,4,25,True,,0.8181818181818181,0.93481240981241,0.17622241674227263,0.5909090909090908,0.8227701591337955,0.24635510477683328,0.2272727272727273,0.11204225067861451,-0.07013268803456066,0.1,0.001,4
1009,11,2,27,True,,1.0,1.0,0.0030277439669668576,1.0,1.0,0.2442085017465727,0.0,0.0,-0.24118075777960582,21.54434690031882,0.001,14
1010,11,3,26,True,,1.0,1.0,0.06809704918643368,0.7878787878787878,0.9416994621540076,0.24664161797443235,0.21212121212121215,0.05830053784599243,-0.17854456878799868,100.0,0.001,18
1011,11,3,26,True,,0.8181818181818182,0.9406172110717566,0.09061713700078358,0.8787878787878789,0.9649678604224059,0.2446162577466446,-0.06060606060606066,-0.024350649350649345,-0.15399912074586103,10.0,0.001,10
1012,11,2,27,True,,0.5,0.8087990292535745,0.2260001731413279,1.0,1.0,0.24678552925273733,-0.5,-0.1912009707464255,-0.020785356111409442,0.1,0.001,3
1013,10,2,28,True,,0.7,0.9263455988455987,0.08352275412131623,0.30000000000000004,0.8243578643578643,0.2507248973965472,0.3999999999999999,0.10198773448773446,-0.16720214327523097,100.0,0.001,12
1014,10,4,26,True,,0.775,0.8480122655122654,0.07406538222508173,0.75,0.9064610389610389,0.23376717613923412,0.025000000000000022,-0.05844877344877353,-0.1597017939141524,1.0,21.54434690031882,9
1015,10,5,25,True,,0.8600000000000001,0.9063455988455987,0.17327193097628374,0.78,0.8566991341991341,0.2420728923270817,0.08000000000000007,0.049646464646464605,-0.06880096135079797,0.1,0.001,3
1016,14,2,24,True,,0.9285714285714286,0.9901360544217688,0.06159355871552785,0.4642857142857143,0.88063801278087,0.24682120265794635,0.4642857142857143,0.10949804164089882,-0.1852276439424185,100.0,0.001,14
1017,11,4,25,True,,0.7272727272727273,0.8023887728433181,0.14894395366356106,0.9545454545454546,0.986013986013986,0.24582050394845992,-0.2272727272727273,-0.18362521317066793,-0.09687655028489886,0.46415888336127775,0.001,7
1018,13,4,23,True,,0.8461538461538461,0.9522349445426368,0.1679018417694632,0.8653846153846154,0.9493303704842166,0.243044131139241,-0.019230769230769273,0.0029045740584201507,-0.07514228936977779,0.1,0.001,3
