"fit_id","pathway","NES","pval","padj","size","leading_edge_count","leading_edge_genes"
"full","HALLMARK_ALLOGRAFT_REJECTION",2.50116412719673,2.02198739426608e-18,1.01099369713304e-16,179,81,"MMP9;ITGB2;GZMB;CD3D;IL10;CD2;CD3E;PRF1;CD3G;CD8B;HLA-DOA;LCP2;SPI1;IL2RG;WAS;ITGAL;PTPRC;TIMP1;ITK;IGSF6;GZMA;NLRP3;CRTAM;NCF4;HCLS1;CD1D;INHBB;IL2RB;CCL5;EIF3J;CD247;HLA-DMB;CD8A;HLA-DRA;NCK1;LTB;CTSS;SOCS1;GPR65;KLRD1;CCL4;CD96;IL1B;CD7;CD74;LY75;NME1;TLR1;IL4R;TGFB1;LCK;CAPG;SIT1;IL18;CXCR3;PTPN6;TLR2;BCL10;ZAP70;BCAT1;HLA-DMA;CCND2;IFNGR1;EIF5A;HLA-DQA1;IRF7;HLA-DOB;CCR5;LY86;TAPBP;TAP1;CCR1;HIF1A;C2;STAT4;FLNA;FYB1;CD28;LIF;TLR6;CCND3"
"full","HALLMARK_INTERFERON_GAMMA_RESPONSE",2.37186831824453,2.27520447860301e-15,5.68801119650753e-14,190,79,"CXCL10;HLA-DRB1;IL10RA;LGALS3BP;LY6E;ISG15;LCP2;OAS3;SAMHD1;RSAD2;GZMA;C1R;IFI27;PSMA2;PDE4B;RNF213;IFIT1;CSF2RB;MX2;HERC6;CMPK2;IFI44L;OAS2;USP18;EPSTI1;IL2RB;CCL5;PTGS2;TNFAIP6;ZBP1;SERPING1;SOCS1;IL18BP;SELP;OASL;IFIT3;MX1;CD74;CD69;FCGR1A;ISG20;IL4R;IFIT2;XAF1;FPR1;HELZ2;C1S;MYD88;IFI44;IFITM3;TNFAIP2;PTPN6;CASP3;HLA-DMA;STAT2;HLA-DQA1;CFH;ADAR;IRF7;IFIH1;SAMD9L;LYSMD2;MVP;TRIM14;EIF2AK2;SLAMF7;TAPBP;NMI;SP110;CD274;TAP1;HIF1A;PARP14;PTPN2;KLRK1;IFI35;STAT4;CASP7;PSMA3"
"full","HALLMARK_INFLAMMATORY_RESPONSE",2.17650096041075,7.36669341309059e-11,1.2277822355151e-09,178,74,"SELL;CXCL10;CCL20;CYBB;IL10;IL10RA;CSF3R;LY6E;CD48;LCP2;TIMP1;APLNR;NLRP3;PDE4B;PTAFR;RNF144B;F3;ABCA1;RASGRP1;IL2RB;CCL5;KCNJ2;GPR183;TNFAIP6;SLC31A2;ITGA5;AQP9;HAS2;TNFRSF9;CSF3;IFITM1;IL1B;LAMP3;CD69;TLR1;IL4R;MMP14;RGS1;FPR1;LCK;CCR7;IL7R;PROK2;IL18;GPR132;MSR1;EDN1;SELENOS;TLR2;OSM;KLF6;C5AR1;IRF7;EIF2AK2;TAPBP;NMI;PTPRE;HIF1A;PTGIR;EMP3;MARCO;OSMR;SLC4A4;GNA15;PVR;LIF;BEST1;SLC7A1;IL18R1;CXCL8;ATP2A2;GCH1;CX3CL1;SERPINE1"
"full","HALLMARK_INTERFERON_ALPHA_RESPONSE",2.32157244663035,2.52307514441151e-10,3.15384393051439e-09,94,43,"SELL;CXCL10;LGALS3BP;LY6E;ISG15;RSAD2;IFI27;HERC6;CMPK2;OAS1;IFI44L;USP18;EPSTI1;NCOA7;OASL;IFITM1;IFIT3;MX1;LAMP3;CD74;ISG20;SAMD9;IL4R;IFIT2;HELZ2;C1S;TENT5A;IFI44;IFITM3;TRIM5;GMPR;STAT2;ADAR;IRF7;IFIH1;SAMD9L;TRIM14;EIF2AK2;NMI;SP110;TAP1;PARP14;IFI35"
"full","HALLMARK_COMPLEMENT",2.03142074420867,2.08193430593075e-08,2.08193430593075e-07,173,54,"APOC1;GZMB;FCER1G;C1QA;GNG2;DOCK10;LCP2;WAS;FCN1;TIMP1;S100A12;C1QC;GZMA;C1R;CTSB;MMP13;KYNU;GZMK;DUSP6;F3;ATOX1;SPOCK2;RASGRP1;CCL5;LTF;SERPING1;APOBEC3G;CTSS;ITGAM;PHEX;S100A9;DOCK9;PLA2G7;MMP14;SERPINA1;PDP1;LCK;PCLO;C1S;FDX1;COL4A2;FYN;ME1;LGMN;CR1;CEBPB;CASP3;CFH;EHD1;IRF7;CDA;CDH13;SIRT6;PIK3CA"
"full","HALLMARK_COAGULATION",1.95996820136529,3.18794944623114e-06,2.65662453852595e-05,98,34,"MMP9;CTSK;APOC1;C1QA;TIMP1;DUSP14;C1R;PLAU;CFD;BMP1;CTSB;DUSP6;F3;PRSS23;SERPING1;MMP2;CFI;KLF7;THBS1;SPARC;MMP14;ANXA1;SERPINA1;VWF;C1S;ITGA2;FYN;LGMN;CFH;MMP3;PROS1;PDGFB;USP11;C2"
"full","HALLMARK_G2M_CHECKPOINT",-1.76094028063813,4.29065937257871e-06,3.06475669469908e-05,193,68,"MEIS2;NOLC1;MT2A;MYC;CCND1;CDKN1B;EZH2;CKS2;CCNT1;FBXO5;TOP2A;HNRNPU;PURA;TRA2B;CCNF;ORC5;KMT5A;AURKA;CTCF;NUP98;XPO1;BIRC5;LBR;CDC27;SFPQ;KNL1;PTTG1;TPX2;E2F2;TLE3;AMD1;PLK1;MCM6;RACGAP1;HMMR;BCL3;BUB3;CUL3;CASP8AP2;HSPA8;CDC20;EWSR1;HNRNPD;AURKB;KIF4A;CCNB2;TOP1;NUMA1;CENPE;E2F4;SMC4;STAG1;HMGB3;MCM5;MARCKS;NEK2;UBE2S;KATNA1;ESPL1;ODC1;MAPK14;BUB1;PDS5B;STIL;RASAL2;SMC1A;RAD23B;CDK1"
"full","HALLMARK_KRAS_SIGNALING_UP",1.78800660990515,7.40593019891358e-06,4.62870637432099e-05,169,42,"SPP1;MMP9;ITGB2;FCER1G;CXCL10;CCL20;RETN;IL10RA;SLPI;IL2RG;ALDH1A3;CXCR4;PLAU;IKZF1;F13A1;LCP1;GALNT3;DOCK2;ANGPTL4;DUSP6;PTGS2;PDCD1LG2;CTSS;MMD;MPZL2;GPNMB;IL1B;PRELID3B;SPON1;EPB41L3;CLEC4A;TRAF1;IL7R;PLEK2;ITGA2;ETV5;TOR1AIP2;GLRX;CCND2;TMEM176B;CFH;MALL"
"full","HALLMARK_FATTY_ACID_METABOLISM",-1.68852965471498,0.000275124986251536,0.00152847214584187,136,28,"XIST;HSP90AA1;HMGCS1;HSPH1;ACADS;ACSM3;IDI1;CD36;EPHX1;MGLL;AQP7;INMT;KMT5A;ALDH9A1;GABARAPL1;LTC4S;EHHADH;UGDH;SERINC1;MLYCD;NTHL1;BPHL;HSD17B7;HADH;CA4;ACOX1;LGALS1;MAOA"
"full","HALLMARK_TGF_BETA_SIGNALING",-1.88021401268255,0.00035020079762143,0.00175100398810715,52,17,"ID2;ID1;ID3;SMAD7;KLF10;SKIL;JUNB;BMP2;CDKN1C;SMAD6;ACVR1;ARID4B;ENG;SLC20A1;FNTA;HIPK2;CDK9"
"full","HALLMARK_EPITHELIAL_MESENCHYMAL_TRANSITION",1.56745692230444,0.00119507273662468,0.00508584174803359,187,47,"SPP1;POSTN;CTHRC1;CD44;TGFBI;LUM;TIMP1;COL6A2;MGP;AREG;BMP1;ANPEP;FAP;FSTL1;MMP2;GLIPR1;ITGA5;MFAP5;THBS1;FBLN5;COL3A1;LAMC1;SPARC;COL1A1;MMP14;PDLIM4;COL4A1;TGFB1;SDC4;SAT1;CAPG;ITGB1;COL4A2;ITGA2;TGM2;COLGALT1;SDC1;FBLN2;TNC;PLOD1;SERPINE2;NOTCH2;LOXL2;COL5A1;TNFRSF12A;SLIT2;MMP3"
"full","HALLMARK_IL2_STAT5_SIGNALING",1.52027939505661,0.00122060201952806,0.00508584174803359,189,56,"SPP1;SELL;CXCL10;IL10;CD44;IL10RA;IL3RA;CD48;CST7;ITIH5;IL2RB;LTB;SMPDL3A;SOCS1;SELP;GPR65;TNFRSF9;MYO1E;GLIPR2;LCLAT1;IL4R;HOPX;TRAF1;CAPG;RORA;PLAGL1;TGM2;IFITM3;UCK2;AGER;RHOH;CASP3;CCND2;ST3GAL4;TLR7;IFNGR1;CDCP1;KLF6;DHRS3;LRIG1;NDRG1;RRAGD;TNFRSF21;GSTO1;CDC42SE2;RABGAP1L;CA2;LIF;CCND3;ITGAV;ALCAM;IL18R1;APLP1;NT5E;IRF4;ECM1"
"full","HALLMARK_ANGIOGENESIS",1.76057488865297,0.00190802389578036,0.00733855344530908,28,7,"SPP1;POSTN;S100A4;SLCO2A1;LUM;TIMP1;FSTL1"
"full","HALLMARK_IL6_JAK_STAT3_SIGNALING",1.6129888859012,0.00359065565378999,0.0128237701921071,75,22,"CXCL10;CD44;CSF3R;ITGA4;IL3RA;IL2RG;CSF2RB;LTB;SOCS1;IL1B;IL4R;TGFB1;MYD88;TLR2;IFNGR1;STAT2;BAK1;TNFRSF12A;CCR1;PTPN2;TNFRSF21;OSMR"
"full","HALLMARK_UV_RESPONSE_DN",-1.46756748083357,0.00597255990663702,0.0199085330221234,137,48,"ID1;SMAD7;MYC;PRKAR2B;CDKN1B;PPARG;GCNT1;LDLR;RND3;TGFBR3;NR1D2;MT1E;TGFBR2;PLPP3;MGLL;TFPI;BHLHE40;NRP1;MAGI2;ICA1;SYNE1;RXRA;AGGF1;DUSP1;CDC42BPA;NR3C1;KALRN;DBP;ARHGEF9;PHF3;INSIG1;PLCB4;NIPBL;GJA1;SIPA1L1;PRDM2;ZMIZ1;CDK13;ANXA2;AKT3;DYRK1A;NEK7;MAPK14;CAV1;LPAR1;ATXN1;TJP1;RUNX1"
"full","HALLMARK_DNA_REPAIR",1.45331084112147,0.0113392256020351,0.0354350800063597,148,71,"ADA;HCLS1;PDE4B;COX17;CMPK2;ZWINT;TAF13;MPC2;DDB2;NME1;SEC61A1;TYMS;TAF9;LIG1;ITPA;APRT;DGCR8;GTF2A2;DUT;HPRT1;CDA;POLR2F;POLD1;AK3;USP11;MRPL40;CANT1;POLR2J;POLR2D;CSTF3;PCNA;ELOA;TAF6;NT5C;RPA3;RNMT;RBX1;POLR1C;ADRM1;TK2;SSRP1;GTF2H5;SNAPC5;CETN2;BCAP31;DGUOK;RFC4;NT5C3A;POLD4;POLH;POLR2K;TMED2;GTF2H3;PDE6G;ERCC3;AK1;ELL;SUPT5H;NELFE;TP53;TARBP2;SUPT4H1;ZNF707;NELFCD;SNAPC4;PNP;POLR2I;UPF3B;POLR3C;DAD1;RALA"
"full","HALLMARK_MTORC1_SIGNALING",1.34816524044467,0.0146643196073811,0.0431303517864151,195,75,"ITGB2;CORO1A;SLA;CXCR4;SDF2L1;SLC7A5;MCM4;EIF2S2;TRIB3;ARPC5L;PPA1;PSMB5;NMT1;EDEM1;PDAP1;FDXR;HSP90B1;DHFR;TFRC;GSR;EBP;ME1;LGMN;HSPA4;ALDOA;GLRX;HPRT1;BCAT1;SCD;ENO1;PSMD13;PSMC4;RPN1;IGFBP5;ACSL3;POLR3G;DAPP1;ATP6V1D;ASNS;SYTL2;CALR;YKT6;ATP5MC1;TUBA4A;ACTR2;SLC1A4;MTHFD2L;GAPDH;RRM2;EEF1E1;VLDLR;PSME3;PSMA3;TUBG1;PDK1;SLC7A11;TES;ATP2A2;MTHFD2;M6PR;SORD;PSMD14;HSPA5;UCHL5;AK4;ACTR3;PSMG1;PSPH;HK2;FGL2;ACLY;PGK1;GPI;PGM1;HMBS"
"full","HALLMARK_APICAL_JUNCTION",1.38071453082296,0.024864763080299,0.0654335870534183,161,36,"MMP9;TGFBI;CADM3;PTPRC;BMP1;CLDN11;RAC2;ADAM23;EVL;MMP2;CD99;MPZL2;ITGA3;PCDH1;CD209;MPZL1;JAM3;B4GALT1;TRAF1;CD276;VWF;CLDN15;RSU1;ITGB1;ITGA2;ACTN4;LAMB3;MAPK13;SLIT2;VASP;CD274;FYB1;JUP;TUBG1;SYK;MADCAM1"
"full","HALLMARK_OXIDATIVE_PHOSPHORYLATION",1.34006430630881,0.0237761496979252,0.0654335870534183,200,75,"COX17;ATP5F1E;BAX;NDUFV2;NDUFA1;NDUFA7;ATP5ME;NDUFB1;COX10;UQCR11;ATP6V0E1;PDP1;TIMM17A;FDX1;UQCRFS1;NDUFC2;TIMM10;TIMM8B;UQCRQ;NDUFS6;COX7C;GOT2;NDUFB8;UQCRB;ATP6V1G1;MAOB;MRPL15;ATP6V1D;COX7A2;NDUFS8;POLR2F;ATP5MC1;ATP6V0B;ATP6AP1;NDUFA3;ATP5MF;ISCA1;CASP7;NNT;ATP6V1H;VDAC1;COX6C;ATP6V1F;ATP5F1D;SUCLA2;NDUFB2;DECR1;DLST;COX6B1;NDUFB4;NDUFA5;DLAT;MRPL34;NDUFS3;MTRF1;PRDX3;NDUFB3;SDHA;MTX2;NDUFC1;GPI;MRPS12;COX5A;LDHB;AIFM1;TCIRG1;CS;UQCR10;COX11;UQCRC1;SLC25A3;OPA1;ATP5F1C;ATP6V1E1;HSPA9"
"full","HALLMARK_CHOLESTEROL_HOMEOSTASIS",-1.40863388137795,0.0372942146235563,0.0932355365588906,69,22,"LPL;HMGCS1;NFIL3;PPARG;PNRC1;LDLR;IDI1;CHKA;SEMA3B;FABP5;STX5;CYP51A1;HSD17B7;ATF3;HMGCR;ETHE1;ECH1;FDFT1;PCYT2;PMVK;ATXN2;CXCL16"
"full","HALLMARK_NOTCH_SIGNALING",-1.48207972973637,0.0413200772115112,0.0983811362178837,31,9,"CCND1;FZD5;LFNG;HES1;DLL1;KAT2A;NOTCH1;FZD7;PSEN2"
"full","HALLMARK_UV_RESPONSE_UP",-1.30159400627378,0.0479200369638483,0.108909174917837,142,40,"DNAJB1;JUNB;BMP2;CDKN1C;EIF2S3;SELENOW;EPHX1;HNRNPU;RHOB;HSPA2;DNAJA1;CHKA;POLG2;SLC25A4;TST;EIF5;BTG2;HLA-F;SQSTM1;CXCL2;CREG1;SPR;ATP6V1C1;NXF1;NR4A1;PRPF3;AMD1;TYRO3;ALAS1;GLS;MAOA;IGFBP2;IL6ST;FOS;ATF3;LYN;IRF1;CCNE1;PRKCD;PPIF"
"full","HALLMARK_TNFA_SIGNALING_VIA_NFKB",1.27270840271873,0.0589651022864019,0.128185004970439,194,48,"ACKR3;CXCL10;CCL20;CD44;BCL2A1;TNFAIP8;PLAU;TNIP1;AREG;PDE4B;KYNU;F3;ABCA1;CCL5;GPR183;PTGS2;TNFAIP6;TNFRSF9;CCL4;NINJ1;IL1B;CD69;IER3;IFIT2;B4GALT1;TRAF1;SDC4;SAT1;IL7R;PER1;IL18;FJX1;KLF9;SLC16A6;EDN1;TNFAIP2;RELB;SERPINB8;TNC;CEBPB;LAMB3;TLR2;DUSP4;FOSL2;KLF6;EHD1;IFIH1;SLC2A6"
"full","HALLMARK_MITOTIC_SPINDLE",-1.14241055306561,0.0796881135538408,0.166016903237168,195,59,"TIAM1;MYH10;UXT;DST;PCGF5;FBXO5;TOP2A;MAP3K11;AURKA;BCAR1;LATS1;TSC1;BIRC5;CDC27;FSCN1;ITSN1;SOS1;TPX2;CDC42BPA;TUBD1;RHOT2;ALS2;PLK1;RACGAP1;SPTAN1;CCDC88A;FGD6;CLIP1;HOOK3;EPB41L2;LLGL1;CSNK1D;ARF6;PPP4R2;PCM1;KIF4A;CCNB2;NUMA1;CENPE;LRPPRC;EZR;HDAC6;KPTN;SMC4;ECT2;MARCKS;GSN;NEK2;NET1;KATNA1;ESPL1;BUB1;RAB3GAP1;RASAL2;SMC1A;MID1;CDK1;DLGAP5;PCNT"
"full","HALLMARK_BILE_ACID_METABOLISM",-1.26110963041478,0.093625204268606,0.173380007904826,86,18,"CAT;AR;CYP7B1;LIPE;IDI1;ISOC1;ALDH9A1;BMP6;SOD1;HACL1;RXRA;PEX19;EPHX2;ABCA4;MLYCD;PHYH;GCLM;FADS1"
"full","HALLMARK_ESTROGEN_RESPONSE_EARLY",1.24647979458741,0.0876543209876543,0.173380007904826,164,44,"CD44;BCL11B;AREG;STC2;CLIC3;SLC7A5;INHBB;RAB31;RASGRP1;PRSS23;PDLIM3;FASN;FKBP5;PMAIP1;KRT8;RRP12;MYBL1;PTGES;KRT18;SCARB1;B4GALT1;DEPTOR;MYOF;AQP3;CBFA2T3;TGM2;RAPGEFL1;PAPSS2;ALDH3B1;SLC1A1;DHRS3;ASB13;NADSYN1;LRIG1;KCNK5;SLC1A4;SLC37A1;CANT1;ADCY9;RHOBTB3;HR;CA12;RHOD;TPD52L1"
"full","HALLMARK_GLYCOLYSIS",1.22440778544195,0.0929951690821256,0.173380007904826,174,56,"CD44;TGFBI;CXCR4;STC2;AGRN;ANGPTL4;SLC16A3;PYGB;KDELR3;SDC2;ISG20;IER3;B4GALT1;B4GALT2;FAM162A;ME1;SDC1;ALDOA;GLRX;PLOD1;ENO1;PSMC4;NSDHL;CHPF2;GOT2;B4GALT7;COL5A1;PKM;B4GALT4;ARPP19;PGAM1;RRAGD;AK3;DCN;PRPS1;VLDLR;GMPPA;SPAG4;PC;CHST1;ALG1;NT5E;PMM2;B3GAT1;HSPA5;P4HA2;EXT1;AK4;TPBG;HK2;PFKP;GNE;PGK1;BPNT1;PYGL;VEGFA"
"full","HALLMARK_HEME_METABOLISM",-1.16751745883054,0.107696703418648,0.183150183150183,177,56,"CAT;SLC4A1;ICAM4;BMP2K;CA1;SELENBP1;TSPAN5;ENDOD1;SLC25A38;BTRC;BACH1;PDZK1IP1;MPP1;ALDH6A1;TENT5C;BTG2;VEZF1;CDC27;HEBP1;SLC30A1;ALAS2;NARF;SDCBP;USP15;NR3C1;E2F2;SLC2A1;EPOR;KLF3;PICALM;MXI1;RCL1;LPIN2;BLVRB;GCLM;RBM38;EIF2AK1;RHAG;GCLC;ABCB6;OSBP2;TOP1;TMCC2;DCAF11;TNS1;BNIP3L;ADD1;DCAF10;CDR2;NEK7;FOXJ2;CAST;ALAD;PPOX;EZH1;GMPS"
"full","HALLMARK_HYPOXIA",-1.20168813856798,0.107696703418648,0.183150183150183,174,24,"SLC2A3;AKAP12;DDIT3;MT2A;JUN;CDKN1B;NFIL3;HOXB9;KLHL24;LDHC;ZFP36;CDKN1C;IGFBP3;PNRC1;EFNA1;WSB1;MAP3K1;NOCT;SELENBP1;MT1E;KDM3A;BHLHE40;TNFAIP3;TGFB3"
"full","HALLMARK_PEROXISOME",-1.21219639037882,0.10989010989011,0.183150183150183,88,22,"CAT;CADM1;IDI1;ISOC1;TOP2A;ALDH9A1;SLC25A4;EHHADH;SOD1;CNBP;EPHX2;MLYCD;CRABP2;ACOX1;FADS1;ECH1;SLC35B2;SIAH1;ERCC1;SEMA3C;IDH1;ATXN1"
"full","HALLMARK_SPERMATOGENESIS",-1.20775802568043,0.142857142857143,0.230414746543779,77,19,"SIRT1;LDHC;EZH2;ELOVL3;AGFG1;HSPA2;AURKA;BRAF;SPATA6;CSNK2A2;ZC2HC1C;HSPA1L;SHE;TSN;ADCYAP1;ACRBP;CCNB2;STAM2;CCT6B"
"full","HALLMARK_HEDGEHOG_SIGNALING",-1.19976941242313,0.161585365853659,0.252477134146341,29,6,"NRP2;ETS2;NRP1;LDB1;TLE3;PTCH1"
"full","HALLMARK_ADIPOGENESIS",-1.07411734554218,0.261627906976744,0.396405919661734,190,42,"LPL;BCL6;CAT;NABP1;FABP4;ACADS;PPARG;LIPE;ESYT1;CD36;GPX4;VEGFB;MGLL;CD151;SORBS1;TST;LTC4S;PPP1R15B;SOD1;ATP5PO;ITSN1;EPHX2;LAMA4;PHYH;HSPB8;ADCY6;HADH;ACOX1;CMBL;TOB1;ITGA7;CAVIN1;OMD;SPARCL1;PFKFB3;SLC27A1;ECH1;PLIN2;CCNG2;DNAJB9;DBT;MAP4K3"
"full","HALLMARK_ANDROGEN_RESPONSE",1.10528015619006,0.285129604365621,0.411124546553809,92,28,"TNFAIP8;ALDH1A3;HPGD;FKBP5;KRT8;RRP12;CENPN;IQGAP2;SPCS3;GSR;B4GALT1;SAT1;SRP19;SCD;ELL2;DBI;ACSL3;CAMKK2;NDRG1;SGK1;PDLIM5;CCND3;ITGAV;RAB4A;SORD;SEC24D;ABCC4;ADRM1"
"full","HALLMARK_P53_PATHWAY",1.08286726228178,0.287787182587666,0.411124546553809,186,51,"S100A4;PERP;ADA;ZMAT3;AEN;INHBB;TAX1BP3;RPS27L;BAX;TRIB3;SOCS1;NINJ1;RRAD;FDXR;PITPNC1;DDB2;SEC61A1;IER3;TGFB1;SAT1;DEF6;VDR;FAM162A;SDC1;CCND2;BAK1;GM2A;EPS8L2;CDH13;RHBDF2;FBXW7;PTPRE;NDRG1;TAP1;WRAP73;DGKA;PCNA;TPD52L1;JAG2;FGF13;LIF;SLC7A11;CCND3;COQ8A;S100A10;TRIAP1;CYFIP2;NUDT15;RPL36;RAD51C;PVT1"
"full","HALLMARK_APOPTOSIS",1.07880445098719,0.319949811794228,0.444374738603095,152,44,"CD2;CD44;LMNA;PRF1;LUM;TIMP1;BAX;MMP2;PLCB2;IL1B;PMAIP1;FDXR;CD69;ISG20;KRT18;IGFBP6;IER3;ANXA1;GSR;EBP;SAT1;IL18;IFITM3;BCL10;CASP3;CCND2;IFNGR1;TNFRSF12A;PDCD4;TAP1;DCN;DFFA;DNAJC3;CASP7;PPP2R5B;MGMT;GNA15;BRCA1;LEF1;GCH1;CD38;CASP9;MADD;TSPO"
"full","HALLMARK_ESTROGEN_RESPONSE_LATE",1.07105752354387,0.333748443337484,0.447830101569714,154,37,"CD44;CKB;PERP;AREG;CLIC3;SLC7A5;RAB31;LTF;PRSS23;PDLIM3;S100A9;FKBP5;DNAJC12;ISG20;SNX10;PTGES;SCARB1;SERPINA1;MYOF;GAL;PTPN6;RAPGEFL1;HPRT1;PAPSS2;ALDH3B1;MAPK13;KCNK5;SLC1A4;PDCD4;HR;SGK1;CA12;LSR;ATP2B4;TPD52L1;CA2;COX6C"
"full","HALLMARK_MYC_TARGETS_V2",-1.04886009815203,0.340350877192982,0.447830101569714,57,14,"NOLC1;MYC;HSPE1;HSPD1;MPHOSPH10;SUPV3L1;PPRC1;PLK1;NOP16;RCL1;LAS1L;NOP56;TCOF1;MCM5"
"full","HALLMARK_PANCREAS_BETA_CELLS",1.09544445645617,0.365695792880259,0.457119741100324,14,4,"SRP14;SRPRB;SPCS1;VDR"
"full","HALLMARK_REACTIVE_OXYGEN_SPECIES_PATHWAY",-1.03663043833555,0.359060402684564,0.457119741100324,49,8,"CAT;JUNB;MPO;HHEX;GPX4;MGST1;TXN;SOD1"
"full","HALLMARK_UNFOLDED_PROTEIN_RESPONSE",1.04162255152519,0.388440860215054,0.473708366115919,108,29,"STC2;IFIT1;SLC7A5;LSM1;EIF4EBP1;HYOU1;SRPRB;EDEM1;KDELR3;SPCS1;SPCS3;HSP90B1;PDIA5;SEC31A;GOSR2;CEBPB;CKS1B;LSM4;ASNS;CALR;SLC1A4;DNAJC3;ATF4;TATDN2;MTHFD2;ZBTB17;NHP2;ERN1;HSPA5"
"full","HALLMARK_MYOGENESIS",1.02360844481706,0.434944237918216,0.517790759426447,158,35,"MYOM2;CKB;APLNR;COL6A2;CFD;STC2;AGRN;IGF1;LSP1;COL15A1;BDKRB2;PDLIM7;COL3A1;SPARC;COL1A1;IGFBP7;TGFB1;ITGB1;COL4A2;CNN3;SCD;CDH13;OCEL1;NCAM1;ATP6AP1;FLII;MEF2D;PTP4A3;SCHIP1;ADCY9;TPD52L1;AEBP1;RYR1;PKIA;PC"
"full","HALLMARK_WNT_BETA_CATENIN_SIGNALING",-1.00443959133548,0.455414012738854,0.529551177603318,38,9,"FZD8;MYC;DVL2;DLL1;KAT2A;PTCH1;NOTCH1;PSEN2;NCOR2"
"full","HALLMARK_XENOBIOTIC_METABOLISM",0.984856899479485,0.496212121212121,0.56387741046832,149,39,"APOE;IGF1;KYNU;FMO3;FBP1;LEAP2;AQP9;NINJ1;NMT1;SLC35B1;PTGES;GSR;SLC46A3;SSR3;HPRT1;PAPSS2;BCAT1;TMEM176B;VNN1;NPC1;ARG2;CDA;ATOH8;ARPP19;PROS1;SMOX;SAR1B;PDLIM5;JUP;GSTO1;CA2;PYCR1;GART;PC;ATP2A2;PTS;GCH1;SERPINE1;CYFIP2"
"full","HALLMARK_PI3K_AKT_MTOR_SIGNALING",0.946540738117163,0.582312925170068,0.647014361300076,96,20,"IL2RG;SLA;CXCR4;TRIB3;NCK1;HSP90B1;LCK;MYD88;THEM4;STAT2;ARHGDIA;DAPP1;CALR;RPS6KA1;ACTR2;ARPC3;CAMK4;PDK1;PPP1CA;DUSP3"
"full","HALLMARK_APICAL_SURFACE",-0.917156401654208,0.601880877742947,0.654218345372768,35,9,"HSPB1;AFAP1L2;EPHB4;APP;AKAP7;SCUBE1;ATP8B1;RTN4RL1;LYN"
"full","HALLMARK_MYC_TARGETS_V1",0.886055449233198,0.737980769230769,0.785085924713584,195,55,"MRPL23;PSMA2;MCM4;EIF2S2;EIF3J;PSMA6;SRM;AP3S1;NME1;C1QBP;TYMS;SNRPA1;UBE2L3;PPM1G;DUT;HPRT1;ERH;PSMC4;GOT2;EIF3B;UBE2E1;PSMA1;TXNL4A;CLNS1A;CTPS1;SSBP1;SF3A1;PCNA;VDAC1;SNRPG;NAP1L1;YWHAE;PABPC4;MAD2L1;SNRPB2;TARDBP;PSMD7;NHP2;PSMD14;CCT5;SNRPD3;RPLP0;SNRPD1;PRDX3;PSMA7;RFC4;POLE3;PGK1;CBX3;TUFM;FAM120A;TFDP1;RANBP1;COX5A;CANX"
"full","HALLMARK_KRAS_SIGNALING_DN",0.798048300271052,0.856368563685637,0.892050587172538,95,17,"RSAD2;IFI44L;ENTPD7;RYR2;MX1;PTPRJ;EDN1;SIDT1;TAS2R4;SLC16A7;PNMT;PDCD1;TGM1;SGK1;SERPINB2;COQ8A;RYR1"
"full","HALLMARK_E2F_TARGETS",-0.805483678336866,0.959302325581395,0.964529331514325,198,45,"NOLC1;MYC;CDKN1B;EZH2;CKS2;USP1;TOP2A;TRA2B;AURKA;CTCF;XPO1;PSIP1;BIRC5;LBR;PTTG1;ING3;CDKN1A;HMGB2;PLK1;MCM6;RACGAP1;BRMS1L;HMMR;CDC20;NOP56;DIAPH3;HNRNPD;AURKB;KIF4A;RFC2;CCNB2;CENPE;NUP153;SMC4;STAG1;HMGB3;CCNE1;MCM5;PPM1D;UBE2S;ESPL1;MLH1;PDS5B;RNASEH2A;SMC1A"
"full","HALLMARK_PROTEIN_SECRETION",0.697835914452265,0.964529331514325,0.964529331514325,92,21,"ABCA1;AP2B1;ATP1A1;TMED10;RER1;AP3S1;KRT18;SEC31A;GOSR2;CLN5;YKT6;ATP6V1H;STX16;CD63;M6PR;SEC24D;DNM1L;SNAP23;RAB22A;GOLGA4;TMED2"
"omit_hoa1","HALLMARK_ALLOGRAFT_REJECTION",2.64789959876409,2.35778179024238e-23,1.17889089512119e-21,179,90,"MMP9;ITGB2;GZMB;IL10;CD3D;CD2;GZMA;CCL5;CD3E;CCL4;SPI1;PRF1;CD3G;CD8B;HLA-DOA;IGSF6;IL2RG;WAS;LCP2;ITK;ITGAL;NLRP3;NCF4;SRGN;CRTAM;KLRD1;CAPG;CD1D;HLA-DRA;TIMP1;IL6;EIF3J;PTPRC;EREG;HCLS1;CD74;IL2RB;HLA-DMA;SOCS1;INHBB;IRF7;CD247;CD8A;TLR1;GPR65;CD7;CD96;ELANE;CD47;LTB;NME1;LY75;NCK1;HLA-DMB;SIT1;IL4R;EIF5A;CXCR3;IL1B;CTSS;IL18;HLA-DQA1;CCND2;TLR2;ETS1;TAP1;CCR5;ZAP70;LCK;BCAT1;HIF1A;CCR1;PRKCB;CCR2;LIF;NCR1;HLA-DOB;RIPK2;PTPN6;IRF4;B2M;FLNA;LY86;TGFB1;TAPBP;CD28;IL18RAP;TLR6;RPS19;FYB1"
"omit_hoa1","HALLMARK_INTERFERON_GAMMA_RESPONSE",2.49811719909633,3.41866569721272e-20,8.54666424303179e-19,190,83,"CXCL10;ISG15;IL10RA;GZMA;CCL5;ISG20;LGALS3BP;MX1;FPR1;LY6E;HLA-DRB1;LCP2;PDE4B;IFI27;ZBP1;OAS3;TNFAIP6;C1R;PTGS2;IL6;USP18;SAMHD1;FCGR1A;RSAD2;CD69;CD74;PSMA2;IL2RB;HERC6;HLA-DMA;SOCS1;EPSTI1;RNF213;CMPK2;IRF7;MX2;HELZ2;OAS2;CSF2RB;IL18BP;IFIT1;CD38;IFI44L;SLAMF7;IFIT3;PSME2;IFITM3;IFI44;KLRK1;MTHFD2;IL4R;OASL;GCH1;FGL2;HLA-DQA1;SERPING1;IFI35;SELP;ADAR;EIF2AK2;TAP1;HIF1A;C1S;TNFAIP2;XAF1;PSMB2;IFIT2;BTG1;STAT2;RIPK2;HLA-B;IFIH1;PTPN6;UPP1;OGFR;MYD88;IRF4;B2M;TAPBP;LYSMD2;NMI;CASP3;CD274"
"omit_hoa1","HALLMARK_INFLAMMATORY_RESPONSE",2.36265818790207,4.7955762116304e-15,7.99262701938401e-14,178,77,"SELL;IL10;CYBB;CXCL10;CCL20;IL10RA;CSF3R;CCL5;FPR1;KLF6;LY6E;LCP2;PDE4B;GPR183;NLRP3;CD48;PTGER4;EMP3;RASGRP1;PLAUR;TNFAIP6;PTAFR;TIMP1;IL6;EREG;APLNR;CD69;RNF144B;IL2RB;AQP9;ADM;LAMP3;SELENOS;PROK2;IRF7;TNFRSF9;SLC31A2;KCNJ2;F3;PTPRE;TLR1;HAS2;MSR1;ABCA1;IFITM1;IL7R;MMP14;OLR1;GPR132;ITGA5;MARCO;IL4R;GCH1;IL1B;EDN1;CSF3;IL18;MXD1;TLR2;EIF2AK2;CCR7;LCK;HIF1A;SPHK1;ITGB8;RGS1;LIF;OSM;SERPINE1;IRAK2;RIPK2;PTGIR;SLC4A4;CX3CL1;TAPBP;NMI;IL18RAP"
"omit_hoa1","HALLMARK_COMPLEMENT",2.17440489907499,4.67919738034595e-11,5.72129226566161e-10,173,51,"FCER1G;S100A9;APOC1;PLEK;GZMB;C1QA;GZMA;CCL5;GNG2;DOCK10;WAS;MMP13;LCP2;S100A12;LTF;FCN1;C1QC;CTSB;KYNU;RASGRP1;PLAUR;EHD1;C1R;TIMP1;IL6;ITGAM;PHEX;ATOX1;PLA2G7;DUSP6;PCLO;IRF7;SPOCK2;COL4A2;F3;GZMK;ERAP2;CEBPB;CR1;MMP14;OLR1;APOBEC3G;SERPINA1;CTSS;SERPING1;ME1;FDX1;LCK;LGMN;CTSL;C1S"
"omit_hoa1","HALLMARK_INTERFERON_ALPHA_RESPONSE",2.35678565460841,5.72129226566161e-11,5.72129226566161e-10,94,42,"SELL;CXCL10;ISG15;ISG20;LGALS3BP;MX1;LY6E;IFI27;USP18;RSAD2;CD74;HERC6;LAMP3;EPSTI1;CMPK2;IRF7;TENT5A;HELZ2;OAS1;IFI44L;IFITM1;CD47;IFIT3;PSME2;IFITM3;IFI44;IL4R;OASL;IFI35;ADAR;EIF2AK2;TAP1;NCOA7;C1S;IFIT2;STAT2;RIPK2;IFIH1;SAMD9;OGFR;GMPR;B2M"
"omit_hoa1","HALLMARK_KRAS_SIGNALING_UP",2.04928001072145,5.31105427113594e-09,4.42587855927995e-08,169,54,"SPP1;MMP9;FCER1G;ITGB2;CXCL10;RETN;CCL20;IL10RA;SLPI;LCP1;IL2RG;ALDH1A3;GALNT3;F13A1;DOCK2;PLAUR;PRDM1;PLAU;CXCR4;PTGS2;IKZF1;EREG;DUSP6;PLEK2;GPNMB;CLEC4A;PDCD1LG2;SPON1;TSPAN13;ANGPTL4;EPHB2;IL7R;MMD;PRELID3B;ITGA2;TRAF1;IL1B;CTSS;IL1RL2;CCND2;MALL;PLVAP;ETS1;ETV5;EPB41L3;SPRY2;LIF;LAT2;CD37;TMEM176B;EMP1;KIF5C;MPZL2;TMEM158"
"omit_hoa1","HALLMARK_COAGULATION",2.09370055388788,9.59231698930882e-08,6.85165499236344e-07,98,34,"MMP9;CTSK;APOC1;PLEK;C1QA;CFD;CTSB;MMP2;DUSP14;PLAU;C1R;TIMP1;BMP1;DUSP6;F3;MMP3;ANXA1;MMP14;OLR1;VWF;SERPINA1;ITGA2;SERPING1;PRSS23;LGMN;SPARC;C1S;THBS1;SERPINE1;KLF7;FURIN;CFI;USP11;SERPINB2"
"omit_hoa1","HALLMARK_TNFA_SIGNALING_VIA_NFKB",1.84223359235869,1.23057089089019e-06,7.69106806806368e-06,194,63,"PLEK;ACKR3;CXCL10;CCL20;CCL5;CD44;CCL4;BCL2A1;KLF6;TNFAIP8;PDE4B;GPR183;KYNU;PTGER4;PLAUR;PLAU;TNFAIP6;EHD1;PTGS2;IL6;CD69;SDC4;AREG;TNIP1;PHLDA1;TNFRSF9;F3;LAMB3;PTPRE;SLC16A6;SAT1;CEBPB;ABCA1;IL7R;OLR1;NINJ1;FJX1;VEGFA;B4GALT1;RELB;GCH1;TRAF1;IL1B;EDN1;SMAD3;IL18;MXD1;TLR2;TAP1;SERPINB8;TNC;SPHK1;TNFAIP2;FOSL2;LIF;SERPINE1;RCAN1;JAG1;IFIT2;BTG1;RIPK2;IFIH1;IER3"
"omit_hoa1","HALLMARK_IL2_STAT5_SIGNALING",1.75250892677529,1.49610369326691e-05,8.31168718481615e-05,189,52,"SPP1;SELL;IL10;CXCL10;IL10RA;CD44;KLF6;ITIH5;IL3RA;CD48;TLR7;CAPG;CST7;GSTO1;IL2RB;SOCS1;GLIPR2;PHLDA1;TNFRSF9;SMPDL3A;GPR65;CDCP1;PLAGL1;LTB;IFITM3;MYO1E;IL4R;LCLAT1;IGF2R;TRAF1;FGL2;TGM2;ITGAV;MXD1;CCND2;HOPX;SELP;PRNP;UCK2;AGER;RORA;LIF;CTLA4;ODC1;NDRG1;CCR4;RHOH;EMP1;FURIN;DHRS3;IRF4;ST3GAL4"
"omit_hoa1","HALLMARK_EPITHELIAL_MESENCHYMAL_TRANSITION",1.73141064684927,6.83563269977697e-05,0.000341781634988849,187,58,"SPP1;CTHRC1;POSTN;CD44;TGFBI;MGP;BASP1;LUM;MMP2;EMP3;CAPG;PLAUR;MFAP5;ANPEP;TIMP1;BMP1;COL6A2;IL6;SDC4;COLGALT1;AREG;NOTCH2;COL4A2;GLIPR1;IL32;SDC1;COL1A1;FSTL1;FAP;MMP3;SAT1;MMP14;VEGFA;FBLN2;ITGA5;COL4A1;COL3A1;PDLIM4;ITGA2;TGM2;ITGAV;DPYSL3;ITGB1;TNC;TNFRSF12A;SPARC;SLIT2;FBLN5;THBS1;LOXL2;SERPINE1;TPM1;PPIB;COL12A1;FLNA;PLOD1;TGFB1;COL5A1"
"omit_hoa1","HALLMARK_ANGIOGENESIS",1.9745078903148,0.000242108620589375,0.0011004937299517,28,12,"SPP1;S100A4;POSTN;LUM;TIMP1;SLCO2A1;FSTL1;OLR1;VEGFA;COL3A1;ITGAV;CCND2"
"omit_hoa1","HALLMARK_G2M_CHECKPOINT",-1.54574111656288,0.000397883600094309,0.00165784833372629,193,74,"NOLC1;MYC;CDKN1B;TOP2A;AURKA;BIRC5;EZH2;CCNT1;HNRNPU;ORC5;TPX2;PTTG1;KNL1;RACGAP1;CCNF;PURA;CDC20;CASP8AP2;CKS2;LBR;CTCF;HMMR;MEIS2;CENPE;E2F2;CENPF;BCL3;XPO1;KMT5A;TRA2B;RASAL2;CDK1;KIF4A;STIL;CDC27;CCND1;CCNB2;NUP98;AURKB;SMC4;MT2A;FBXO5;UBE2C;MCM6;HNRNPD;SMC1A;BUB1;RBL1;CUL1;PRIM2;NEK2;BUB3;CUL3;BRCA2;EWSR1;CDC7;MKI67;KATNA1;MARCKS;SFPQ;CDC25A;SLC12A2;UBE2S;STAG1;TACC3;ARID4A;CBX1;AMD1;MAP3K20;RPA2;KIF22;NASP;TROAP;ILF3"
"omit_hoa1","HALLMARK_OXIDATIVE_PHOSPHORYLATION",1.56363114442814,0.000704402037733641,0.00270923860666785,200,85,"ATP5ME;ATP5F1E;BAX;COX17;UQCR11;NDUFB1;COX7C;ATP6V0E1;NDUFB8;VDAC1;COX7A2;NDUFA7;NDUFA1;ATP6V1D;NDUFV2;ATP5MF;NDUFA3;NDUFB2;COX10;NDUFB3;ATP6V1F;NDUFC2;FDX1;NDUFS6;TIMM17A;ATP5MG;PRDX3;TIMM8B;NDUFA5;COX6C;NDUFB4;MRPL15;ISCA1;ATP6V0B;ATP6AP1;GOT2;TIMM10;MRPL34;ATP6V1G1;UQCRFS1;ATP6V1H;UQCR10;MAOB;UQCRQ;COX7B;PDP1;COX6B1;ATP5PF;UQCRB;NDUFC1;MRPS12;SUCLA2;COX5A;ATP5PD;UQCRC1;COX7A2L;GPI;DECR1;ATP5MC1;ETFA;ATP5F1C;POLR2F;NDUFA4;ATP5MC3;CS;TCIRG1;TIMM13;COX11;NDUFS8;DLST;NDUFA2;GRPEL1;IDH3A;NDUFB7;NDUFS3;LDHB;NDUFA6;OPA1;MDH2;CASP7;ATP5F1D;IDH3G;ACAA2;ATP6V1E1;SLC25A6"
"omit_hoa1","HALLMARK_IL6_JAK_STAT3_SIGNALING",1.69338305806992,0.00126512015776568,0.00451828627773458,75,28,"CXCL10;CSF3R;CD44;ITGA4;IL2RG;IL3RA;IL6;SOCS1;CSF2RB;CD38;LTB;IL4R;IL1B;TLR2;TNFRSF12A;CCR1;STAT2;MYD88;TGFB1;BAK1;IL12RB1;TNFRSF21;IRF9;IFNGR2;ACVRL1;IL18R1;PTPN1;PIK3R5"
"omit_hoa1","HALLMARK_TGF_BETA_SIGNALING",-1.64261203495501,0.00734114919230186,0.0244704973076729,52,18,"ID2;ID1;SKIL;ID3;SMAD7;KLF10;CDKN1C;JUNB;ACVR1;SMAD6;SLC20A1;BMPR2;ENG;CDK9;BMP2;TJP1;BMPR1A;FNTA"
"omit_hoa1","HALLMARK_APICAL_JUNCTION",1.42667996569036,0.00883850048264911,0.0276203140082785,161,47,"MMP9;CADM3;TGFBI;RAC2;MMP2;ADAM23;BMP1;PTPRC;CLDN11;CD209;CD99;CLDN15;CD276;LAMB3;EVL;VWF;B4GALT1;YWHAH;ITGA2;TRAF1;MADCAM1;RSU1;ITGB1;PCDH1;MAPK13;SPEG;RHOF;JAM3;MPZL1;ACTN4;MSN;SLIT2;ITGA3;SYK;MPZL2;CX3CL1;PARD6G;ADAM15;CD274;TUBG1;FYB1;VASP;ACTB;JUP;MDK;NECTIN2;CAP1"
"omit_hoa1","HALLMARK_MTORC1_SIGNALING",1.40441058896646,0.0106646826729831,0.0313667137440678,195,81,"ITGB2;SLA;IGFBP5;CORO1A;SLC7A5;CXCR4;MCM4;TRIB3;TFRC;SDF2L1;EIF2S2;PPA1;ARPC5L;EDEM1;ASNS;DHFR;FDXR;MTHFD2;ATP6V1D;NMT1;PDAP1;FGL2;PSMB5;ME1;HSP90B1;FKBP2;ENO1;LGMN;BCAT1;RPN1;TES;GBE1;DAPP1;CALR;ACTR2;GSR;EBP;MTHFD2L;HPRT1;HSPA4;ALDOA;GAPDH;SLC6A6;SCD;PSMD14;SYTL2;YKT6;TUBG1;VLDLR;POLR3G;GLRX;PGK1;GGA2;PSMD13;ACSL3;SLC1A4;HSPA5;PSME3;GPI;TUBA4A;RRM2;PSMC4;ERO1A;ATP5MC1;PSMG1;PLOD2;SERPINH1;SORD;PNP;SQSTM1;PSMA4;ATP2A2;PRDX1;EEF1E1;PSMA3;ACLY;ELOVL5;SLC7A11;PSPH;AK4;NFKBIB"
"omit_hoa1","HALLMARK_HYPOXIA",1.39530243910705,0.0122047206168937,0.0339020017135936,174,57,"S100A4;ACKR3;ISG20;TGFBI;KLF6;PLAC8;FBP1;PLAUR;PHKG1;CXCR4;IL6;PGF;STC2;SDC4;ADM;SDC2;ANGPTL4;F3;CAVIN3;VEGFA;SCARB1;KDELR3;TGM2;CA12;LXN;ETS1;ENO1;TES;FAM162A;GBE1;FOSL2;RORA;SERPINE1;KLF7;NDRG1;BTG1;IER3;HK1;ALDOA;COL5A1;GAPDH;MIF;SLC6A6;HAS1;VLDLR;BCL2;GLRX;PGK1;RRAGD;HSPA5;GPI;SIAH2;ERO1A;DCN;NAGK;AMPD3;NDST1"
"omit_hoa1","HALLMARK_SPERMATOGENESIS",-1.47113902763447,0.0199011182031727,0.0523713636925598,77,28,"LDHC;SIRT1;ELOVL3;AURKA;EZH2;SPATA6;ZC2HC1C;HSPA1L;AGFG1;HSPA2;CSNK2A2;BRAF;SHE;STAM2;ADCYAP1;CDK1;ACRBP;CCNB2;BUB1;ZC3H14;MLF1;NEK2;TSN;CCT6B;PHKG2;ARL4A;NCAPH;SLC12A2"
"omit_hoa1","HALLMARK_MITOTIC_SPINDLE",-1.27549620431946,0.0245610329772163,0.0614025824430407,195,66,"MYH10;TIAM1;TOP2A;AURKA;BIRC5;DST;FGD6;TSC1;UXT;TPX2;ECT2;RACGAP1;LATS1;PCNT;KPTN;LLGL1;PCGF5;HOOK3;CENPE;CENPF;TRIO;EPB41L2;CDC42BPA;RASAL2;HDAC6;ITSN1;BCAR1;KIF3B;CDK1;CEP57;KIF4A;CDC27;NET1;ALS2;SOS1;FSCN1;CCNB2;MAP3K11;SMC4;FBXO5;TUBD1;TUBGCP3;CCDC88A;RAPGEF5;SMC1A;BUB1;LRPPRC;DLGAP5;NEK2;CNTROB;ALMS1;CLIP1;RHOT2;PCM1;BCL2L11;CSNK1D;BRCA2;ARFGEF1;APC;KATNA1;MARCKS;SPTAN1;ANLN;CLIP2;DLG1;MID1"
"omit_hoa1","HALLMARK_UV_RESPONSE_DN",-1.33694867763605,0.0260541862112357,0.0620337766934183,137,30,"ID1;MYC;PRKAR2B;CDKN1B;TGFBR3;SMAD7;NR1D2;GCNT1;LDLR;TFPI;PHF3;PPARG;MAGI2;TGFBR2;ICA1;NRP1;SYNE1;SIPA1L1;CDK13;KALRN;ZMIZ1;CDC42BPA;DBP;KIT;DUSP1;PLCB4;AGGF1;RXRA;AKT3;TOGARAM1"
"omit_hoa1","HALLMARK_APOPTOSIS",1.3408342986213,0.0364077669902913,0.0701357466063348,152,45,"CD2;CD44;ISG20;PRF1;LMNA;LUM;MMP2;PLCB2;TIMP1;IL6;EREG;CD69;BAX;KRT18;CD38;FDXR;ANXA1;SAT1;NEDD9;IFITM3;IGF2R;GCH1;IL1B;IL18;CCND2;TAP1;PMAIP1;TNFRSF12A;IGFBP6;GSR;PPP2R5B;EBP;EMP1;IER3;TSPO;PDCD4;CASP3;DAP;GNA15;RHOB;CASP8;DNM1L;DNAJC3;CTNNB1;DCN"
"omit_hoa1","HALLMARK_BILE_ACID_METABOLISM",-1.36135261143833,0.0328809019499272,0.0701357466063348,86,25,"CYP7B1;AR;CAT;IDI1;BMP6;HACL1;LIPE;MLYCD;EPHX2;ISOC1;SLC35B2;RXRA;PHYH;NEDD4;PEX11A;IDH1;ABCA5;ABCA6;AMACR;PXMP2;ALDH9A1;PEX1;NR3C2;GCLM;GSTK1"
"omit_hoa1","HALLMARK_DNA_REPAIR",1.3416211742643,0.0353227771010962,0.0701357466063348,148,65,"PDE4B;ADA;ZWINT;HCLS1;CMPK2;COX17;SEC61A1;TYMS;TAF9;LIG1;NME1;TAF13;MPC2;GTF2A2;NT5C;DUT;PDE6G;DDB2;ITPA;DAD1;HPRT1;POLR2D;DGCR8;USP11;CSTF3;APRT;CETN2;PCNA;POLR2K;CANT1;TMED2;POLD1;POLR2J;TAF10;SNAPC5;RBX1;GUK1;POLD4;VPS37B;POLR2F;RPA3;BCAM;POLR1C;ELOA;PNP;RALA;ADRM1;AK3;MRPL40;TP53;SUPT5H;SSRP1;GTF2H5;DDB1;BOLA2;DGUOK;CDA;POLR2H;ELL;NT5C3A;ERCC8;TAF12;NELFE;DCTN4;RFC4"
"omit_hoa1","HALLMARK_FATTY_ACID_METABOLISM",-1.28450497169739,0.0323956797378659,0.0701357466063348,136,19,"XIST;HMGCS1;HSP90AA1;IDI1;ACADS;HSPH1;ACSM3;BPHL;LTC4S;MLYCD;EHHADH;MAOA;PPARA;INMT;KMT5A;HADH;HSD17B7;EPHX1;SDHD"
"omit_hoa1","HALLMARK_P53_PATHWAY",1.32938371786086,0.0364705882352941,0.0701357466063348,186,59,"S100A4;PERP;ADA;ZMAT3;RPS27L;TRIB3;RRAD;AEN;BAX;SOCS1;INHBB;SDC1;TAX1BP3;PTPRE;SEC61A1;FDXR;SAT1;NINJ1;DEF6;PITPNC1;MXD1;CCND2;FGF13;VDR;TAP1;SPHK1;RPL36;DDB2;FAM162A;LIF;EPS8L2;NDRG1;BTG1;UPP1;IER3;CYFIP2;JAG2;TGFB1;BAK1;DGKA;PLK3;PCNA;TRAF4;GM2A;COQ8A;DCXR;WRAP73;TM4SF1;NUDT15;ZNF365;RNF19B;S100A10;FBXW7;CDKN2A;CDH13;ST14;RHBDF2;TRIAP1;CCND3"
"omit_hoa1","HALLMARK_REACTIVE_OXYGEN_SPECIES_PATHWAY",1.41773186510179,0.0497237569060773,0.0920810313075506,49,14,"PDLIM1;HMOX2;ATOX1;LSP1;SELENOS;IPCEF1;PTPA;MPO;MGST1;LAMTOR5;PRNP;NQO1;NDUFB4;GSR"
"omit_hoa1","HALLMARK_NOTCH_SIGNALING",-1.33970781235367,0.0802469135802469,0.143298059964727,31,15,"FZD5;HES1;DLL1;LFNG;FZD7;KAT2A;CCND1;NOTCH1;CUL1;DTX2;DTX4;PRKCA;NOTCH3;PSEN2;DTX1"
"omit_hoa1","HALLMARK_CHOLESTEROL_HOMEOSTASIS",-1.25459385645585,0.109487960995627,0.188772346544185,69,12,"LPL;HMGCS1;IDI1;SEMA3B;NFIL3;LDLR;PNRC1;PPARG;CYP51A1;CHKA;PMVK;ATXN2"
"omit_hoa1","HALLMARK_APICAL_SURFACE",1.19597775158195,0.188760806916427,0.314601344860711,35,7,"IL2RG;PLAUR;MAL;IL2RB;MDGA1;B4GALT1;SULF2"
"omit_hoa1","HALLMARK_UNFOLDED_PROTEIN_RESPONSE",1.16692934162471,0.203434610303831,0.317866578599736,108,45,"SLC7A5;STC2;EDEM1;LSM1;IFIT1;EIF4EBP1;ASNS;HYOU1;CEBPB;SRPRB;PDIA5;VEGFA;MTHFD2;KDELR3;SPCS3;HSP90B1;ERN1;NHP2;SPCS1;GOSR2;CALR;DKC1;CEBPG;ATF4;KHSRP;ATP6V0D1;SLC1A4;HSPA5;ZBTB17;DNAJC3;EIF2AK3;ERO1A;SEC31A;ALDH18A1;DCTN1;EXOSC1;LSM4;YIF1A;CKS1B;XBP1;EIF4G1;TATDN2;EIF4E;HERPUD1;XPOT"
"omit_hoa1","HALLMARK_XENOBIOTIC_METABOLISM",1.1613223887648,0.199513381995134,0.317866578599736,149,34,"APOE;PTGDS;FBP1;KYNU;IGF1;FMO3;GSTO1;AQP9;LEAP2;VNN1;SSR3;PTGES;NPC1;NINJ1;NMT1;GCH1;SLC35B1;ATOH8;BCAT1;NQO1;SLC46A3;ARPP19;CYP2S1;SERPINE1;GSR;ABCD2;TMEM176B;UPP1;HPRT1;SMOX;CYFIP2;ARG2;SLC6A6;PAPSS2"
"omit_hoa1","HALLMARK_PEROXISOME",-1.11043024955371,0.222672064777328,0.337381916329285,88,16,"CAT;IDI1;TOP2A;CADM1;MLYCD;EHHADH;SLC25A4;EPHX2;CRABP2;ISOC1;PEX5;SLC35B2;CNBP;PEX11A;IDH1;ABCB4"
"omit_hoa1","HALLMARK_ESTROGEN_RESPONSE_LATE",1.13045090820445,0.237575757575758,0.348860062893082,154,30,"S100A9;CD44;ISG20;CKB;PERP;LTF;CLIC3;SLC7A5;DNAJC12;RAB31;GAL;AREG;PDLIM3;TSPAN13;SNX10;PTGES;ALDH3B1;SCARB1;SERPINA1;CA12;FKBP5;PRSS23;MAPK13;RAPGEFL1;CXCL14;COX6C;HR;MYOF;PTPN6;HPRT1"
"omit_hoa1","HALLMARK_GLYCOLYSIS",1.10915425638809,0.251179245283019,0.348860062893082,174,43,"CD44;ISG20;TGFBI;CXCR4;STC2;AGRN;SDC2;ANGPTL4;SDC1;VEGFA;B4GALT1;KDELR3;SLC16A3;PYGB;B3GAT1;ME1;B4GALT2;B4GALT7;PGAM1;ENO1;ARPP19;PKM;FAM162A;CHPF2;GOT2;IER3;ALDOA;PLOD1;COL5A1;MIF;NSDHL;VLDLR;GLRX;PGK1;B4GALT4;PRPS1;RRAGD;HSPA5;PSMC4;PC;ERO1A;DCN;GMPPA"
"omit_hoa1","HALLMARK_MYC_TARGETS_V1",1.10917817047927,0.245348837209302,0.348860062893082,195,68,"MRPL23;MCM4;EIF3J;EIF2S2;PSMA2;PSMA6;TYMS;VDAC1;NME1;SRM;UBE2E1;SNRPG;CBX3;DUT;NHP2;AP3S1;PRDX3;C1QBP;SNRPD3;ODC1;PSMB2;SNRPA1;RANBP1;GOT2;HPRT1;ERH;UBE2L3;TFDP1;SNRPD1;SNRPB2;PPM1G;LSM7;PSMD14;PCNA;TXNL4A;DDX21;PGK1;COX5A;PSMA7;YWHAE;TARDBP;SET;CTPS1;PSMC4;PSMD7;RNPS1;POLE3;PCBP1;NAP1L1;PSMA1;CCT5;PSMD3;HDDC2;CCT2;PSMA4;PABPC4;DHX15;PRPS2;CLNS1A;APEX1;RPL34;RAN;XRCC6;MAD2L1;EIF4E;XPOT;EIF3B;SSBP1"
"omit_hoa1","HALLMARK_ESTROGEN_RESPONSE_EARLY",1.09624331383897,0.287092882991556,0.387963355393995,164,50,"CD44;CLIC3;BCL11B;RASGRP1;SLC7A5;RAB31;STC2;KRT18;AREG;INHBB;PDLIM3;FASN;PTGES;ALDH3B1;CBFA2T3;B4GALT1;MYBL1;SCARB1;TGM2;CA12;FKBP5;MAST4;PMAIP1;PRSS23;AQP3;PODXL;SYBU;KRT8;RAPGEFL1;HR;MYOF;RRP12;DEPTOR;DHRS3;ADCY9;NADSYN1;KCNK5;ASB13;PAPSS2;BCL2;CANT1;MREG;MUC1;SLC39A6;SLC1A4;SIAH2;PPIF;SEC14L2;SLC37A1;TSKU"
"omit_hoa1","HALLMARK_WNT_BETA_CATENIN_SIGNALING",-1.0606300013966,0.345276872964169,0.454311674952854,38,6,"MYC;FZD8;DVL2;DLL1;PTCH1;KAT2A"
"omit_hoa1","HALLMARK_MYOGENESIS",1.06061472117387,0.364182692307692,0.466900887573965,158,32,"MYOM2;CKB;CFD;IGF1;COL15A1;COL6A2;STC2;APLNR;LSP1;AGRN;COL4A2;COL1A1;BDKRB2;COL3A1;TNNI2;RYR1;ITGB1;PRNP;SPEG;AEBP1;NQO1;SPHK1;SPARC;PDLIM7;NCAM1;ATP6AP1;TNNT1;OCEL1;ADCY9;TGFB1;SCD;IGFBP7"
"omit_hoa1","HALLMARK_ANDROGEN_RESPONSE",1.04177692394196,0.4,0.5,92,24,"TNFAIP8;ALDH1A3;HPGD;SAT1;B4GALT1;ITGAV;SPCS3;FKBP5;CENPN;KRT8;IQGAP2;DBI;RRP12;GSR;NDRG1;SRP19;SEC24D;B2M;TMEM50A;SCD;ELL2;CAMKK2;ACSL3;UBE2I"
"omit_hoa1","HALLMARK_PI3K_AKT_MTOR_SIGNALING",0.977880973901642,0.518666666666667,0.632520325203252,96,17,"IL2RG;SLA;CXCR4;TRIB3;ARPC3;NCK1;HSP90B1;LCK;ARHGDIA;PRKCB;DAPP1;CALR;ACTR2;STAT2;THEM4;RPS6KA1;MYD88"
"omit_hoa1","HALLMARK_E2F_TARGETS",-0.966735886448376,0.579710144927536,0.690131124913734,198,39,"NOLC1;MYC;CDKN1B;TOP2A;AURKA;BIRC5;EZH2;PTTG1;RACGAP1;NUP107;USP1;RFC2;CDC20;DIAPH3;CKS2;LBR;CTCF;HMMR;CENPE;PSIP1;XPO1;MCM7;TRA2B;CDK1;RNASEH2A;KIF4A;BRMS1L;SMC6;RBBP7;CCNE1;ING3;CCNB2;AURKB;SMC4;MCM6;DONSON;HNRNPD;SMC1A;TIMELESS"
"omit_hoa1","HALLMARK_PANCREAS_BETA_CELLS",0.88373921260612,0.620521172638437,0.721536247253996,14,4,"SRP14;SRPRB;VDR;SPCS1"
"omit_hoa1","HALLMARK_KRAS_SIGNALING_DN",0.854657765814117,0.74108322324967,0.836111111111111,95,13,"MX1;PTPRJ;RSAD2;RYR2;ENTPD7;IFI44L;SIDT1;PDCD1;TGM1;PNMT;EDN1;RYR1;TAS2R4"
"omit_hoa1","HALLMARK_UV_RESPONSE_UP",0.868491202808432,0.7525,0.836111111111111,142,43,"MRPL23;EPCAM;RASGRP1;IL6;TFRC;RRAD;GAL;PDLIM3;ASNS;MMP14;GCH1;PDAP1;ATP6V1F;TAP1;AQP3;HYAL2;RPN1;SIGMAR1;BTG1;FURIN;ALDOA;BAK1;YKT6;CASP3;CEBPG;DDX21;GRINA;RHOB;TUBA4A;PPIF;DGAT1;CA2;CCND3;POLE3;SHOX2;SQSTM1;WIZ;BID;CDKN2B;PARP2;CLTB;BSG;DLG4"
"omit_hoa1","HALLMARK_HEME_METABOLISM",0.847464103080284,0.814639905548996,0.885478158205431,177,44,"ACP5;CTSB;SNCA;UCP2;TFRC;MOCOS;BLVRA;PSMD9;DAAM1;ASNS;AGPAT4;NUDT4;HTATIP2;TMEM9B;AQP3;ISCA1;SEC14L1;GLRX5;PPP2R5B;RNF123;HBB;SMOX;OPTN;SLC25A37;GYPE;ADD2;ELL2;NFE2;ATG4A;ADIPOR1;GDE1;BPGM;PC;GYPC;MOSPD1;P4HA2;CA2;CCND3;KDM7A;SLC11A2;BCAM;ACSL6;YPEL5;NFE2L1"
"omit_hoa1","HALLMARK_PROTEIN_SECRETION",0.789467955732482,0.84635761589404,0.900380442440468,92,19,"KRT18;AP2B1;ATP1A1;ABCA1;TMED10;IGF2R;RER1;AP3S1;GOSR2;CD63;RAB9A;CLN5;STX16;SEC24D;ATP6V1H;STX12;YKT6;TMED2;DNM1L"
"omit_hoa1","HALLMARK_ADIPOGENESIS",0.795197277042382,0.911764705882353,0.932002757049957,190,61,"APOE;RETN;ITIH5;ATP1B3;COL15A1;UCP2;RAB34;UQCR11;ANGPTL4;ABCA1;COL4A1;SCARB1;NMT1;ME1;PPM1B;PRDX3;NDUFA5;GPAT4;GBE1;MRPL15;REEP5;SQOR;UQCR10;ALDOA;UQCRQ;COX7B;PDCD4;GPHN;MCCC1;MYLK;PHLDB1;AK2;UQCRC1;CHCHD10;DECR1;YWHAG;UBQLN1;DGAT1;DNAJC15;TANK;CS;ESRRA;DRAM2;TALDO1;IFNGR1;MGLL;ACLY;GRPEL1;LAMA4;IDH3A;NDUFB7;MTCH2;PIM3;NDUFS3;MDH2;STAT5A;ATL2;IDH3G;ELOVL6;ACAA2;ARAF"
"omit_hoa1","HALLMARK_HEDGEHOG_SIGNALING",0.689550105401926,0.913362701908957,0.932002757049957,29,6,"NRCAM;VEGFA;L1CAM;HEY1;RTN1;VLDLR"
"omit_hoa1","HALLMARK_MYC_TARGETS_V2",0.607180025032079,0.987738419618529,0.987738419618529,57,17,"MCM4;SRM;CBX3;IMP4;RRP12;IPO4;WDR43;NDUFAF4;MAP3K6;RABEPK;FARSA;PLK4;BYSL;SORD;MYBBP1A;GRWD1;NOC4L"
"omit_hoa2","HALLMARK_ALLOGRAFT_REJECTION",2.31918720742401,3.16865000754096e-15,1.58432500377048e-13,178,59,"MMP9;ITGB2;GZMA;GZMB;PRF1;CD8B;CD3D;CD2;CCL4;CD3E;CD3G;IL10;IL2RG;LTB;INHBB;CRTAM;CCL5;CD247;WAS;LCP2;ITGAL;NCF4;HLA-DOA;GPR65;PTPRC;HCLS1;CD8A;LCK;CD1D;TGFB1;IGSF6;KLRD1;HLA-DMB;IFNG;TLR6;SPI1;ZAP70;CD7;ITK;NLRP3;IL2RB;TIMP1;IL1B;SIT1;TLR1;IL18;CSK;LY75;NCK1;NME1;PTPN6;CD74;CTSS;EIF3J;HLA-DRA;BCAT1;CD96;CXCR3;BRCA1"
"omit_hoa2","HALLMARK_INTERFERON_GAMMA_RESPONSE",1.85585048367367,1.36524663980366e-06,3.41311659950915e-05,190,77,"HLA-DRB1;GZMA;CD69;CXCL10;IL10RA;CCL5;ISG15;LGALS3BP;PSMA2;LCP2;SAMHD1;OAS3;LY6E;RSAD2;RNF213;PDE4B;IFIT1;C1R;IL2RB;IFI27;MX2;HERC6;CMPK2;CSF2RB;FPR1;SERPING1;OAS2;IFI44L;USP18;OASL;CFH;PTGS2;ZBP1;C1S;PTPN6;EPSTI1;CD74;TNFAIP6;IFIT3;SELP;CASP7;TNFAIP2;IL18BP;IFIT2;MX1;XAF1;LYSMD2;MYD88;STAT4;SOCS1;SAMD9L;CD274;MVP;TRIM14;CASP3;PML;FCGR1A;STAT2;HLA-DQA1;IFI44;TAPBP;PARP12;KLRK1;NOD1;TRAFD1;CIITA;TOR1B;SP110;HLA-DMA;PSMA3;NMI;IFITM3;IL4R;PFKP;EIF4E3;PTPN2;NLRC5"
"omit_hoa2","HALLMARK_TNFA_SIGNALING_VIA_NFKB",-1.78398815114141,8.06159986871622e-06,0.000134359997811937,193,57,"TNFSF9;NFIL3;BCL6;GADD45B;SLC2A3;CD83;JUN;KLF10;ZFP36;CCND1;MYC;JUNB;LDLR;PLK2;CCRL2;ETS2;CEBPD;TNFAIP3;RHOB;PNRC1;BMP2;SQSTM1;ID2;TIPARP;CCNL1;LITAF;DNAJB4;KLF4;PLPP3;TRIP10;CDKN1A;IER5;NFAT5;CXCL2;SOCS3;F2RL1;IL6ST;DUSP5;ATF3;SNN;PFKFB3;REL;BTG2;EFNA1;PPP1R15A;CFLAR;BHLHE40;CXCL3;HES1;IER2;GADD45A;IFNGR2;NFE2L2;RIPK2;INHBA;EGR3;IRF1"
"omit_hoa2","HALLMARK_COAGULATION",1.89315865676303,1.17384772999641e-05,0.000146730966249551,97,31,"MMP9;CTSK;APOC1;C1QA;BMP1;DUSP14;PLAU;CFI;C1R;CTSB;DUSP6;CFD;SPARC;MMP15;SERPING1;MMP14;F3;MMP2;TIMP1;THBS1;KLF7;CFH;FYN;PDGFB;ITGA2;SERPINA1;LGMN;C1S;WDR1;VWF;PRSS23"
"omit_hoa2","HALLMARK_COMPLEMENT",1.75839198613136,1.57636381256477e-05,0.000157636381256477,172,55,"GZMA;GZMB;APOC1;FCER1G;GZMK;GNG2;C1QA;CDH13;CCL5;WAS;LCP2;LTF;FCN1;LCK;S100A12;DOCK10;C1QC;SPOCK2;C1R;CTSB;DUSP6;APOBEC3G;MMP15;ATOX1;SERPING1;MMP14;F3;TIMP1;CFH;PIK3CA;MMP13;FYN;ME1;PDGFB;PDP1;FDX1;RASGRP1;S100A9;SERPINA1;LGMN;C1S;DOCK9;PIK3CG;CTSS;ITGAM;CASP7;SIRT6;COL4A2;CSRP1;KYNU;CASP9;PHEX;GNGT2;XPNPEP1;APOBEC3F"
"omit_hoa2","HALLMARK_FATTY_ACID_METABOLISM",-1.72509109781425,0.000190369720105764,0.0015864143342147,136,21,"XIST;HSP90AA1;HSPH1;HMGCS1;ACSM3;MGLL;CD36;ACADS;GABARAPL1;AQP7;INMT;UGDH;CA4;EHHADH;KMT5A;IDI1;ALDH9A1;ODC1;SERINC1;EPHX1;MAOA"
"omit_hoa2","HALLMARK_KRAS_SIGNALING_UP",1.62777960372628,0.000268554561793703,0.00191824686995502,169,41,"SPP1;MMP9;ITGB2;CCL20;FCER1G;CXCL10;SLPI;IL10RA;IL2RG;CXCR4;MPZL2;JUP;F13A1;ANGPTL4;IKZF1;RETN;PLAU;GALNT3;PDCD1LG2;ALDH1A3;DUSP6;MMD;DOCK2;IL1B;GPNMB;CFH;PTGS2;GLRX;PRELID3B;GUCY1A1;ETV5;ITGA2;TMEM176B;ETV1;LCP1;SPON1;CLEC4A;IL7R;CTSS;EPB41L3;MALL"
"omit_hoa2","HALLMARK_TGF_BETA_SIGNALING",-1.99739619831765,0.000353146680579028,0.00220716675361893,52,27,"SMAD7;KLF10;ID3;SKIL;JUNB;ID1;BMP2;ID2;ARID4B;CDKN1C;HIPK2;NCOR2;PPP1R15A;BMPR2;SMAD6;ACVR1;IFNGR2;FNTA;ENG;TRIM33;UBE2D3;SPTBN1;PMEPA1;SLC20A1;CDK9;SKI;TJP1"
"omit_hoa2","HALLMARK_INFLAMMATORY_RESPONSE",1.58330668325204,0.000457299745489863,0.00249832950992385,178,39,"APLNR;SELL;CCL20;CYBB;CD69;CXCL10;IL10;CSF3R;IL10RA;CCL5;LCP2;LY6E;RNF144B;LCK;CD48;PDE4B;NLRP3;IL2RB;ITGA5;ABCA1;KCNJ2;OSM;FPR1;MMP14;F3;TIMP1;IL1B;CSF3;TLR1;IL18;RASGRP1;HAS2;IL7R;PTAFR;TNFAIP6;GPR183;MSR1;SLC31A2;LAMP3"
"omit_hoa2","HALLMARK_UV_RESPONSE_DN",-1.62084083783163,0.000499665901984771,0.00249832950992385,137,49,"SMAD7;RND3;CDKN1B;MYC;PRKAR2B;LDLR;MGLL;ID1;GJA1;PPARG;MT1E;TGFBR3;PLPP3;GCNT1;NR1D2;ATXN1;TGFBR2;SYNE1;INSIG1;NRP1;NR3C1;TFPI;BHLHE40;SNAI2;PRDM2;CDC42BPA;NIPBL;AGGF1;MAGI2;DYRK1A;MRPS31;ATP2C1;PLCB4;SFMBT1;PHF3;YTHDC1;LPAR1;DUSP1;ICA1;ARHGEF9;AKT3;NFKB1;TJP1;CAV1;MAPK14;DBP;NEK7;RUNX1;PMP22"
"omit_hoa2","HALLMARK_INTERFERON_ALPHA_RESPONSE",1.71010254413481,0.000692463856157355,0.00314756298253343,94,40,"SELL;CXCL10;ISG15;LGALS3BP;LY6E;RSAD2;NCOA7;OAS1;IFI27;HERC6;CMPK2;IFI44L;TRIM5;USP18;SAMD9;OASL;GMPR;C1S;EPSTI1;CD74;IFIT3;LAMP3;IFIT2;MX1;SAMD9L;IFITM1;TRIM14;STAT2;IFI44;PARP12;PROCR;TRAFD1;SP110;PSMA3;NMI;IFITM3;IL4R;TENT5A;HELZ2;CD47"
"omit_hoa2","HALLMARK_G2M_CHECKPOINT",-1.571804454713,0.000818510014435641,0.00341045839348184,192,50,"MT2A;MEIS2;NOLC1;CCND1;CDKN1B;MYC;EZH2;CKS2;FBXO5;NUP98;TRA2B;HNRNPU;ESPL1;CDC27;SFPQ;XPO1;CCNT1;KMT5A;TLE3;TOP1;ODC1;SQLE;EWSR1;PURA;CTCF;STAG1;HSPA8;CUL3;RAD23B;AMD1;CCNF;GSPT1;MCM6;ORC5;LBR;NASP;PDS5B;BUB3;MCM5;YTHDC1;HNRNPD;RASAL2;SMC4;NUMA1;MTF2;E2F4;CUL1;HMGB3;BCL3;E2F2"
"omit_hoa2","HALLMARK_EPITHELIAL_MESENCHYMAL_TRANSITION",1.52663846104846,0.00102949828516721,0.00395960878910466,187,42,"SPP1;COL1A1;AREG;CTHRC1;COL1A2;TGFBI;POSTN;COL6A2;LUM;CD44;MGP;DCN;BMP1;ANPEP;TGFB1;FSTL1;GLIPR1;ITGA5;SPARC;COL4A1;MMP14;LAMC1;MMP2;TIMP1;PLOD1;THBS1;SLIT2;FAP;ITGA2;FBLN5;COL3A1;FBLN2;ITGB1;EFEMP2;TNC;COL5A1;BGN;MFAP5;SFRP1;APLP1;COL4A2;PDLIM4"
"omit_hoa2","HALLMARK_HYPOXIA",-1.49391979573318,0.00383038181412241,0.0136799350504372,174,30,"AKAP12;MT2A;NFIL3;SLC2A3;JUN;HOXB9;NOCT;ZFP36;CDKN1B;DDIT3;KLHL24;TNFAIP3;PNRC1;TIPARP;MAP3K1;MT1E;CDKN1A;SELENBP1;TGFB3;PCK1;PLIN2;CDKN1C;WSB1;CSRP2;ATF3;PFKFB3;NR3C1;EFNA1;PPP1R15A;BHLHE40"
"omit_hoa2","HALLMARK_DNA_REPAIR",1.49905269725385,0.00518074267563263,0.0172691422521088,148,58,"COX17;DDB2;TYMS;HCLS1;ZWINT;ADA;PDE4B;CMPK2;TAF13;MPC2;POLR2F;APRT;RFC4;ITPA;DGCR8;NME1;RPA3;BRF2;DUT;BCAP31;TAF6;MRPL40;AK1;USP11;SEC61A1;AK3;POLR2D;POLH;PCNA;ERCC3;TK2;LIG1;GTF2H5;DGUOK;CANT1;POLD1;POLD4;TARBP2;POLR3C;POLR2J;SUPT4H1;HPRT1;GTF2A2;TAF9;NELFE;CDA;ELOA;ADRM1;POLR1C;GTF2H3;GSDME;CSTF3;ARL6IP1;RBX1;SNAPC5;POLR2I;POLR2C;ZNF707"
"omit_hoa2","HALLMARK_UV_RESPONSE_UP",-1.54923241808114,0.00557700191443918,0.0174281309826224,141,40,"DNAJB1;JUNB;RHOB;BMP2;SQSTM1;PPIF;DNAJA1;SELENOW;EIF2S3;CHKA;HNRNPU;CXCL2;IL6ST;EIF5;HLA-F;MSX1;ATP6V1C1;CDKN1C;CREG1;ATF3;ALAS1;BTG2;EPHX1;PRPF3;SPR;MAOA;PRKCD;TYRO3;GLS;AMD1;HMOX1;IRF1;PPP1R2;SOD2;FOS;FKBP4;RAB27A;SLC25A4;MGAT1;STIP1"
"omit_hoa2","HALLMARK_ANGIOGENESIS",1.64792174084132,0.0119918583582088,0.0352701716417905,28,9,"SPP1;S100A4;POSTN;LUM;SLCO2A1;FSTL1;TIMP1;TNFRSF21;COL3A1"
"omit_hoa2","HALLMARK_CHOLESTEROL_HOMEOSTASIS",-1.43976491620506,0.0201526312543821,0.0559795312621725,69,25,"LPL;NFIL3;HMGCS1;LDLR;PNRC1;PPARG;CHKA;IDI1;ATF3;SQLE;GNAI1;CYP51A1;ACSS2;STX5;FDFT1;SC5D;PCYT2;ECH1;ATXN2;HSD17B7;HMGCR;LGALS3;CXCL16;ETHE1;SEMA3B"
"omit_hoa2","HALLMARK_APOPTOSIS",-1.33946542279978,0.0295919620085029,0.0778735842329024,152,45,"HSPB1;GADD45B;SMAD7;JUN;FEZ1;CCND1;CDKN1B;DDIT3;RHOB;BMP2;SQSTM1;FAS;TGFBR3;DNAJA1;BMF;CDKN1A;ANKH;PPP3R1;CTH;SOD1;HMGB2;ATF3;BTG2;SPTAN1;RHOT2;CFLAR;GPX4;GADD45A;CD14;HMOX1;TIMP3;EGR3;IRF1;CREBBP;TIMP2;HGF;DIABLO;SOD2;EREG;SC5D;PLAT;TNFSF10;IGF2R;SLC20A1;ROCK1"
"omit_hoa2","HALLMARK_HEME_METABOLISM",-1.29011053205125,0.0367639576679661,0.0875332325427764,177,56,"SLC4A1;CAT;CA1;BACH1;USP15;GCLM;BTRC;PICALM;SLC25A38;SLC30A1;SELENBP1;SDCBP;CDC27;TOP1;RCL1;CDR2;NR3C1;BTG2;ENDOD1;BMP2K;ALAS2;VEZF1;HDGF;KLF3;NARF;ALDH6A1;RHAG;RBM38;TRAK2;EIF2AK1;ABCB6;TENT5C;ICAM4;ALAD;GCLC;DCAF11;BLVRB;MARK3;E2F2;CAST;GMPS;TNS1;OSBP2;EZH1;MXI1;PDZK1IP1;CCDC28A;KHNYN;ADD1;MFHAS1;ADD2;RAD23A;MPP1;NEK7;BNIP3L;LPIN2"
"omit_hoa2","HALLMARK_MYOGENESIS",1.33518548834561,0.0357583230579531,0.0875332325427764,157,28,"APLNR;COL1A1;AGRN;CDH13;COL6A2;MYOM2;LSP1;IGF1;COL15A1;TGFB1;STC2;BDKRB2;CKB;CFD;SPARC;NCAM1;SCD;IGFBP7;PDLIM7;CNN3;COL3A1;ITGB1;ATP6AP1;PC;AK1;COL4A2;ITGB4;COX7A1"
"omit_hoa2","HALLMARK_APICAL_JUNCTION",1.35259479014667,0.0460501487272956,0.104659428925672,160,31,"MMP9;TGFBI;CD276;RAC2;MPZL2;JUP;CLDN11;BMP1;CADM3;PTPRC;ITGA3;MPZL1;MMP2;CD99;VASP;EVL;SLIT2;JAM3;ITGA2;RSU1;ITGB1;PIK3R3;VWF;ADAM23;ITGB4;TRAF1;ACTN4;MAPK13;CD209;SYK;CD274"
"omit_hoa2","HALLMARK_GLYCOLYSIS",1.28979555179106,0.0670731707317073,0.145811240721103,173,56,"AGRN;TGFBI;CXCR4;SLC16A3;CD44;DCN;ANGPTL4;STC2;KDELR3;CHST1;PLOD1;CHPF2;GLRX;ME1;PYGB;SDC2;B4GALT2;FAM162A;ALDOA;NSDHL;COL5A1;IER3;PC;SPAG4;ALG1;PGAM1;GMPPA;PSMC4;ALDH7A1;AK3;BPNT1;G6PD;B4GALT7;HK2;VLDLR;B4GALT4;PKM;PYGL;GALE;GOT2;NT5E;ENO1;B4GALT1;MPI;MED24;GMPPB;HSPA5;GNE;PRPS1;RRAGD;PFKP;P4HA2;SDC1;DLD;SDHC;HS2ST1"
"omit_hoa2","HALLMARK_HEDGEHOG_SIGNALING",-1.35640919655296,0.1,0.208333333333333,29,6,"NRP2;ETS2;TLE3;NRP1;ADGRG1;LDB1"
"omit_hoa2","HALLMARK_IL6_JAK_STAT3_SIGNALING",1.2394391607037,0.120165745856354,0.225225225225225,75,12,"CXCL10;CSF3R;IL2RG;LTB;CD44;IL3RA;ITGA4;TGFB1;CSF2RB;IL1B;BAK1;TNFRSF21"
"omit_hoa2","HALLMARK_MTORC1_SIGNALING",1.21742176312808,0.116586538461538,0.225225225225225,195,59,"ITGB2;CORO1A;CXCR4;SDF2L1;TRIB3;SLA;EBP;NMT1;RRM2;MCM4;GSR;PSMB5;EIF2S2;FDXR;DAPP1;PDAP1;SLC7A5;SCD;GLRX;DHFR;ME1;TUBA4A;LGMN;M6PR;ALDOA;HSP90B1;PIK3R3;PDK1;PGM1;PPA1;EDEM1;BCAT1;SLC1A4;ARPC5L;EEF1E1;PSMD13;RPN1;MTHFD2L;PSMC4;YKT6;ATP5MC1;PSPH;G6PD;HSPA4;SYTL2;CALR;SHMT2;HK2;TFRC;VLDLR;SLC7A11;POLR3G;PSME3;HMBS;UCHL5;TM7SF2;ACLY;ENO1;ACSL3"
"omit_hoa2","HALLMARK_MYC_TARGETS_V2",-1.25380619580663,0.121621621621622,0.225225225225225,57,14,"NOLC1;MYC;HSPE1;HSPD1;MPHOSPH10;PPRC1;RCL1;SUPV3L1;BYSL;NOP56;MCM5;LAS1L;PLK1;GNL3"
"omit_hoa2","HALLMARK_OXIDATIVE_PHOSPHORYLATION",1.1911171211787,0.143198090692124,0.255710876235936,200,83,"NDUFA7;COX17;NDUFV2;BAX;NDUFA1;ATP5F1E;NDUFB1;COX10;UQCR11;NDUFC2;POLR2F;UQCRFS1;UQCRQ;PDP1;ATP5ME;FDX1;NDUFS6;TIMM10;TIMM8B;NDUFS8;ATP6AP1;CASP7;SDHA;MTX2;ATP5F1D;NNT;ATP5MC1;ATP6V0E1;NDUFA9;ATP6V1G1;ATP6V0B;MAOB;UQCRB;TIMM17A;GOT2;NDUFB8;DLAT;AIFM1;MTRF1;SLC25A3;NDUFS3;MRPL15;COX6B1;COX7C;NDUFB2;NDUFS2;TCIRG1;NDUFB6;SUCLA2;DLD;ATP5MF;SDHC;TOMM22;NDUFB4;OGDH;RHOT1;POR;COX6C;ISCA1;TIMM9;ECHS1;COX7A2;LDHB;DLST;NDUFA3;UQCRC1;ATP6V1H;MTRR;MRPL34;PRDX3;MRPL11;TIMM50;HSPA9;NDUFC1;MRPS22;ATP6V1F;NDUFAB1;NDUFA5;SDHB;COX5A;ACADVL;GPI;DECR1"
"omit_hoa2","HALLMARK_REACTIVE_OXYGEN_SPECIES_PATHWAY",-1.20120913512793,0.166666666666667,0.28735632183908,49,10,"CAT;JUNB;MPO;MGST1;TXN;GCLM;HHEX;SOD1;OXSR1;GPX4"
"omit_hoa2","HALLMARK_ANDROGEN_RESPONSE",-1.1769361735536,0.176706827309237,0.294117647058823,92,16,"AKAP12;HMGCS1;CCND1;UAP1;ANKH;ARID5B;NKX3-1;MERTK;IDI1;INSIG1;FADS1;RPS6KA3;HOMER2;STEAP4;PLPP1;MAK"
"omit_hoa2","HALLMARK_MYC_TARGETS_V1",-1.10495384341566,0.182352941176471,0.294117647058823,195,38,"NOLC1;MYC;SRSF3;HSP90AB1;HSPE1;HSPD1;TRA2B;HNRNPU;PTGES3;PSMC6;CCT4;HNRNPA2B1;XPO1;USP1;ODC1;TCP1;RSL1D1;IFRD1;RPS5;EIF1AX;RPS3;RAD23B;RPL18;HDGF;GSPT1;CNBP;MCM6;RPS6;UBA2;NCBP2;EIF2S1;NOP56;BUB3;FBL;MCM5;PSMB3;LSM2;HNRNPD"
"omit_hoa2","HALLMARK_IL2_STAT5_SIGNALING",1.15582011991645,0.194174757281553,0.294204177699323,189,48,"SPP1;SELL;CXCL10;IL10;CST7;IL10RA;LTB;CD44;IL3RA;GPR65;SMPDL3A;CD48;IL2RB;ITIH5;HOPX;LCLAT1;ADAM19;TNFRSF21;LRIG1;GLIPR2;TLR7;SELP;AGER;MYO1E;APLP1;ETFBKMT;TNFRSF9;TRAF1;RABGAP1L;SOCS1;PLAGL1;CCND2;PRKCH;IFNGR1;CASP3;HK2;BATF;CTSZ;UCK2;RHOH;KLF6;ST3GAL4;NT5E;TGM2;ECM1;EOMES;LIF;TNFRSF4"
"omit_hoa2","HALLMARK_NOTCH_SIGNALING",-1.20097750757987,0.191693290734824,0.294204177699323,31,8,"CCND1;FZD5;LFNG;HES1;CUL1;DTX1;PSEN2;KAT2A"
"omit_hoa2","HALLMARK_E2F_TARGETS",1.06750382333837,0.324550898203593,0.450765136393879,198,60,"LYAR;CIT;TK1;MKI67;RAD51AP1;RRM2;MCM4;CKS1B;MMS22L;JPT1;MXD3;E2F8;TOP2A;CHEK1;ASF1A;NME1;RPA3;CNOT9;BARD1;CENPM;DUT;RAD51C;BRCA1;TUBB;PAN2;WDR90;DCLRE1B;CDCA3;BUB1B;PCNA;DCK;MAD2L1;LIG1;UBE2T;SPC25;TFRC;SPAG5;POLD1;NAA38;CDKN3;CTPS1;NCAPD2;MYBL2;LMNB1;DNMT1;RAD1;ORC6;CDKN2C;CDC25B;UBR7;SUV39H1;PRPS1;CDKN2A;TUBG1;PRDX4;MRE11;POLE;TCF19;TACC3;KIF18B"
"omit_hoa2","HALLMARK_MITOTIC_SPINDLE",-1.05502718900453,0.317647058823529,0.450765136393879,195,45,"PCGF5;FBXO5;UXT;MYH10;ESPL1;CDC27;CLIP1;DST;PPP4R2;MAP3K11;LATS1;EZR;EPB41L2;SPTAN1;ITSN1;RHOT2;KIF1B;ARF6;SOS1;CSNK1D;RAB3GAP1;TIAM1;CDC42BPA;TSC1;ALS2;PCM1;RANBP9;BCAR1;LRPPRC;ECT2;HOOK3;TUBD1;RASAL2;CCDC88A;SMC4;NUMA1;FGD6;SPTBN1;SMC3;STAU1;NET1;FGD4;ROCK1;ARL8A;PLK1"
"omit_hoa2","HALLMARK_UNFOLDED_PROTEIN_RESPONSE",1.07291383939745,0.317708333333333,0.450765136393879,108,20,"LSM1;HYOU1;EIF4EBP1;SRPRB;STC2;IFIT1;KDELR3;CKS1B;SPCS1;SLC7A5;WIPI1;SEC31A;LSM4;HSP90B1;TATDN2;EDEM1;SLC1A4;GOSR2;PDIA5;SPCS3"
"omit_hoa2","HALLMARK_ESTROGEN_RESPONSE_EARLY",1.02951989543941,0.409203980099502,0.552978351485814,163,48,"AREG;INHBB;CD44;BCL11B;STC2;MYBL1;FASN;RAB31;RHOBTB3;ASB13;SLC37A1;SLC7A5;CELSR1;SCARB1;MYOF;PDLIM3;LRIG1;RASGRP1;KRT18;KRT8;PAPSS2;RRP12;PMAIP1;FKBP5;PRSS23;CBFA2T3;CLIC3;SLC1A4;NBL1;MICB;ITPK1;RAPGEFL1;NADSYN1;CANT1;TSKU;CA12;PTGES;TGM2;AQP3;B4GALT1;RHOD;MED24;DEPTOR;ADCY9;SLC1A1;SEC14L2;TMEM164;MREG"
"omit_hoa2","HALLMARK_XENOBIOTIC_METABOLISM",-1.01523907151696,0.4375,0.575657894736842,149,28,"MT2A;TPST1;CAT;ETS2;CD36;ID2;GABARAPL1;FAS;SLC12A4;UGDH;NDRG2;ABHD6;PTGES3;MAN1A1;ALDH9A1;ALAS1;EPHX1;MAOA;SERTAD1;BCAR1;DHRS1;HMOX1;UPP1;PTGR1;ACOX1;ENTPD5;CNDP2;CYP2E1"
"omit_hoa2","HALLMARK_PEROXISOME",-0.998101463850397,0.484615384615385,0.621301775147929,87,16,"CAT;ISOC1;CADM1;EHHADH;ATXN1;SOD1;IDI1;ALDH9A1;FADS1;SIAH1;CNBP;ACOX1;SOD2;ERCC1;SLC25A4;ECH1"
"omit_hoa2","HALLMARK_ESTROGEN_RESPONSE_LATE",0.941920799702227,0.587945879458795,0.734932349323493,152,35,"AREG;CD44;SLC29A1;LTF;PERP;CKB;RAB31;SGK1;SLC7A5;SNX10;SCARB1;TOP2A;MYOF;PDLIM3;S100A9;SERPINA1;PTPN6;PAPSS2;FKBP5;LSR;PRSS23;DUSP2;CLIC3;SLC1A4;NBL1;MAPK13;DNAJC12;ALDH3A2;MICB;ITPK1;RAPGEFL1;BATF;GALE;CA12;PTGES"
"omit_hoa2","HALLMARK_P53_PATHWAY",0.943660106825827,0.608058608058608,0.741534887876351,186,53,"S100A4;INHBB;CDH13;ZMAT3;TRIB3;DDB2;BAX;PERP;NINJ1;TGFB1;TAX1BP3;RPS27L;ADA;AEN;DEF6;FDXR;RRAD;BAK1;FAM162A;RAD9A;FGF13;SLC35D1;IER3;GM2A;RAD51C;AK1;ITGB4;SEC61A1;SOCS1;VDR;POLH;PCNA;CCND2;PITPNC1;SLC7A11;PMM1;PDGFA;SAT1;FUCA1;LIF;EPHA2;WRAP73;PROCR;RHBDF2;TRAFD1;CDKN2A;MXD4;PTPRE;CEBPA;EPS8L2;S100A10;TRIAP1;SDC1"
"omit_hoa2","HALLMARK_PANCREAS_BETA_CELLS",0.858394324888211,0.658805031446541,0.784291704103025,14,3,"SRPRB;SRP14;SPCS1"
"omit_hoa2","HALLMARK_ADIPOGENESIS",-0.923352541217377,0.731428571428571,0.843214756258234,190,22,"LPL;BCL6;CAT;FABP4;SORBS1;MGLL;CD36;ACADS;PPARG;LIPE;LAMA4;SOD1;NABP1;PPP1R15B;PLIN2;PFKFB3;ITSN1;ESYT1;GPX4;STOM;ATP5PO;GADD45A"
"omit_hoa2","HALLMARK_BILE_ACID_METABOLISM",-0.883979007842298,0.758893280632411,0.843214756258234,86,12,"CAT;LIPE;GCLM;ISOC1;ATXN1;SOD1;IDI1;ALDH9A1;FADS1;ABCA4;PEX19;PNPLA8"
"omit_hoa2","HALLMARK_PI3K_AKT_MTOR_SIGNALING",0.856150921755485,0.743725231175694,0.843214756258234,96,24,"IL2RG;CXCR4;TRIB3;LCK;SLA;DAPP1;PPP1CA;NCK1;HSP90B1;PIK3R3;PDK1;MAP2K6;RPS6KA1;MKNK1;MYD88;THEM4;CALR;AKT1S1;STAT2;ECSIT;GRK2;CAB39L;ARHGDIA;NOD1"
"omit_hoa2","HALLMARK_KRAS_SIGNALING_DN",0.838399301500188,0.78968253968254,0.844806007509387,94,12,"RSAD2;IFNG;ENTPD7;IFI44L;SGK1;RYR2;CLSTN3;SIDT1;TAS2R4;BARD1;MX1;FGGY"
"omit_hoa2","HALLMARK_WNT_BETA_CATENIN_SIGNALING",-0.808024006472759,0.794117647058823,0.844806007509387,38,4,"FZD8;MYC;NCOR2;GNAI1"
"omit_hoa2","HALLMARK_PROTEIN_SECRETION",-0.81782980791788,0.855421686746988,0.891064257028113,92,18,"RAB5A;GLA;COPB1;ARFIP1;RAB9A;SOD1;DST;RPS6KA3;KIF1B;CLTC;GNAS;ATP7A;LMAN1;IGF2R;ICA1;CTSC;SGMS1;TOM1L1"
"omit_hoa2","HALLMARK_APICAL_SURFACE",-0.724401470361509,0.904290429042904,0.922745335758066,35,14,"HSPB1;AFAP1L2;AKAP7;EPHB4;CRYBG1;LYN;APP;ATP8B1;RTN4RL1;ADIPOR2;TMEM8B;SCUBE1;PLAUR;DCBLD2"
"omit_hoa2","HALLMARK_SPERMATOGENESIS",-0.720895987550372,0.949820788530466,0.949820788530466,77,16,"EZH2;SIRT1;BRAF;AGFG1;CSNK2A2;ADCYAP1;TSN;SPATA6;MLF1;ELOVL3;LDHC;STAM2;ZC2HC1C;CCT6B;HSPA2;IP6K1"
"omit_hoa3","HALLMARK_INTERFERON_GAMMA_RESPONSE",2.34292456438904,3.47944261004869e-16,1.73972130502435e-14,190,84,"CXCL9;CXCL10;SAMHD1;C1R;OAS3;IL10RA;ISG15;LY6E;RSAD2;HLA-DRB1;CSF2RB;MX2;SELP;CMPK2;TNFAIP6;EPSTI1;HERC6;LCP2;SERPING1;IFI44L;IFI27;RNF213;LGALS3BP;IFIT1;OAS2;OASL;IL18BP;GZMA;PTPN2;IL4R;SOCS1;PSMA2;IL2RB;PARP14;MYD88;CCL5;USP18;PDE4B;IFIH1;XAF1;IFIT2;PTGS2;MX1;IFIT3;CFH;CASP3;C1S;ZBP1;SP110;PLSCR1;CD69;HELZ2;IFITM3;SAMD9L;PFKP;PTPN6;TRIM14;IFI44;SECTM1;ADAR;HIF1A;FPR1;STAT2;TNFAIP2;PSMA3;CD74;CASP4;PSMB8;ISG20;FCGR1A;CASP7;CMTR1;ST8SIA4;PTPN1;NMI;RTP4;STAT4;TRIM25;EIF2AK2;CD274;MVP;IRF7;TAP1;VCAM1"
"omit_hoa3","HALLMARK_ALLOGRAFT_REJECTION",2.28021093012883,3.25196409547756e-13,8.12991023869391e-12,178,72,"MMP9;CXCL9;ITGB2;CD3D;IL10;GZMB;CD2;PTPRC;CD3E;HLA-DOA;CD3G;SPI1;CTSS;ITGAL;LCP2;ITK;NCK1;CD96;NLRP3;TLR2;PRF1;IL2RG;HCLS1;WAS;IL1B;CD8B;BCL10;HLA-DMB;GZMA;CD1D;IL4R;SOCS1;IL2RB;EIF3J;IFNGR1;IGSF6;CRTAM;NCF4;CCL5;CD8A;HLA-DRA;CCR5;LY75;INHBB;KLRD1;GBP2;FYB1;TIMP1;LTB;CD7;CD247;GPR65;CCL4;NME1;PTPN6;UBE2D1;HIF1A;C2;CXCR3;CCR1;CD74;TGFB2;BCAT1;TGFB1;BRCA1;TLR1;IL18;LCK;ST8SIA4;CCND3;ELF4;STAT4"
"omit_hoa3","HALLMARK_INTERFERON_ALPHA_RESPONSE",2.39001528793649,6.13918329647725e-12,1.02319721607954e-10,94,51,"CXCL10;SELL;ISG15;LY6E;RSAD2;CMPK2;EPSTI1;HERC6;IFI44L;IFI27;OAS1;LGALS3BP;NCOA7;IFITM1;OASL;IL4R;PARP14;USP18;IFIH1;IFIT2;SAMD9;MX1;IFIT3;TRIM5;GBP2;C1S;SP110;PLSCR1;HELZ2;LAMP3;IFITM3;SAMD9L;GMPR;TRIM14;IFI44;ADAR;STAT2;PSMA3;CD74;TENT5A;NUB1;PSMB8;ISG20;CMTR1;NMI;RTP4;PARP9;TRIM25;EIF2AK2;IRF7;TAP1"
"omit_hoa3","HALLMARK_INFLAMMATORY_RESPONSE",2.19080553766112,1.01194791273951e-11,1.26493489092439e-10,177,81,"CXCL9;CXCL10;SELL;IL10;PTAFR;CCL20;CYBB;TNFRSF9;IL10RA;AQP9;LY6E;CSF3R;TNFAIP6;ABCA1;F3;LCP2;NLRP3;TLR2;IFITM1;HAS2;IL1B;SLC31A2;KCNJ2;OSMR;IL4R;CD48;IL1R1;CSF3;CCR7;IL2RB;RGS1;IL7R;RASGRP1;CCL5;APLNR;PDE4B;PVR;ITGA5;RNF144B;GPR183;GPR132;CXCL8;TIMP1;HRH1;IL18R1;CD69;BDKRB1;LAMP3;SLC7A1;ITGB3;SGMS2;IL1A;HIF1A;PTGIR;FPR1;ATP2A2;TLR1;EDN1;IL18;LCK;MET;C5AR1;SLC4A4;NMI;RTP4;KLF6;EIF2AK2;BEST1;PTPRE;IRF7;MMP14;MSR1;GCH1;PROK2;NAMPT;SERPINE1;MEFV;ACVR2A;TPBG;TAPBP;GNA15"
"omit_hoa3","HALLMARK_COMPLEMENT",1.86467180892994,6.46356521142826e-07,6.46356521142826e-06,173,73,"APOC1;GZMB;FCER1G;C1R;DOCK10;FCN1;C1QA;GNG2;KYNU;CTSS;CA2;F3;LCP2;SERPING1;C1QC;DOCK9;SPOCK2;APOBEC3G;S100A12;WAS;CDA;GZMA;CTSB;DUSP6;PDP1;LTF;CBLB;RASGRP1;CCL5;MMP13;GZMK;ATOX1;CFH;CASP3;ITGAM;FYN;SERPINA1;CPM;S100A9;C1S;TIMP1;PLSCR1;PIK3CA;PHEX;C2;CTSC;CEBPB;EHD1;PCLO;CASP4;PLA2G7;CASP7;ME1;LCK;FDX1;CR1;SERPINB2;BRPF3;CPQ;SIRT6;IRF7;MMP14;DGKH;LGMN;GRB2;PIK3CG;COL4A2;SERPINE1;GNGT2;MAFF;CP;GNB4;PDGFB"
"omit_hoa3","HALLMARK_G2M_CHECKPOINT",-1.80053924707845,5.18851306266369e-06,3.87046937723002e-05,193,64,"CCND1;MEIS2;MT2A;NOLC1;TOP2A;MYC;CDKN1B;FBXO5;PLK1;PURA;MARCKS;CKS2;MCM5;ODC1;E2F4;CCNF;TPX2;ESPL1;AURKA;KMT5A;EZH2;ORC5;CCNT1;TRA2B;HMMR;CTCF;BIRC5;AMD1;TLE3;HMGB3;KNL1;SFPQ;CDC20;E2F2;PTTG1;KIF4A;LBR;CCNB2;HSPA8;DTYMK;XPO1;TOP1;BUB1;NUMA1;BUB3;NUP98;KIF5B;MCM6;UBE2C;CDC27;CDK4;HNRNPU;AURKB;TROAP;MAPK14;UBE2S;CDK1;STMN1;CENPE;RACGAP1;CHAF1A;KATNA1;RAD54L;CUL3"
"omit_hoa3","HALLMARK_IL6_JAK_STAT3_SIGNALING",2.0221972864638,5.41865712812203e-06,3.87046937723002e-05,75,25,"CXCL9;CXCL10;CD44;IL3RA;CSF2RB;CSF3R;MAP3K8;TLR2;IL2RG;ITGA4;IL1B;OSMR;PTPN2;IL4R;SOCS1;IL1R1;MYD88;IFNGR1;LTB;TNFRSF12A;IL18R1;ITGB3;IL13RA1;STAT2;CCR1"
"omit_hoa3","HALLMARK_IL2_STAT5_SIGNALING",1.68260865655265,3.88921276771333e-05,0.000243075797982083,189,45,"SPP1;CXCL10;SELL;IL10;CD44;TNFRSF9;IL10RA;IL3RA;SELP;CA2;MAP3K8;CST7;RORA;IL4R;CD48;SOCS1;MYO1E;IL2RB;IFNGR1;ITIH5;ABCB1;RHOH;SMPDL3A;ALCAM;ST3GAL4;LCLAT1;TRAF1;CASP3;LTB;TLR7;DHRS3;PLSCR1;GPR65;IL18R1;NDRG1;TGM2;IFITM3;RRAGD;UCK2;ICOS;HOPX;RABGAP1L;AGER;GLIPR2;LRIG1"
"omit_hoa3","HALLMARK_KRAS_SIGNALING_UP",1.73279558697427,5.84369742650905e-05,0.000304975826474931,168,50,"SPP1;MMP9;CXCL10;ITGB2;FCER1G;CCL20;RETN;IL10RA;CTSS;CA2;IKZF1;SLPI;IL2RG;IL1B;EPB41L3;ALDH1A3;PLAU;MMD;MPZL2;DUSP6;LCP1;ANGPTL4;IL7R;F13A1;CXCR4;DOCK2;PRELID3B;GALNT3;ABCB1;ITGA2;PTGS2;TRAF1;TOR1AIP2;CFH;PDCD1LG2;GPNMB;SPON1;NIN;ADGRL4;TRIB1;AKT2;RABGAP1L;BIRC3;PTBP2;DNMBP;CLEC4A;GLRX;G0S2;ETV5;PSMB8"
"omit_hoa3","HALLMARK_TGF_BETA_SIGNALING",-2.05630559300541,6.09951652949863e-05,0.000304975826474931,52,17,"ID2;ID1;ID3;BMP2;SMAD7;SMAD6;KLF10;CDKN1C;JUNB;SKIL;HIPK2;NCOR2;FNTA;TGFBR1;CDK9;ENG;SLC20A1"
"omit_hoa3","HALLMARK_FATTY_ACID_METABOLISM",-1.82709197102566,0.000125330241448058,0.000569682915672992,136,31,"XIST;HSP90AA1;HMGCS1;HSPH1;AQP7;EPHX1;MGLL;ACADS;LTC4S;LGALS1;ALDH9A1;UGDH;ACSM3;CD36;ODC1;KMT5A;ECH1;IDI1;INMT;NTHL1;ACOX1;SMS;CBR3;CA4;SERINC1;HADH;SUCLG1;GLUL;HSD17B7;ALAD;GABARAPL1"
"omit_hoa3","HALLMARK_COAGULATION",1.75809760720838,0.000250120326836748,0.00104216802848645,98,29,"MMP9;CTSK;APOC1;C1R;PRSS23;C1QA;F3;DUSP14;SERPING1;KLF7;CFI;BMP1;PLAU;THBS1;CTSB;DUSP6;ITGA2;ANXA1;CFH;FYN;SERPINA1;PROS1;C1S;TIMP1;CFD;ITGB3;C2;MMP2;SPARC"
"omit_hoa3","HALLMARK_NOTCH_SIGNALING",-1.78028713502447,0.00451491206616614,0.0173650464083313,31,11,"CCND1;LFNG;DLL1;FZD5;HES1;NOTCH1;KAT2A;PSEN2;FZD7;APH1A;ARRB1"
"omit_hoa3","HALLMARK_ANGIOGENESIS",1.64707954740682,0.00499121536757957,0.017825769169927,28,8,"SPP1;POSTN;SLCO2A1;S100A4;LUM;FSTL1;TIMP1;COL3A1"
"omit_hoa3","HALLMARK_UV_RESPONSE_UP",-1.47269923742658,0.00546923089483073,0.0182307696494358,142,42,"DNAJB1;BMP2;RHOB;EPHX1;CDKN1C;JUNB;HSPA2;TST;SLC25A4;EIF2S3;SPR;NR4A1;POLG2;CREG1;DNAJA1;PRKCD;SELENOW;BTG2;NXF1;AMD1;PRPF3;CXCL2;SQSTM1;ALAS1;PPIF;EIF5;FKBP4;HLA-F;ATP6V1C1;IGFBP2;CTSV;ATF3;RXRB;LYN;FOS;GLS;HNRNPU;CCNE1;KLHDC3;IRF1;MGAT1;PPT1"
"omit_hoa3","HALLMARK_TNFA_SIGNALING_VIA_NFKB",1.36604175538448,0.0178172331870228,0.0556788537094462,194,54,"CXCL10;BCL2A1;ACKR3;CD44;CCL20;TNFRSF9;TNFAIP8;KYNU;TNFAIP6;ABCA1;TNIP1;F3;MAP3K8;TLR2;IL1B;KLF9;PLAU;SERPINB8;SPSB1;IL7R;CCL5;PDE4B;IFIH1;PER1;IER3;IFIT2;PTGS2;RELB;GPR183;TRAF1;AREG;B4GALT1;SAT1;CCL4;CD69;STAT5A;TRIB1;DUSP4;FOSL2;IL1A;BIRC3;TNFAIP2;NINJ1;CEBPB;BTG3;EHD1;FJX1;PDLIM5;G0S2;LAMB3;SGK1;EDN1;TNC;IL18"
"omit_hoa3","HALLMARK_ADIPOGENESIS",-1.32982109576762,0.0207257450971362,0.0575715141587116,190,44,"CAT;LPL;FABP4;BCL6;PPARG;NABP1;LIPE;ESYT1;MGLL;ACADS;CD151;GPX4;LTC4S;SORBS1;CD36;TST;ATP5PO;LAMA4;SOD1;SLC27A1;CAVIN1;ECH1;VEGFB;EPHX2;ADCY6;PFKL;ACOX1;PHYH;DDT;TOB1;HADH;SUCLG1;COX8A;COX6A1;OMD;CMBL;ACAA2;PFKFB3;RETSAT;ITSN1;STOM;APLP2;SSPN;DNAJB9"
"omit_hoa3","HALLMARK_ESTROGEN_RESPONSE_EARLY",1.36403844070768,0.0206503656591174,0.0575715141587116,164,36,"CD44;PRSS23;DEPTOR;BCL11B;STC2;CLIC3;KRT8;SLC7A5;SLC1A1;PMAIP1;RRP12;FKBP5;PTGES;KRT18;KCNK5;AQP3;TPD52L1;PDLIM3;RAB31;RASGRP1;FASN;TBC1D30;AREG;INHBB;CBFA2T3;RHOD;PAPSS2;DHRS3;B4GALT1;RAPGEFL1;TGM2;ALDH3B1;MYOF;LRIG1;MYBL1;RBBP8"
"omit_hoa3","HALLMARK_PEROXISOME",-1.44908623883435,0.0224963016675441,0.0592007938619583,88,26,"CAT;TOP2A;CADM1;ISOC1;ALDH9A1;SLC25A4;SOD1;ECH1;EPHX2;FADS1;IDI1;ACOX1;CNBP;ERCC1;CRABP2;SEMA3C;SIAH1;RETSAT;PRDX5;IDH2;SLC35B2;MLYCD;ACAA1;HSD17B4;CTBP1;IDH1"
"omit_hoa3","HALLMARK_CHOLESTEROL_HOMEOSTASIS",-1.43533334216656,0.0260477084003293,0.0651192710008233,69,18,"LPL;HMGCS1;FABP5;PPARG;NFIL3;PNRC1;STX5;ECH1;IDI1;CD9;ETHE1;GNAI1;GUSB;HSD17B7;LDLR;FDFT1;ATF3;SEMA3B"
"omit_hoa3","HALLMARK_MTORC1_SIGNALING",1.32503663038139,0.0330882352941176,0.078781512605042,195,68,"ITGB2;SORD;SLA;SLC7A5;CORO1A;MCM4;SDF2L1;ARPC5L;CXCR4;EIF2S2;HPRT1;POLR3G;PSMB5;HSPA4;PSMC4;GSR;PDAP1;ACSL3;HSP90B1;PPA1;EDEM1;ATP6V1D;ALDOA;EBP;NMT1;SYTL2;PSMD13;CTSC;ENO1;TRIB3;PSMA3;FDXR;STARD4;CANX;SCD;GLRX;SLC7A11;RIT1;TUBA4A;BCAT1;ATP2A2;UCHL5;ME1;TES;AK4;PDK1;M6PR;SLC1A4;EEF1E1;PSMG1;HSPA9;ATP5MC1;YKT6;ETF1;IMMT;GAPDH;DHFR;ACTR3;ASNS;PITPNB;LGMN;PSME3;NAMPT;VLDLR;ACTR2;IGFBP5;TUBG1;CALR"
"omit_hoa3","HALLMARK_ESTROGEN_RESPONSE_LATE",-1.33495931963933,0.039154196791516,0.0889868108898091,154,37,"CCND1;ID2;CPE;TIAM1;TFF3;FABP5;CXCL12;TOP2A;ZFP36;FOXC1;GPER1;EGR3;UGDH;PRKAR2B;CHPT1;KLF4;TST;SLC16A1;ASS1;WFS1;TFPI2;CD9;NCOR2;MEST;MOCS2;KIF20A;CDC20;CAV1;NAB2;TOB1;PPIF;FKBP4;FDFT1;RNASEH2A;SEMA3B;FOS;FRK"
"omit_hoa3","HALLMARK_WNT_BETA_CATENIN_SIGNALING",-1.51112815445671,0.0479781255037268,0.104300272834189,38,10,"FZD8;DLL1;MYC;DVL2;NOTCH1;NCOR2;KAT2A;NOTCH4;GNAI1;PSEN2"
"omit_hoa3","HALLMARK_BILE_ACID_METABOLISM",-1.32139915479517,0.0572549377139535,0.106402245766549,86,31,"CAT;ISOC1;LIPE;ALDH9A1;AR;PEX19;ABCA4;CYP7B1;RXRA;SOD1;EPHX2;FADS1;IDI1;PHYH;RBP1;RETSAT;PEX26;PRDX5;IDH2;SLC35B2;MLYCD;HACL1;HSD17B4;IDH1;HSD17B11;ABCA9;CYP46A1;BMP6;PFKM;SCP2;ABCA3"
"omit_hoa3","HALLMARK_EPITHELIAL_MESENCHYMAL_TRANSITION",1.28581886093877,0.0574572127139364,0.106402245766549,187,40,"SPP1;POSTN;CTHRC1;CD44;FAP;TGFBI;MGP;COL6A2;LUM;FBLN5;BMP1;THBS1;FSTL1;LAMC1;SERPINE2;GLIPR1;ITGA2;PVR;ITGA5;AREG;ANPEP;CXCL8;FGF2;COL1A1;TIMP1;PDLIM4;TNFRSF12A;SAT1;TGM2;SDC1;COL3A1;ITGB3;MMP2;LOXL2;MFAP5;SPARC;COL6A3;PMP22;COL5A1;TGFB1"
"omit_hoa3","HALLMARK_HYPOXIA",-1.22416408405742,0.0562453777235878,0.106402245766549,174,39,"AKAP12;MT2A;DDIT3;SLC2A3;JUN;ZFP36;MAP3K1;CDKN1C;CDKN1B;LDHC;MT1E;WSB1;KLHL24;NFIL3;EFNA1;SELENBP1;IGFBP3;TNFAIP3;TGFB3;PNRC1;NOCT;SLC37A4;CAVIN1;SLC2A1;PFKL;KDM3A;NR3C1;CAV1;DUSP1;ILVBL;ADM;ANXA2;ATP7A;TPI1;BNIP3L;ATF3;GAA;LOX;FOS"
"omit_hoa3","HALLMARK_REACTIVE_OXYGEN_SPECIES_PATHWAY",-1.38992067885266,0.0549293105594742,0.106402245766549,49,8,"CAT;MPO;MGST1;JUNB;GPX4;HHEX;SOD1;TXN"
"omit_hoa3","HALLMARK_DNA_REPAIR",1.26157141675841,0.091358024691358,0.163139329805996,148,47,"ADA;CMPK2;HCLS1;CDA;COX17;PDE4B;ZWINT;HPRT1;RNMT;TAF13;DGCR8;ITPA;NME1;DDB2;APRT;ELL;NT5C3A;SNAPC4;MPC2;TAF9;LIG1;TAF6;STX3;GTF2H3;MRPL40;POLD1;SEC61A1;AK3;ELOA;TK2;GTF2A2;ERCC5;SSRP1;DUT;CSTF3;CANT1;POLR2J;ERCC3;POLR2F;BCAP31;NELFCD;POLR1C;POLH;ADRM1;POLR3C;IMPDH2;GTF2F1"
"omit_hoa3","HALLMARK_APICAL_JUNCTION",1.20064446796002,0.130702836004932,0.225349717249883,161,40,"MMP9;PTPRC;CADM3;TGFBI;ADAM23;PCDH1;EVL;CLDN11;BMP1;MPZL2;ITGA3;ITGA2;TRAF1;FYB1;B4GALT1;JAM3;CD209;CD99;AKT2;MPZL1;RAC2;MMP2;CD276;LAMB3;VAV2;ACTN4;CD274;ITGB1;RSU1;VCAM1;MAPK13;VWF;CLDN15;MDK;TUBG1;DLG1;EGFR;PTEN;FLNC;MADCAM1"
"omit_hoa3","HALLMARK_ANDROGEN_RESPONSE",1.21829529305427,0.142061281337047,0.229131098930722,92,25,"TNFAIP8;SORD;KRT8;RRP12;FKBP5;ALDH1A3;ELL2;ABCC4;IQGAP2;HPGD;CENPN;GSR;SPCS3;B4GALT1;SAT1;ACSL3;NDRG1;STEAP4;SRP19;PDLIM5;SCD;SGK1;CCND3;TSC22D1;ITGAV"
"omit_hoa3","HALLMARK_APOPTOSIS",-1.18531904923878,0.142016356177202,0.229131098930722,152,30,"CCND1;HSPB1;FEZ1;GADD45B;DDIT3;BMP2;SMAD7;JUN;TOP2A;RHOB;CDKN1B;GPX4;EGR3;TIMP2;ANKH;PLAT;SOD1;DNAJA1;GSN;CTH;BTG2;FAS;CAV1;BMF;SQSTM1;HMGB2;APP;CD14;PSEN2;SLC20A1"
"omit_hoa3","HALLMARK_XENOBIOTIC_METABOLISM",-1.12408124271033,0.178217821782178,0.278465346534653,149,25,"CAT;ID2;MT2A;ABHD6;EPHX1;TPST1;NDRG2;ALDH9A1;SLC12A4;UGDH;BCAR1;CD36;DHRS1;LPIN2;MAN1A1;EPHA2;ECH1;FAS;COMT;ACOX1;PTGES3;PTGR1;DDT;ALAS1;ABCC3"
"omit_hoa3","HALLMARK_MITOTIC_SPINDLE",-1.11374627025649,0.198924731182796,0.301401107852721,195,57,"TIAM1;TOP2A;MYH10;MAP3K11;UXT;FSCN1;FBXO5;DST;BCAR1;PLK1;MARCKS;TPX2;ESPL1;AURKA;PCGF5;GSN;BIRC5;TUBD1;CDC42EP1;KIF4A;CCNB2;ARHGAP29;RHOT2;PPP4R2;BUB1;SOS1;DLGAP5;ARL8A;CCDC88A;NUMA1;KIF5B;RAB3GAP1;SPTAN1;CDC27;LATS1;ANLN;LLGL1;ITSN1;ARAP3;ALS2;EZR;SPTBN1;CDK1;CENPE;RACGAP1;ARF6;KATNA1;HDAC6;CDC42BPA;NEK2;KPTN;SAC3D1;MID1;CENPF;FARP1;CSNK1D;TSC1"
"omit_hoa3","HALLMARK_UV_RESPONSE_DN",-1.12361091051625,0.219626168224299,0.322979659153381,136,30,"ID1;SMAD7;PLPP3;PPARG;RND3;MGLL;MYC;CDKN1B;GCNT1;MT1E;PRKAR2B;RXRA;ARHGEF9;TGFBR2;NR3C1;CAV1;DUSP1;KALRN;NRP1;TFPI;INSIG1;AGGF1;NR1D2;ANXA2;LDLR;ICA1;MAGI2;GJA1;DBP;BHLHE40"
"omit_hoa3","HALLMARK_APICAL_SURFACE",-1.13148125545934,0.233236151603499,0.323939099449303,35,7,"HSPB1;EPHB4;AFAP1L2;TMEM8B;APP;AKAP7;LYN"
"omit_hoa3","HALLMARK_HEME_METABOLISM",-1.07839485485782,0.230337078651685,0.323939099449303,177,44,"CAT;SLC4A1;SLC25A38;ICAM4;SELENBP1;BTRC;LPIN2;TSPAN5;HEBP1;ENDOD1;RBM38;BMP2K;ALDH6A1;MPP1;KLF3;BTG2;SLC2A1;EIF2AK1;SDCBP;EPOR;USP15;NR3C1;CA1;E2F2;KHNYN;CDR2;VEZF1;PDZK1IP1;DCAF11;TENT5C;TOP1;BNIP3L;ALAD;GYPC;RAD23A;CDC27;BLVRB;RCL1;CCDC28A;ADD1;ALAS2;ABCB6;PICALM;SLC10A3"
"omit_hoa3","HALLMARK_SPERMATOGENESIS",-1.09349210406832,0.283582089552239,0.383219039935458,77,25,"HSPA2;LDHC;SIRT1;AURKA;SHE;EZH2;SPATA6;CSNK2A2;ELOVL3;CCNB2;BRAF;AGFG1;BUB1;TSN;CCT6B;STRBP;ACRBP;HSPA1L;PHKG2;CDK1;ZC2HC1C;VDAC3;NEK2;PRKAR2A;TALDO1"
"omit_hoa3","HALLMARK_HEDGEHOG_SIGNALING",-1.09516656352894,0.297222222222222,0.391081871345029,29,5,"NRP2;TLE3;NRP1;CDK5R1;ETS2"
"omit_hoa3","HALLMARK_GLYCOLYSIS",1.04817118502909,0.34601226993865,0.421966182852013,174,57,"CD44;TGFBI;STC2;PYGB;ANGPTL4;PMM2;CXCR4;AGRN;EXT1;IER3;SLC16A3;PSMC4;KDELR3;B4GALT1;ALDOA;SDC1;RRAGD;PFKP;NSDHL;B4GALT4;IL13RA1;SDC2;GNPDA1;B4GALT2;GOT2;ENO1;FAM162A;GNE;GLRX;COL5A1;AK3;ISG20;ME1;MET;AK4;PRPS1;ARPP19;GLCE;IRS2;PLOD1;GMPPB;ALG1;SAP30;PYGL;DLD;CLN6;VLDLR;SPAG4;TPBG;EGFR;NT5E;GMPPA;B4GALT7;MPI;ALDH7A1;P4HA2;PKM"
"omit_hoa3","HALLMARK_P53_PATHWAY",1.0634600163214,0.332107843137255,0.421966182852013,186,45,"PERP;ADA;S100A4;ZMAT3;AEN;PITPNC1;PVT1;SOCS1;TPD52L1;TAX1BP3;RRAD;RHBDF2;IER3;VDR;INHBB;EPS8L2;SAT1;FBXW7;NDRG1;DDB2;GM2A;SDC1;IL1A;RPS27L;CCNK;FAM162A;TRIB3;BAX;NINJ1;FDXR;SEC61A1;SLC7A11;CCP110;TGFB1;BAK1;COQ8A;CGRRF1;DGKA;CCND3;WWP1;TSC22D1;ERCC5;DEF6;NUDT15;WRAP73"
"omit_hoa3","HALLMARK_UNFOLDED_PROTEIN_RESPONSE",1.0585361693268,0.341655716162943,0.421966182852013,108,28,"STC2;IFIT1;SLC7A5;EIF4EBP1;SRPRB;LSM1;HYOU1;SEC31A;KDELR3;SPCS3;LSM4;HSP90B1;EDEM1;CKS1B;SPCS1;CEBPB;ATF4;GOSR2;PDIA5;MTREX;ZBTB17;SLC1A4;YWHAZ;HSPA9;DNAJC3;TATDN2;DDX10;ASNS"
"omit_hoa3","HALLMARK_PANCREAS_BETA_CELLS",1.05379562995195,0.399678972712681,0.475808300848429,14,4,"SRP14;SRPRB;VDR;SPCS1"
"omit_hoa3","HALLMARK_MYC_TARGETS_V2",-0.945917789817235,0.532871972318339,0.619618572463185,57,12,"NOLC1;MYC;PLK1;HSPD1;HSPE1;MPHOSPH10;MCM5;BYSL;SUPV3L1;CDK4;RCL1;NOP56"
"omit_hoa3","HALLMARK_MYOGENESIS",0.94545454663654,0.580845771144279,0.660052012663953,158,29,"MYOM2;STC2;CKB;COL6A2;TPD52L1;SCHIP1;BDKRB2;AGRN;APLNR;LSP1;CNN3;PDLIM7;IGF1;FGF2;COL1A1;IGFBP7;CFD;PTP4A3;COL3A1;FLII;COL15A1;AKT2;PKIA;SPARC;SCD;COL6A3;RIT1;MEF2D;TGFB1"
"omit_hoa3","HALLMARK_OXIDATIVE_PHOSPHORYLATION",0.895528238508322,0.718225419664269,0.79802824407141,200,60,"NDUFV2;PDP1;COX17;COX10;ATP5F1E;TIMM17A;NDUFA1;ATP6V1D;NNT;NDUFA7;UQCRFS1;GOT2;BAX;TIMM10;MAOB;ATP6V0E1;UQCRB;DLST;NDUFS8;ATP5ME;CASP7;UQCRQ;TIMM8B;FDX1;NDUFB1;HSPA9;ATP5MC1;DLAT;MRPL15;IMMT;DECR1;MTRF1;AIFM1;COX7C;DLD;ATP6V1H;ATP6V1G1;HCCS;POLR2F;NDUFC2;UQCR11;OPA1;CS;ATP5F1D;ACADVL;SUCLA2;MTX2;COX7A2;NDUFS6;GRPEL1;MTRR;MPC1;NDUFS3;ISCA1;SDHA;COX11;MRPL11;NDUFA3;RHOT1;LDHA"
"omit_hoa3","HALLMARK_KRAS_SIGNALING_DN",0.825067123123365,0.808108108108108,0.859689476710753,95,21,"RSAD2;IFI44L;ENTPD7;MX1;SLC16A7;RYR2;PTPRJ;TGFB2;SGK1;EDN1;TAS2R4;COQ8A;CDKAL1;SERPINB2;PNMT;THNSL2;TENM2;DTNB;MEFV;SIDT1;SLC29A3"
"omit_hoa3","HALLMARK_PI3K_AKT_MTOR_SIGNALING",0.824965751000166,0.79810298102981,0.859689476710753,96,25,"NCK1;SLA;IL2RG;MYD88;CXCR4;CAMK4;HSP90B1;CDK2;DUSP3;STAT2;TRIB3;THEM4;RIT1;LCK;PDK1;ARHGDIA;ACTR3;PPP2R1B;GRB2;ACTR2;RPS6KA1;CALR;EGFR;PTEN;RALB"
"omit_hoa3","HALLMARK_PROTEIN_SECRETION",0.791231673519116,0.845618915159944,0.880853036624942,91,21,"ABCA1;KRT18;ATP1A1;AP3S1;TMED10;SEC31A;GOLGA4;RER1;AP2B1;ARFGAP3;CTSC;DNM1L;GOSR2;M6PR;CLN5;YKT6;NAPA;ATP6V1H;VPS4B;EGFR;SEC24D"
"omit_hoa3","HALLMARK_E2F_TARGETS",-0.86044016045534,0.868571428571429,0.886297376093295,198,39,"NOLC1;TOP2A;MYC;CDKN1B;PLK1;USP1;CKS2;MCM5;ESPL1;AURKA;EZH2;TRA2B;HMMR;CTCF;BIRC5;PSIP1;HMGB3;CDC20;PTTG1;KIF4A;HMGB2;LBR;ING3;CCNB2;DIAPH3;XPO1;DLGAP5;RNASEH2A;MCM6;CDK4;AURKB;CCNE1;NOP56;MLH1;UBE2S;CDK1;STMN1;CENPE;RACGAP1"
"omit_hoa3","HALLMARK_MYC_TARGETS_V1",0.775055073591281,0.950980392156863,0.950980392156863,195,41,"MRPL23;PSMA6;SNRPA1;MCM4;PSMA2;EIF3J;EIF3B;AP3S1;C1QBP;EIF2S2;HPRT1;SRM;PSMC4;NME1;CDK2;PPM1G;NAP1L1;UBE2L3;RPLP0;SF3A1;CTPS1;GOT2;PSMA1;CANX;PABPC4;CLNS1A;SSBP1;YWHAE;TXNL4A;ETF1;MAD2L1;DUT;FAM120A;G3BP1;UBE2E1;CCT5;ERH;ORC2;SRSF2;DHX15;DDX18"
"omit_onfh1","HALLMARK_INFLAMMATORY_RESPONSE",2.51880607030866,1.54028717746251e-17,7.70143588731255e-16,177,75,"CCL20;SELL;CSF3;IL10;CYBB;TIMP1;LAMP3;PDE4B;LY6E;CSF3R;LCP2;IL10RA;FPR1;KLF6;KCNJ2;PTPRE;IFITM1;C5AR1;NLRP3;GPR183;PTAFR;ABCA1;ITGA5;HIF1A;F3;CXCL10;TNFAIP6;HAS2;AQP9;GCH1;IRF7;MMP14;CD55;IL1B;TNFRSF9;GPR132;IL2RB;IL4R;CCR7;SPHK1;EDN1;ATP2A2;OSM;ADRM1;PVR;TLR1;TLR2;CCL2;CXCL8;SLC7A1;APLNR;RASGRP1;EIF2AK2;MXD1;CD48;SERPINE1;TAPBP;IL18;LIF;GNAI3;CCL5;GNA15;SELENOS;ATP2B1;BEST1;OSMR;EMP3;PTGIR;SLC31A2;HRH1;ITGB3;NFKB1;PROK2;MARCO;PTGER4"
"omit_onfh1","HALLMARK_INTERFERON_GAMMA_RESPONSE",2.41213455264525,4.37308611356773e-16,1.09327152839193e-14,189,82,"PTGS2;PDE4B;ISG15;LGALS3BP;LY6E;IFI27;HLA-DRB1;LCP2;IL10RA;OAS3;FPR1;CSF2RB;SELP;C1R;HERC6;RSAD2;HIF1A;OAS2;RNF213;CMPK2;SERPING1;IL18BP;IFIT1;ISG20;TNFAIP2;IFITM3;CXCL10;PSMA2;USP18;OASL;IFI44L;MX2;TNFAIP6;GCH1;IRF7;HELZ2;MX1;IFIT3;SAMHD1;SOCS1;IL2RB;IL4R;VCAM1;C1S;FCGR1A;MTHFD2;XAF1;EPSTI1;IFIT2;IFI44;IFIH1;GZMA;SP110;CCL2;PSME2;CASP3;STAT2;TAP1;PNP;EIF2AK2;IFI35;CD74;BTG1;MVP;MYD88;TAPBP;ST8SIA4;SOD2;PTPN2;CCL5;PTPN1;ADAR;CFH;ZBP1;SLAMF7;FGL2;NFKB1;PARP14;PSMA3;BPGM;TRIM14;IFNAR2"
"omit_onfh1","HALLMARK_ALLOGRAFT_REJECTION",2.28600528215875,1.71509193711271e-13,2.85848656185452e-12,179,85,"MMP9;IL10;ITGB2;TIMP1;LCP2;CD3D;CD2;NME1;SPI1;NLRP3;INHBB;CD3E;HIF1A;CD8B;EIF3J;NCF4;IGSF6;GZMB;CTSS;CAPG;HCLS1;TGFB1;WAS;IRF7;BCL10;IL1B;SOCS1;IL2RB;IL4R;EIF5A;ITGAL;HLA-DOA;IL2RG;PTPRC;LTB;PRF1;HLA-DMB;TLR1;HLA-DRA;GZMA;TLR2;CCL2;CCND2;CRTAM;TAP1;C2;CD1D;CD74;LY86;TAPBP;GPR65;ST8SIA4;CD3G;CXCR3;CD8A;IL18;HLA-DOB;CD7;LIF;GBP2;CCL5;ITK;CCR5;BCAT1;CCR1;FCGR2B;ELF4;IFNAR2;CD96;NCK1;FYB1;CCL4;BRCA1;CD247;STAT1;UBE2D1;ICAM1;CD47;CDKN2A;PTPN6;LCK;EIF4G3;RIPK2;FLNA;THY1"
"omit_onfh1","HALLMARK_TNFA_SIGNALING_VIA_NFKB",2.27073447094233,1.33930063950891e-12,1.67412579938613e-11,194,76,"CCL20;PTGS2;ACKR3;PLAU;IER3;TNFAIP8;CD44;PDE4B;SAT1;BCL2A1;TRIB1;EHD1;KLF6;TNIP1;PTPRE;DUSP4;GPR183;ABCA1;RELB;MAFF;AREG;PHLDA1;NR4A2;NINJ1;TNFAIP2;F3;CXCL10;FOSL2;TNFAIP6;KYNU;SDC4;GCH1;IL1B;TRAF1;TNFRSF9;RCAN1;MCL1;SERPINB8;ZC3H12A;PDLIM5;SPHK1;EDN1;IFIT2;B4GALT1;IFIH1;FJX1;SMAD3;TLR2;CCL2;TGIF1;SGK1;VEGFA;TAP1;SPSB1;STAT5A;TNC;MXD1;BTG1;SERPINE1;CEBPB;LAMB3;MAP2K3;SOD2;IL18;BTG3;G0S2;JAG1;TUBB2A;FOSB;LIF;CCL5;MAP3K8;SLC2A6;RNF19B;ATP2B1;SLC16A6"
"omit_onfh1","HALLMARK_INTERFERON_ALPHA_RESPONSE",2.27805529067621,3.03049742434876e-09,3.03049742434876e-08,94,46,"SELL;LAMP3;ISG15;LGALS3BP;LY6E;IFI27;IFITM1;HERC6;OAS1;RSAD2;CMPK2;ISG20;IFITM3;CXCL10;NCOA7;USP18;OASL;IFI44L;IRF7;HELZ2;MX1;IFIT3;TENT5A;IL4R;C1S;EPSTI1;IFIT2;IFI44;IFIH1;GMPR;SP110;PSME2;STAT2;TAP1;EIF2AK2;IFI35;CD74;SAMD9;GBP2;ADAR;ELF1;TRIM5;HLA-C;PARP14;PSMA3;TRIM14"
"omit_onfh1","HALLMARK_EPITHELIAL_MESENCHYMAL_TRANSITION",1.99873292835063,1.14173780370425e-07,9.51448169753542e-07,185,69,"SPP1;MGP;CTHRC1;POSTN;THBS1;TGFBI;CD44;TIMP1;COL6A2;SAT1;FSTL1;LUM;COL3A1;TGM2;BMP1;MMP2;ITGA5;AREG;BASP1;TNFRSF12A;FAP;PDLIM4;FBLN5;CAPG;ANPEP;TGFB1;SDC4;COL4A2;COL4A1;MMP14;SPARC;SERPINE2;COLGALT1;VCAM1;COL1A1;ITGAV;PLOD1;NOTCH2;SERPINH1;ECM1;ITGA2;PVR;PPIB;CXCL8;VIM;MFAP5;VEGFA;TNC;SERPINE1;ITGB1;SDC1;VEGFC;DPYSL3;SLIT2;LAMC1;GLIPR1;OXTR;FBLN2;EMP3;TPM4;LOXL2;ITGB3;EDIL3;COL5A1;EFEMP2;COL6A3;DCN;CXCL1;APLP1"
"omit_onfh1","HALLMARK_IL2_STAT5_SIGNALING",1.93624403154539,1.57105399674821e-07,1.12218142624872e-06,187,54,"SPP1;SELL;IL10;IL3RA;CD44;IL10RA;KLF6;SELP;TGM2;RORA;MAFF;PHLDA1;MYO1E;NDRG1;IFITM3;CXCL10;TLR7;CAPG;UCK2;TRAF1;TNFRSF9;NFKBIZ;GLIPR2;SOCS1;IL2RB;IL4R;PLAGL1;ITIH5;EMP1;ITGAV;LTB;SMPDL3A;ECM1;CST7;CA2;PRNP;CASP3;CCND2;PNP;CKAP4;MXD1;GSTO1;CD48;FURIN;GPR65;TNFRSF21;RRAGD;CDCP1;HK2;MAPKAPK2;LIF;ST3GAL4;MAP3K8;XBP1"
"omit_onfh1","HALLMARK_COMPLEMENT",1.92840812488058,2.90471616027086e-07,1.81544760016929e-06,172,56,"FCER1G;APOC1;SERPINA1;TIMP1;CTSB;FCN1;LCP2;DUSP6;EHD1;C1QA;C1R;GNG2;C1QC;MAFF;DOCK10;CR1;SERPING1;ATOX1;GZMB;S100A12;CTSS;F3;KYNU;WAS;COL4A2;IRF7;MMP14;MMP13;CD55;LTF;HSPA5;PDP1;S100A9;C1S;CDH13;PHEX;LGMN;PLA2G7;SPOCK2;PCLO;CA2;APOBEC3G;FDX1;GZMA;CBLB;CASP3;RASGRP1;C2;ME1;SIRT6;SERPINE1;CEBPB;GRB2;GZMK;GNAI3;CCL5"
"omit_onfh1","HALLMARK_MTORC1_SIGNALING",1.8686538774419,7.51781662032366e-07,4.1765647890687e-06,195,73,"ITGB2;SDF2L1;SLC7A5;PPA1;ARPC5L;EIF2S2;PSMB5;HSP90B1;MCM4;TRIB3;ENO1;ATP6V1D;SLA;TFRC;GAPDH;DHFR;CXCR4;HPRT1;HSPA5;LGMN;MTHFD2;IGFBP5;EDEM1;HSPA4;SLC7A11;CALR;ATP2A2;CORO1A;PDAP1;SCD;SERPINH1;POLR3G;PSMD14;TES;PSMC4;FDXR;TUBG1;PNP;PSMG1;PGK1;MTHFD2L;ME1;HSPA9;GSR;MAP2K3;PSME3;RRM2;HK2;PDK1;ETF1;NFKBIB;DAPP1;XBP1;ALDOA;RIT1;PSMD13;ERO1A;GPI;LDHA;ATP5MC1;EBP;BCAT1;FGL2;ASNS;YKT6;PSMA3;ACTR3;VLDLR;DDX39A;GLRX;SORD;EEF1E1;SLC1A4"
"omit_onfh1","HALLMARK_KRAS_SIGNALING_UP",1.85456931742205,2.1008370832256e-06,1.0504185416128e-05,167,39,"SPP1;CCL20;MMP9;PTGS2;ANGPTL4;PLAU;FCER1G;ITGB2;RETN;TRIB1;DUSP6;IL10RA;F13A1;SLPI;CTSS;CXCL10;PRELID3B;MPZL2;DOCK2;MMD;CXCR4;EPB41L3;IL1B;TRAF1;GPNMB;SPON1;ETV5;TOR1AIP2;CLEC4A;EMP1;IL2RG;LCP1;ITGA2;TMEM176B;GALNT3;CA2;ADAM17;MALL;CCND2"
"omit_onfh1","HALLMARK_IL6_JAK_STAT3_SIGNALING",1.88485929818634,6.70600729834343e-05,0.000304818513561065,75,27,"IL3RA;CD44;CSF3R;CSF2RB;TNFRSF12A;CXCL10;ITGA4;TGFB1;IL1B;SOCS1;IL4R;IL2RG;LTB;TLR2;STAT2;MYD88;TNFRSF21;GRB2;PTPN2;MAP3K8;PTPN1;OSMR;BAK1;CCR1;IL13RA1;ITGB3;CXCL1"
"omit_onfh1","HALLMARK_COAGULATION",1.8458820017525,9.90413080362576e-05,0.00041267211681774,96,29,"MMP9;PLAU;THBS1;CTSK;APOC1;SERPINA1;TIMP1;CTSB;DUSP6;DUSP14;C1QA;C1R;BMP1;MMP2;MAFF;ANXA1;CFD;SERPING1;F3;MMP14;SPARC;CFI;C1S;LGMN;ITGA2;PRSS23;C2;SERPINE1;FURIN"
"omit_onfh1","HALLMARK_UNFOLDED_PROTEIN_RESPONSE",1.76796981897979,0.00013659763774762,0.00052537552979854,108,45,"STC2;SLC7A5;EIF4EBP1;IFIT1;HSP90B1;HYOU1;ATF4;LSM1;SPCS3;ERN1;HSPA5;SRPRB;MTHFD2;EDEM1;CALR;CKS1B;KDELR3;DNAJC3;CCL2;SPCS1;VEGFA;ATP6V0D1;NHP2;HSPA9;CEBPB;GOSR2;ZBTB17;SEC31A;TUBB2A;XBP1;ERO1A;PDIA5;YWHAZ;ASNS;DCP1A;EIF4E;EIF4G1;YIF1A;DDX10;WIPI1;SLC1A4;DKC1;EXOSC4;TATDN2;LSM4"
"omit_onfh1","HALLMARK_ANGIOGENESIS",1.98424272651004,0.00023374228619687,0.000834793879274535,28,13,"SPP1;POSTN;TIMP1;SLCO2A1;FSTL1;LUM;COL3A1;S100A4;ITGAV;CCND2;VEGFA;TNFRSF21;JAG1"
"omit_onfh1","HALLMARK_MYC_TARGETS_V1",1.5751153867079,0.000649512292895281,0.0021650409763176,195,65,"NME1;EIF2S2;MRPL23;EIF3J;SRM;MCM4;PSMA2;PSMA6;PPM1G;HPRT1;SNRPA1;C1QBP;CTPS1;UBE2E1;TXNL4A;DUT;VDAC1;PABPC4;UBE2L3;PSMD14;PSMD7;AP3S1;PSMA7;PSMC4;DDX21;PGK1;EIF3B;RPLP0;NHP2;COX5A;CCT5;KPNA2;NAP1L1;SNRPG;ETF1;EIF4G2;YWHAE;PSMA1;CCT2;LDHA;GOT2;SNRPD1;PABPC1;DHX15;MAD2L1;EIF4E;PCNA;PSMD8;TUFM;TYMS;TFDP1;RANBP1;RAN;SRSF2;APEX1;ERH;CBX3;SSBP1;SET;TRIM28;FAM120A;CSTF2;PCBP1;SLC25A3;G3BP1"
"omit_onfh1","HALLMARK_FATTY_ACID_METABOLISM",-1.59694584034337,0.000759855352312694,0.00223486868327263,136,38,"XIST;INMT;EPHX1;MAOA;CD36;HSP90AA1;NTHL1;HMGCS1;LTC4S;AQP7;HSPH1;SERINC1;ACADS;IDI1;ADIPOR2;HSD17B11;ACSM3;ECI2;CA4;HADH;HSD17B7;MGLL;ACOX1;EHHADH;SDHD;KMT5A;PDHB;IDH1;GLUL;SLC22A5;ALDH9A1;BPHL;PTPRG;MLYCD;MCEE;AOC3;SUCLG1;RETSAT"
"omit_onfh1","HALLMARK_GLYCOLYSIS",1.57404175623084,0.000721385647812674,0.00223486868327263,172,58,"ANGPTL4;IER3;TGFBI;CD44;STC2;ISG20;ENO1;SDC2;SLC16A3;CXCR4;PKM;AGRN;HSPA5;CITED2;PLOD1;B4GALT1;B4GALT7;PYGB;KDELR3;PSMC4;VEGFA;PGAM1;PGK1;B4GALT2;ME1;RRAGD;SDC1;PMM2;HK2;EXT1;SPAG4;NSDHL;P4HA2;CHPF2;ALDOA;MIF;ERO1A;LDHA;GOT2;PYGL;PRPS1;IL13RA1;COL5A1;FAM162A;VLDLR;DCN;GLRX;GALE;IRS2;PC;AK3;CHST1;GMPPA;HOMER1;MDH2;TPBG;GNPDA1;MED24"
"omit_onfh1","HALLMARK_HYPOXIA",1.56316119635723,0.000980491547356229,0.00272358763154508,174,52,"ACKR3;ANGPTL4;IER3;TGFBI;STC2;PGF;KLF6;TGM2;RORA;MAFF;CAVIN3;FBP1;ISG20;NDRG1;ENO1;F3;FOSL2;GAPDH;SDC2;SDC4;CXCR4;HSPA5;HK1;CITED2;S100A4;KDELR3;TES;PLAC8;VEGFA;PGK1;BTG1;SERPINE1;RRAGD;HK2;EXT1;P4HA2;PDK1;PHKG1;ALDOA;MIF;SIAH2;ERO1A;GPI;LDHA;CA12;COL5A1;FAM162A;RBPJ;VLDLR;NEDD4L;DCN;GLRX"
"omit_onfh1","HALLMARK_DNA_REPAIR",1.51951496087412,0.00263220638200963,0.00692685890002533,148,49,"PDE4B;ADA;NME1;CMPK2;ZWINT;HCLS1;SEC61A1;COX17;TAF13;APRT;HPRT1;ITPA;MPC2;TAF9;ADRM1;DUT;ELOA;ELL;CANT1;PNP;GTF2A2;POLR1C;MRPL40;LIG1;USP11;POLR2F;SSRP1;PCNA;POLR2J;DGCR8;NT5C3A;POLD1;POLD4;DDB2;TYMS;VPS37B;AK3;SUPT5H;SNAPC4;NELFE;RALA;NT5C;STX3;POLR2D;IMPDH2;AK1;GUK1;CSTF3;TMED2"
"omit_onfh1","HALLMARK_OXIDATIVE_PHOSPHORYLATION",1.422904210854,0.00859642464340108,0.0214910616085027,200,88,"ATP6V1D;COX17;BAX;ATP5F1E;PDP1;UQCRFS1;TIMM17A;ATP6V0B;COX10;ATP6V0E1;VDAC1;MRPL15;FDX1;LDHB;ATP6V1F;NDUFA1;UQCR11;COX5A;UQCRQ;HSPA9;ATP6V1G1;NDUFS6;NDUFB2;COX7A2;NDUFA7;TIMM13;GRPEL1;SLC25A5;ISCA1;TIMM8B;ATP6AP1;POLR2F;GPI;LDHA;NDUFS8;ATP5MC1;GOT2;ATP6V1H;NDUFB8;HCCS;NDUFC2;ATP5ME;ATP5F1D;CS;NDUFB4;NDUFS2;MRPS12;MDH2;DLAT;NDUFV2;NDUFS3;DLST;ACADVL;SLC25A3;NDUFB1;UQCRC1;MAOB;NNT;ATP5F1B;TIMM50;ATP5MF;NDUFA9;ATP5F1C;IDH3A;VDAC2;OGDH;SLC25A6;TOMM22;ATP5MC3;COX7C;AIFM1;ATP5PD;COX6B1;SUCLA2;ATP5PB;CYC1;IMMT;NDUFA4;MRPL11;MTRF1;PRDX3;TCIRG1;MTX2;HTRA2;NDUFA3;ETFA;OPA1;SDHA"
"omit_onfh1","HALLMARK_APICAL_JUNCTION",1.41381132359853,0.00958670943112038,0.0228254986455247,160,40,"MMP9;CADM3;TGFBI;CD276;BMP1;MMP2;CLDN11;MPZL2;TRAF1;EVL;CLDN15;NECTIN2;ITGA3;ADAM23;VCAM1;CD99;VASP;CD209;PTPRC;B4GALT1;ITGA2;MDK;TUBG1;RSU1;ITGB1;LAMB3;YWHAH;SLIT2;JAM3;PARD6G;MPZL1;ZYX;MAPK11;ACTN1;MSN;ACTN4;NECTIN1;PFN1;RAC2;SPEG"
"omit_onfh1","HALLMARK_P53_PATHWAY",1.36666307990523,0.011404433216175,0.0249222980027521,186,48,"IER3;SAT1;RRAD;ADA;PTPRE;AEN;PERP;INHBB;ZMAT3;NINJ1;NDRG1;TRIB3;SEC61A1;TGFB1;FBXW7;BAX;VDR;TRAF4;TAX1BP3;PLK3;SOCS1;CDH13;PITPNC1;S100A4;SPHK1;SLC7A11;RALGDS;CCND2;FDXR;TAP1;LDHB;RPS27L;MXD1;BTG1;EPS8L2;SDC1;LIF;RNF19B;CCNK;COQ8A;BAK1;PDGFA;PCNA;JAG2;GM2A;FAM162A;WRAP73;DDB2"
"omit_onfh1","HALLMARK_UV_RESPONSE_DN",-1.47754157104086,0.011464257081266,0.0249222980027521,134,42,"MT1E;PPARG;CDKN1B;ID1;TGFBR2;RXRA;TFPI;MYC;KIT;SMAD7;TGFBR3;PRKAR2B;SYNE1;CAV1;PHF3;NR1D2;GCNT1;AKT3;MAGI2;NEK7;RND3;KALRN;DBP;AGGF1;ADD3;ARHGEF9;MGLL;CDC42BPA;CDK13;SIPA1L1;NRP1;SCAF8;NR3C1;MRPS31;ICA1;MAPK14;TJP1;ATRN;NFIB;PLCB4;BMPR1A;FZD2"
"omit_onfh1","HALLMARK_ESTROGEN_RESPONSE_EARLY",1.32849277565756,0.0374479889042996,0.0780166435506241,163,52,"CD44;RRP12;RAB31;STC2;SLC7A5;PDLIM3;TGM2;INHBB;AREG;PMAIP1;CLIC3;FASN;AQP3;DLC1;KRT18;PTGES;BCL11B;B4GALT1;RASGRP1;CANT1;PRSS23;RAPGEFL1;CBFA2T3;ALDH3B1;HR;SLC1A1;BAG1;KCNK5;TBC1D30;XBP1;ELF1;SIAH2;RHOD;PAPSS2;ISG20L2;NBL1;MAST4;CA12;KRT8;LRIG1;SLC1A4;ASB13;TTC39A;RHOBTB3;SVIL;MYBL1;SEC14L2;ADCY9;TPBG;NRIP1;MED24;OLFML3"
"omit_onfh1","HALLMARK_BILE_ACID_METABOLISM",-1.34125691331772,0.056958134938738,0.11250654107797,84,24,"CAT;RXRA;EPHX2;AR;BMP6;PEX19;IDI1;LIPE;CYP7B1;HSD17B11;ISOC1;PEX26;ABCA3;HACL1;SOD1;PHYH;IDH1;ALDH9A1;NR3C2;MLYCD;SCP2;PEX11A;RETSAT;ATXN1"
"omit_onfh1","HALLMARK_E2F_TARGETS",1.28396179246452,0.0585034013605442,0.11250654107797,198,63,"NME1;LYAR;TK1;JPT1;E2F8;MCM4;SPC25;TFRC;CHEK1;CNOT9;RAD51AP1;LMNB1;MTHFD2;CTPS1;TUBB;DUT;SPAG5;CKS1B;TUBG1;BUB1B;ORC6;RRM2;KPNA2;PNN;NAP1L1;LIG1;CDKN3;PAICS;WEE1;DCLRE1B;AK2;SSRP1;PRPS1;MAD2L1;PCNA;SNRPB;HELLS;CIT;DDX39A;POLD1;MCM3;RANBP1;RAN;SRSF2;BRCA1;POLE;TRIP13;CHEK2;MYBL2;DNMT1;DCTPP1;MMS22L;CDKN2A;KIF18B;MXD3;ASF1B;HUS1;WDR90;HMGA1;UBE2T;NAA38;RAD1;DCK"
"omit_onfh1","HALLMARK_TGF_BETA_SIGNALING",-1.34470681858379,0.0649350649350649,0.12025012025012,52,21,"ID2;CDKN1C;ID1;ID3;FNTA;SMAD7;KLF10;SKIL;HIPK2;SPTBN1;ACVR1;SMAD6;JUNB;BMP2;CDK9;TJP1;BMPR1A;SMAD1;ENG;TGFBR1;TRIM33"
"omit_onfh1","HALLMARK_ANDROGEN_RESPONSE",1.33396410817742,0.072700296735905,0.129821958456973,92,29,"TNFAIP8;RRP12;SAT1;NDRG1;CENPN;SPCS3;PDLIM5;ELL2;ITGAV;B4GALT1;SCD;SRP19;ADRM1;SGK1;SEC24D;VAPA;ALDH1A3;GSR;GNAI3;ABCC4;ACTN1;HPGD;KRT8;SORD;DBI;CAMKK2;GUCY1A1;UBE2I;IQGAP2"
"omit_onfh1","HALLMARK_APOPTOSIS",1.25771872482738,0.0772532188841202,0.133195204972621,152,40,"LMNA;IER3;CD44;TIMP1;SAT1;CD2;LUM;MMP2;ANXA1;TNFRSF12A;PMAIP1;ISG20;IFITM3;GCH1;BAX;BCL10;IL1B;KRT18;MCL1;EMP1;PRF1;DNAJC3;CASP3;CCND2;FDXR;TAP1;GSR;SOD2;IL18;BTG3;LEF1;PLCB2;ETF1;TSPO;GNA15;DNM1L;WEE1;DFFA;EBP;MGMT"
"omit_onfh1","HALLMARK_MYOGENESIS",1.22318045001553,0.107042253521127,0.178403755868545,155,39,"COL6A2;STC2;BDKRB2;COL3A1;CFD;IGFBP7;IGF1;PDLIM7;TGFB1;COL4A2;COL15A1;AGRN;SPARC;LSP1;CKB;CDH13;COL1A1;SPHK1;AEBP1;SCD;SCHIP1;PTP4A3;GJA5;PRNP;APLNR;MEF2D;TPM3;ITGB1;BAG1;ATP6AP1;RIT1;OCEL1;MYOM2;COL6A3;SPEG;PKIA;MYL6B;PC;SVIL"
"omit_onfh1","HALLMARK_ADIPOGENESIS",-1.18583752706971,0.118320610687023,0.189879209370425,190,39,"LPL;CAVIN2;ESYT1;SPARCL1;CAT;CD36;PPARG;BCL6;FABP4;NABP1;GPX4;EPHX2;LTC4S;FZD4;ITSN1;VEGFB;GPX3;ACADS;LIPE;ADIPOR2;TST;CD302;SORBS1;DBT;HADH;MGLL;ACOX1;CAVIN1;OMD;CMBL;SOD1;CD151;JAGN1;PHYH;CDKN2C;IDH1;ATP5PO;LIFR;IFNGR1"
"omit_onfh1","HALLMARK_PI3K_AKT_MTOR_SIGNALING",1.25972871838118,0.121522693997072,0.189879209370425,96,30,"HSP90B1;TRIB3;SLA;CXCR4;ARHGDIA;IL2RG;CALR;STAT2;MYD88;ARPC3;PPP1CA;MAP2K3;GRB2;PDK1;NFKBIB;DAPP1;RALB;RIT1;DUSP3;CFL1;EIF4E;PFN1;ACTR3;CAMK4;PPP2R1B;NCK1;ACTR2;E2F1;LCK;AKT1S1"
"omit_onfh1","HALLMARK_PEROXISOME",-1.19613427820266,0.137313432835821,0.20805065581185,86,23,"CAT;EPHX2;CADM1;IDI1;HSD17B11;CNBP;ECI2;ISOC1;ACOX1;DHRS3;EHHADH;SOD1;TOP2A;IDH1;ABCB9;ALDH9A1;PEX11B;MLYCD;SLC25A4;SCP2;PEX11A;RETSAT;ATXN1"
"omit_onfh1","HALLMARK_APICAL_SURFACE",-1.24065107631791,0.162234042553191,0.238579474342929,35,11,"AFAP1L2;HSPB1;RTN4RL1;ADIPOR2;CRYBG1;AKAP7;EPHB4;FLOT2;APP;ATP8B1;GATA3"
"omit_onfh1","HALLMARK_UV_RESPONSE_UP",1.15629168997908,0.177325581395349,0.253322259136213,142,42,"RRAD;PDLIM3;MRPL23;TFRC;GCH1;MMP14;AQP3;EPCAM;PDAP1;CA2;CDC34;CASP3;RASGRP1;DDX21;TAP1;ATP6V1F;BTG1;FURIN;SOD2;GRINA;BTG3;GRPEL1;BSG;CLTB;FOSB;ALDOA;SIGMAR1;GAL;BAK1;ASNS;NUP58;YKT6;FGF18;WIZ;DGAT1;AGO2;CDKN2B;BID;TUBA4A;ICAM1;PSMC3;AP2S1"
"omit_onfh1","HALLMARK_ESTROGEN_RESPONSE_LATE",1.15131516301578,0.1931330472103,0.266433626055077,152,35,"SERPINA1;CD44;RAB31;SLC7A5;PDLIM3;PERP;AREG;ISG20;CLIC3;HPRT1;LTF;S100A9;CKB;PTGES;CA2;DNAJC12;SNX10;SGK1;MDK;PRSS23;RAPGEFL1;LSR;ALDH3B1;HR;BTG3;JAK1;BAG1;KCNK5;XBP1;SIAH2;PAPSS2;GAL;NBL1;DNAJC1;CA12"
"omit_onfh1","HALLMARK_MYC_TARGETS_V2",1.2012245304219,0.197160883280757,0.266433626055077,57,26,"RRP12;SRM;MCM4;WDR43;IPO4;FARSA;IMP4;HK2;NDUFAF4;NIP7;SORD;WDR74;CBX3;DCTPP1;GRWD1;NOC4L;RABEPK;TFB2M;DUSP2;NOP2;RRP9;PA2G4;GNL3;EXOSC5;NPM1;AIMP2"
"omit_onfh1","HALLMARK_REACTIVE_OXYGEN_SPECIES_PATHWAY",1.16412896418984,0.225859247135843,0.297183219915583,49,19,"HMOX2;ATOX1;PDLIM1;LSP1;SBNO2;PRNP;GSR;SOD2;LAMTOR5;SELENOS;GLRX2;GLRX;NDUFB4;NDUFS2;FTL;FES;STK25;PTPA;PFKP"
"omit_onfh1","HALLMARK_NOTCH_SIGNALING",-1.0491641184999,0.350785340314136,0.43848167539267,31,10,"LFNG;DLL1;CCND1;FZD5;KAT2A;HES1;NOTCH1;FZD7;PSEN2;APH1A"
"omit_onfh1","HALLMARK_PANCREAS_BETA_CELLS",-1.06160421325993,0.348130841121495,0.43848167539267,14,3,"MAFB;DPP4;AKT3"
"omit_onfh1","HALLMARK_SPERMATOGENESIS",-1.01330956352723,0.427692307692308,0.521575984990619,76,21,"SPATA6;SIRT1;LDHC;HSPA1L;ELOVL3;MAP7;BRAF;AGFG1;TSN;STAM2;EZH2;CSNK2A2;CDK1;SHE;RAD17;AURKA;CCT6B;VDAC3;HSPA2;ADCYAP1;ZC2HC1C"
"omit_onfh1","HALLMARK_HEDGEHOG_SIGNALING",-0.976989747616643,0.512886597938144,0.598693759071118,28,8,"NRP2;DPYSL2;PTCH1;CDK6;NRP1;LDB1;CDK5R1;ETS2"
"omit_onfh1","HALLMARK_HEME_METABOLISM",0.976722271843523,0.524544179523142,0.598693759071118,177,34,"ACP5;CTSB;SNCA;BLVRA;DAAM1;PSMD9;TFRC;AQP3;NUDT4;OPTN;ELL2;SLC7A11;SMOX;AGPAT4;MOCOS;CA2;HTATIP2;SLC22A4;HBB;GDE1;MAP2K3;KDM7A;YPEL5;P4HA2;BSG;ISCA1;GLRX5;ARHGEF12;ADIPOR1;UCP2;SLC25A37;ASNS;ATG4A;RNF123"
"omit_onfh1","HALLMARK_XENOBIOTIC_METABOLISM",0.976917833226458,0.526850507982583,0.598693759071118,148,33,"APOE;LEAP2;FBP1;NINJ1;IGF1;AQP9;KYNU;GCH1;SLC35B1;HPRT1;ARG2;PDLIM5;PTGES;ATP2A2;SMOX;TMEM176B;CA2;GSTO1;SERPINE1;GSR;NPC1;PYCR1;PAPSS2;BCAT1;SLC46A3;SSR3;PTS;VNN1;AHCY;GART;ITIH4;PC;NMT1"
"omit_onfh1","HALLMARK_WNT_BETA_CATENIN_SIGNALING",-0.960630233462876,0.542234332425068,0.602482591583409,38,10,"FZD8;MYC;DLL1;NOTCH4;PTCH1;KAT2A;DVL2;FRAT1;WNT5B;NCOR2"
"omit_onfh1","HALLMARK_MITOTIC_SPINDLE",-0.948440714485108,0.618677042801556,0.672475046523431,195,57,"MYH10;GSN;DST;NET1;TIAM1;ITSN1;PCGF5;SPTBN1;UXT;SOS1;EPB41L2;HOOK3;ARHGAP5;LATS1;MAP3K11;NUMA1;RACGAP1;FGD6;CDC42BPA;ARAP3;PKD2;LRPPRC;TSC1;TOP2A;KIF20B;ALS2;RASAL2;CENPE;CDK1;ALMS1;SPTAN1;PCM1;RAB3GAP1;AURKA;RFC1;HDAC6;SORBS2;FGD4;CDC27;ABR;FSCN1;TRIO;MARCKS;BCAR1;SMC4;FBXO5;SMC3;PLK1;LLGL1;RHOT2;RAPGEF6;ABI1;TUBD1;CCDC88A;RAPGEF5;SMC1A;ARFGEF1"
"omit_onfh1","HALLMARK_KRAS_SIGNALING_DN",-0.887370711213879,0.73125,0.777925531914894,93,9,"LFNG;SELENOP;THRB;MTHFR;TCF7L1;VPS50;GPRC5C;SKIL;SPHK2"
"omit_onfh1","HALLMARK_CHOLESTEROL_HOMEOSTASIS",0.740804134925616,0.900149031296572,0.911444141689373,69,12,"S100A11;TNFRSF12A;TRIB3;FASN;LGMN;ATF5;SCD;NSDHL;JAG1;FBXO6;EBP;ALCAM"
"omit_onfh1","HALLMARK_G2M_CHECKPOINT",0.799869492587636,0.911444141689373,0.911444141689373,193,47,"SLC7A5;HIF1A;JPT1;KIF15;TGFB1;CHEK1;UCK2;LMNB1;ATF5;NOTCH2;SMAD3;CKS1B;SLC7A1;ORC6;RBM14;KPNA2;CDKN3;DBF4;NDC80;E2F3;SNRPD1;MAD2L1;NUSAP1;DDX39A;SLC38A1;TFDP1;MCM3;TRAIP;SRSF2;TENT4A;DKC1;POLE;RPS6KA5;MYBL2;SS18;SRSF10;E2F1;G3BP1;NCL;EXO1;HUS1;INCENP;CENPA;PRMT5;HMGA1;ABL1;PRC1"
"omit_onfh1","HALLMARK_PROTEIN_SECRETION",0.772907836116055,0.879821958456973,0.911444141689373,92,16,"ATP1A1;ABCA1;TMED10;KRT18;RER1;AP3S1;SEC24D;GOLGA4;CD63;GOSR2;SEC31A;DNM1L;ATP6V1H;AP2B1;YKT6;NAPG"
"omit_onfh2","HALLMARK_ALLOGRAFT_REJECTION",2.49021205278189,3.10010300475531e-16,1.55005150237766e-14,179,79,"MMP9;GZMB;ITGB2;CD3D;CD3G;CD2;PRF1;IL10;TIMP1;IL2RG;HLA-DOA;CD3E;ITK;SPI1;HCLS1;INHBB;LCP2;GZMA;PTPRC;ITGAL;CRTAM;CD8B;CD247;EIF3J;WAS;KLRD1;CD1D;NME1;CD7;NCK1;IL4R;CD74;IL1B;IGSF6;CD96;IFNGR1;CD8A;ZAP70;CCL4;CCL5;SOCS1;HLA-DRA;HLA-DMB;EIF5A;BCAT1;LY75;LCK;CXCR3;CTSS;SIT1;TGFB1;IL2RB;HLA-DMA;LTB;GPR65;FLNA;PRKCB;RPS19;RPL39;CCR5;TLR6;CD28;HIF1A;NLRP3;CCR1;NCR1;CCND3;ELF4;BCL10;CSK;THY1;CD40LG;STAT4;CCR2;CDKN2A;ETS1;HLA-DQA1;IL18RAP;LIF"
"omit_onfh2","HALLMARK_G2M_CHECKPOINT",-2.3893439058215,3.65551826113729e-14,9.13879565284323e-13,192,83,"MEIS2;MKI67;CKS2;NOLC1;FBXO5;BIRC5;CCND1;KMT5A;EZH2;CDKN1B;CCNF;MYC;UBE2C;MT2A;TOP2A;STMN1;HNRNPU;TPX2;UBE2S;AMD1;CCNT1;CHAF1A;E2F1;CENPF;KIF11;PTTG1;AURKA;CDC20;HMMR;CUL3;PBK;E2F2;CTCF;KATNA1;NUP98;CDC25A;SFPQ;MCM6;NEK2;ORC5;CDC27;BUB1;XPO1;TRA2B;AURKB;PURA;KNL1;RACGAP1;LBR;CCNB2;CENPA;ODC1;PLK1;BCL3;NASP;TACC3;HMGB3;CDK1;PDS5B;KIF4A;STAG1;NUSAP1;TROAP;STIL;TLE3;CENPE;KIF2C;SAP30;CCNA2;MYBL2;CDC6;POLQ;KIF22;DTYMK;RAD54L;SMC1A;MAPK14;E2F4;ORC6;CASP8AP2;MCM5;CDC7;TRAIP"
"omit_onfh2","HALLMARK_COAGULATION",2.26694032236545,2.4755163013497e-09,4.1258605022495e-08,98,37,"MMP9;CTSK;APOC1;TIMP1;BMP1;PLAU;F3;DUSP6;DUSP14;CTSB;KLF7;MMP2;MMP14;C1R;PRSS23;SPARC;ITGA2;WDR1;C1QA;THBS1;MMP3;CFI;SERPINB2;ANXA1;FYN;CASP9;VWF;LGMN;S100A13;CFH;P2RY1;PDGFB;SERPINE1;GNB2;CFD;PREP;SERPINA1"
"omit_onfh2","HALLMARK_COMPLEMENT",1.91074317922625,4.7824996382792e-07,5.978124547849e-06,173,55,"GZMB;APOC1;FCER1G;MMP13;TIMP1;F3;GNG2;DUSP6;CTSB;MMP14;C1R;LCP2;ATOX1;GZMA;FCN1;KYNU;GZMK;WAS;COL4A2;CDA;RASGRP1;DOCK10;C1QA;ITGAM;DOCK9;CCL5;SERPINB2;EHD1;SPOCK2;CBLB;FYN;PLA2G7;CASP9;LCK;CTSS;CPM;HSPA5;CA2;LGMN;S100A13;APOBEC3G;CFH;FDX1;PDGFB;SERPINE1;CASP3;CASP7;PIK3CA;XPNPEP1;GNB2;PIK3R5;S100A12;PREP;SERPINA1;DOCK4"
"omit_onfh2","HALLMARK_KRAS_SIGNALING_UP",1.81426197597107,1.2374930531403e-05,0.000103124421095025,169,40,"SPP1;MMP9;ITGB2;CCL20;FCER1G;ALDH1A3;CXCL10;IL2RG;PLAU;DUSP6;KIF5C;IL10RA;MPZL2;IKZF1;SLPI;ANGPTL4;GALNT3;PLEK2;MMD;ITGA2;PDCD1LG2;CXCR4;LCP1;TRAF1;IL1B;SPON1;PRELID3B;EPHB2;TMEM158;JUP;PTGS2;CTSS;CA2;ETV5;PLVAP;CFH;TOR1AIP2;DOCK2;TMEM176B;IL7R"
"omit_onfh2","HALLMARK_TNFA_SIGNALING_VIA_NFKB",-1.78530238569696,1.19765539641332e-05,0.000103124421095025,194,36,"GADD45B;IRF1;TNFSF9;KLF10;IER5;BCL6;CD83;JUNB;NFIL3;SLC2A3;KLF4;SOCS3;IER2;EGR2;HES1;LITAF;EGR3;ID2;ZFP36;FOS;CCND1;JUN;BHLHE40;ATF3;PNRC1;CCNL1;MYC;NR4A3;IFIT2;BTG2;NR4A2;LDLR;KLF2;PLK2;CEBPD;BMP2"
"omit_onfh2","HALLMARK_OXIDATIVE_PHOSPHORYLATION",1.77899264166586,2.03126959609108e-05,0.000145090685435077,200,82,"NDUFV2;COX17;NDUFA7;TIMM10;ATP5F1E;NDUFA1;BAX;ATP5ME;NDUFB1;UQCRB;UQCRQ;UQCRFS1;UQCR11;ATP5MF;COX7A2;COX7C;TIMM17A;TIMM8B;NDUFS6;NDUFA3;ATP6V1F;ATP6V1G1;ATP6V1E1;COX10;ATP6V0E1;FDX1;NDUFS8;GPI;MRPL15;NDUFB4;ATP5MC1;GOT2;ATP6V1D;CASP7;NDUFB6;DLST;ATP6V0B;TOMM22;DECR1;COX6C;NDUFC2;COX6B1;DLD;ATP5F1D;NDUFB8;NDUFAB1;SLC25A6;VDAC1;MTX2;LDHB;POLR2F;PDP1;COX5A;SDHA;ACADVL;NDUFB2;COX7B;TCIRG1;HSD17B10;UQCRC1;ATP5F1C;ATP5MG;NDUFA9;ISCA1;MRPL34;GRPEL1;MFN2;TIMM50;PDK4;NDUFB3;MGST3;ATP6V1H;SDHB;ATP6AP1;VDAC2;TIMM13;NNT;NDUFC1;NDUFS2;ATP6V0C;NDUFS3;NDUFA6"
"omit_onfh2","HALLMARK_E2F_TARGETS",-1.7408783222596,5.24605475722046e-05,0.000327878422326279,198,56,"MKI67;CKS2;NOLC1;BIRC5;EZH2;CDKN1B;MYC;TOP2A;STMN1;DIAPH3;UBE2S;PPM1D;PTTG1;AURKA;CDC20;HMMR;CTCF;BRMS1L;RRM2;CDC25A;USP1;MCM6;CCNE1;ASF1B;PSIP1;ATAD2;XPO1;TRA2B;AURKB;MELK;ING3;DLGAP5;RACGAP1;LBR;CDKN1A;KIF18B;CCNB2;SMC6;HMGB2;HELLS;PLK1;NASP;TACC3;HMGB3;CDK1;PMS2;PDS5B;NOP56;KIF4A;STAG1;CBX5;CENPE;NUP153;KIF2C;RBBP7;MCM7"
"omit_onfh2","HALLMARK_APICAL_JUNCTION",1.77579496361384,7.19282762096138e-05,0.000399601534497854,161,51,"MMP9;CD276;BMP1;TGFBI;JAM3;RAC2;MMP2;PCDH1;MPZL2;CD99;PTPRC;CADM3;LAMB3;ITGA2;MPZL1;TRAF1;ITGB1;JUP;ACTN4;MADCAM1;MAPK13;SLIT2;B4GALT1;VWF;EVL;RSU1;CLDN15;CX3CL1;MVD;MSN;CLDN5;CD274;VASP;LDLRAP1;YWHAH;SHC1;ADAM15;ITGA3;TUBG1;ITGB4;THY1;CAP1;CNN2;SYK;ZYX;ACTB;PFN1;ITGA10;FLNC;SYMPK;CLDN11"
"omit_onfh2","HALLMARK_EPITHELIAL_MESENCHYMAL_TRANSITION",1.67255147410685,9.56953559025506e-05,0.000478476779512753,186,43,"SPP1;CTHRC1;LUM;POSTN;CD44;TIMP1;BMP1;COL6A2;TGFBI;MMP2;MMP14;MGP;ITGA5;FAP;SPARC;FSTL1;ANPEP;PDLIM4;FBLN5;ITGA2;COL4A1;COL4A2;COL12A1;THBS1;DCN;GLIPR1;TGM2;COL3A1;MMP3;SERPINE2;PLOD1;ITGB1;LAMC1;COL1A1;AREG;SLIT2;LOXL2;TGFB1;COLGALT1;PPIB;ITGAV;SERPINE1;FLNA"
"omit_onfh2","HALLMARK_ANGIOGENESIS",1.95433149920818,0.000313031934810053,0.00142287243095479,28,13,"SPP1;LUM;POSTN;TIMP1;S100A4;SLCO2A1;FSTL1;COL3A1;TNFRSF21;JAG1;ITGAV;KCNJ8;PDGFA"
"omit_onfh2","HALLMARK_TGF_BETA_SIGNALING",-1.86967899671461,0.000768817082004715,0.00320340450835298,52,11,"KLF10;ID1;SMAD7;JUNB;ID3;ID2;SKIL;CDKN1C;SMAD6;ARID4B;BMP2"
"omit_onfh2","HALLMARK_INFLAMMATORY_RESPONSE",1.50736278917556,0.00265627326559441,0.0102164356369016,178,45,"CCL20;IL10;SELL;TIMP1;CXCL10;F3;PTPRE;IL10RA;MMP14;ITGA5;LCP2;APLNR;CD48;RNF144B;TNFAIP6;PDE4B;LAMP3;IL4R;KLF6;RASGRP1;IL1B;SLC31A2;CCL5;CD69;CCR7;KCNJ2;SELENOS;CSF3;IL18R1;LCK;CX3CL1;IL2RB;RGS1;CYBB;SERPINE1;ITGB8;IL7R;CSF3R;LY6E;PIK3R5;HIF1A;NLRP3;ABCA1;PTAFR;AQP9"
"omit_onfh2","HALLMARK_UV_RESPONSE_UP",-1.51380831253271,0.00459304539002425,0.0164037335358009,142,36,"DNAJB1;IRF1;JUNB;HSPA2;FOS;IGFBP2;ATF3;HLA-F;CDKN1C;BTG2;DNAJA1;HNRNPU;AMD1;POLG2;BMP2;SLC25A4;GLS;NR4A1;TST;EIF5;ALAS1;CCNE1;CHKA;PPIF;EPHX1;PRKCD;CREG1;PRPF3;EIF2S3;CDO1;FGF18;FOSB;CTSV;TYRO3;RHOB;RAB27A"
"omit_onfh2","HALLMARK_DNA_REPAIR",1.49947636701068,0.00535942308766244,0.0178647436255415,148,59,"ADA;HCLS1;COX17;PDE4B;NME1;TAF13;CDA;ITPA;TAF9;GTF2A2;NT5C;SEC61A1;BCAP31;DDB2;DGCR8;MPC2;LIG1;POLR2J;SSRP1;POLD1;TAF6;RBX1;POLR2I;RNMT;DGUOK;SNAPC5;AK1;ELOA;ADRM1;POLR2F;RALA;CETN2;HPRT1;AK3;TP53;SUPT5H;PDE6G;IMPDH2;CSTF3;RPA3;POLR2D;APRT;GTF2H5;PNP;CANT1;TARBP2;POLR3C;SUPT4H1;RFC4;UPF3B;ZWINT;MRPL40;NELFE;VPS37B;TMED2;BOLA2;NELFCD;POLR2H;ERCC3"
"omit_onfh2","HALLMARK_MITOTIC_SPINDLE",-1.3867623934577,0.0091463931813453,0.0285824786917041,195,69,"FBXO5;TIAM1;BIRC5;TOP2A;MYH10;TPX2;CENPF;KIF11;AURKA;DST;PCGF5;TUBD1;SPTAN1;KATNA1;CCDC88A;MAP3K11;NEK2;UXT;LLGL1;LATS1;TSC1;CDC27;FGD6;BUB1;DLGAP5;PCM1;RACGAP1;EZR;ALS2;CCNB2;ITSN1;PLK1;CSNK1D;ANLN;CDC42BPA;PPP4R2;CDK1;CLIP1;KIF4A;KPTN;EPB41;SOS1;PCNT;NUSAP1;RHOT2;CENPE;TUBGCP2;KIF2C;BCAR1;ECT2;RANBP9;RASA1;CEP192;FGD4;FARP1;RAB3GAP1;KIF22;EPB41L2;SMC1A;CLIP2;CNTRL;HDAC6;MID1;NET1;SMC4;KIF1B;RASAL2;SAC3D1;ROCK1"
"omit_onfh2","HALLMARK_UV_RESPONSE_DN",-1.46620984849059,0.00981824985211209,0.0288772054473885,137,49,"ID1;SMAD7;PRKAR2B;MMP16;GCNT1;BHLHE40;CDKN1B;MYC;PPARG;LDLR;RND3;MAGI2;MGLL;NRP1;DBP;TGFBR3;ANXA4;PLCB4;NR1D2;RUNX1;ARHGEF9;MT1E;CAP2;SYNE1;TGFBR2;ICA1;DYRK1A;DUSP1;CDC42BPA;LPAR1;PRDM2;KALRN;NR3C1;ATXN1;SFMBT1;PLPP3;PTGFR;CAV1;INSIG1;AKT3;MAP2K5;TFPI;PTPN21;BMPR1A;MAPK14;AGGF1;RXRA;TJP1;MRPS31"
"omit_onfh2","HALLMARK_IL2_STAT5_SIGNALING",1.36380505356771,0.0140411060793938,0.0390030724427604,189,41,"SPP1;IL10;SELL;CD44;CXCL10;IL3RA;IL10RA;CD48;CST7;ITIH5;ST3GAL4;IL4R;KLF6;DHRS3;TRAF1;IFNGR1;PHLDA1;UCK2;TGM2;HOPX;SOCS1;LCLAT1;IL18R1;NDRG1;CA2;TNFRSF21;IL2RB;IFITM3;EOMES;LTB;BATF;SMPDL3A;ITGAV;GPR65;AHCY;CASP3;GSTO1;CTLA4;RABGAP1L;RHOH;MUC1"
"omit_onfh2","HALLMARK_BILE_ACID_METABOLISM",-1.45137719644905,0.0169757834926376,0.0446731144543095,86,27,"CAT;IDI1;AR;CYP7B1;CH25H;ISOC1;LIPE;KLF1;ALDH9A1;MLYCD;BMP6;PHYH;ABCA4;SOD1;HACL1;GCLM;EPHX2;FADS1;NR3C2;PEX19;ATXN1;SLC35B2;PXMP2;ABCA6;CYP46A1;IDH1;RXRA"
"omit_onfh2","HALLMARK_ESTROGEN_RESPONSE_LATE",-1.37417895005592,0.0183264896781905,0.0458162241954762,154,44,"FOXC1;KLF4;CPE;PRKAR2B;EGR3;ID2;ZFP36;TIAM1;FOS;CCND1;CHPT1;TOB1;GLA;TOP2A;SEMA3B;SLC16A1;CDC20;HOMER2;MEST;TST;KIF20A;PPIF;CXCL12;NAB2;BLVRB;FABP5;GPER1;TFF3;MOCS2;RABEP1;NXT1;FRK;OPN3;STIL;UGDH;CAV1;OLFM1;FGFR3;WFS1;CDC6;IMPA2;ACOX2;FARP1;JAK2"
"omit_onfh2","HALLMARK_SPERMATOGENESIS",-1.44652045421415,0.0269177706180484,0.0640899300429724,77,29,"HSPA2;SIRT1;LDHC;EZH2;AGFG1;CSNK2A2;AURKA;ELOVL3;SHE;BRAF;NEK2;BUB1;DMC1;ADCYAP1;SPATA6;ZC2HC1C;CCNB2;HSPA1L;CDK1;ACRBP;KIF2C;CNIH2;STAM2;PRKAR2A;IP6K1;ZC3H14;TOPBP1;TSN;PHKG2"
"omit_onfh2","HALLMARK_FATTY_ACID_METABOLISM",-1.35705462108742,0.0408518103256453,0.0888082833166202,136,25,"XIST;ACADS;HSP90AA1;HMGCS1;ACSM3;HSPH1;KMT5A;IDI1;EHHADH;MGLL;LGALS1;GABARAPL1;ALDH9A1;AQP7;EPHX1;MLYCD;CBR3;INMT;CD36;SDHD;ODC1;LTC4S;ACOX1;BPHL;CA4"
"omit_onfh2","HALLMARK_HEME_METABOLISM",-1.27340201828149,0.0405130827059619,0.0888082833166202,177,52,"CAT;SLC4A1;CA1;ICAM4;TENT5C;BTRC;BTG2;SLC25A38;BMP2K;ALAS2;HBD;PDZK1IP1;ENDOD1;E2F2;BACH1;KLF1;SELENBP1;MBOAT2;AHSP;ALDH6A1;TSPAN5;USP15;CDC27;RHAG;MXI1;ABCB6;TMCC2;BLVRB;RCL1;GCLM;CDR2;MPP1;NARF;CAST;DCAF11;VEZF1;ALAD;KLF3;LPIN2;EPB41;DCAF10;NR3C1;SDCBP;EPOR;BNIP3L;SLC30A1;HEBP1;RBM38;EIF2AK1;GYPB;PPOX;PICALM"
"omit_onfh2","HALLMARK_APOPTOSIS",-1.29039974626106,0.0516013381147143,0.103079500064425,152,33,"GADD45B;IRF1;SMAD7;DDIT3;EGR3;HSPB1;CCND1;JUN;FEZ1;ATF3;CDKN1B;BTG2;TOP2A;DNAJA1;CD14;TNFSF10;BMP2;PPP3R1;SPTAN1;BMF;TGFBR3;CTH;SLC20A1;FAS;GPX4;SOD1;CDKN1A;CREBBP;HMGB2;RHOB;PLAT;ANKH;TIMP2"
"omit_onfh2","HALLMARK_MTORC1_SIGNALING",1.2913121010709,0.0536013400335008,0.103079500064425,195,59,"ITGB2;SDF2L1;TRIB3;CORO1A;EIF2S2;ARPC5L;CALR;HSP90B1;CXCR4;SLC7A5;NMT1;EBP;PSMB5;ENO1;RPN1;PSMC4;SLA;YKT6;PSMD13;ALDOA;BCAT1;FDXR;EDEM1;PPA1;HSPA5;SYTL2;PDAP1;VLDLR;LGMN;CANX;EEF1E1;PSMD14;MCM4;GPI;PSPH;HSPA4;IGFBP5;ATP5MC1;ATP6V1D;ACTR3;PSMA3;TES;SHMT2;ACTR2;ACSL3;PGM1;GAPDH;ACLY;TUBG1;GSR;MTHFD2;G6PD;DDIT4;M6PR;PGK1;UCHL5;HPRT1;PRDX1;PSME3"
"omit_onfh2","HALLMARK_MYC_TARGETS_V1",1.2942377679453,0.0536013400335008,0.103079500064425,195,60,"MRPL23;PSMA2;EIF2S2;EIF3J;SRM;NME1;SNRPA1;SNRPB2;UBE2L3;PSMC4;C1QBP;PSMA6;SF3A1;AP3S1;PSMA1;PPM1G;CANX;CLNS1A;PSMD14;MCM4;SNRPG;RPL34;ERH;NHP2;GOT2;RPLP0;SSBP1;YWHAE;TARDBP;PSMD7;EIF3B;TXNL4A;NDUFAB1;CCT5;PCBP1;VDAC1;AIMP2;DHX15;PGK1;POLE3;COX5A;HPRT1;RANBP1;SNRPD1;IMPDH2;DDX18;NAP1L1;PSMD3;G3BP1;PABPC4;APEX1;ACP1;PA2G4;CSTF2;TUFM;PSMA4;PSMA7;HNRNPA1;SSB;PSMD1"
"omit_onfh2","HALLMARK_CHOLESTEROL_HOMEOSTASIS",-1.32277472232788,0.0728929384965831,0.130973677485305,69,15,"LPL;NFIL3;HMGCS1;IDI1;ATF3;PNRC1;PPARG;LDLR;SEMA3B;CXCL16;CHKA;PCYT2;FABP5;PMVK;GNAI1"
"omit_onfh2","HALLMARK_IL6_JAK_STAT3_SIGNALING",1.31335614583077,0.073345259391771,0.130973677485305,75,18,"CD44;CXCL10;IL2RG;IL3RA;ITGA4;CSF2RB;IL4R;IL1B;BAK1;IFNGR1;SOCS1;IL18R1;TGFB1;TNFRSF21;LTB;CSF3R;PIK3R5;CCR1"
"omit_onfh2","HALLMARK_INTERFERON_GAMMA_RESPONSE",1.22183512197425,0.10016694490818,0.172701629152035,190,57,"HLA-DRB1;CXCL10;ISG15;PSMA2;IL10RA;C1R;LCP2;LGALS3BP;GZMA;TNFAIP6;CSF2RB;PDE4B;IL4R;CD74;ISG20;ZBP1;CCL5;SOCS1;CD69;IL18BP;PTGS2;IL2RB;LYSMD2;IFITM3;CFH;HLA-DMA;CD274;IFITM2;CASP3;CASP7;LY6E;PSMA3;MVP;HIF1A;TNFAIP2;MTHFD2;CIITA;STAT4;RNF213;SAMHD1;RSAD2;MYD88;HLA-DQA1;TOR1B;PTPN6;ITGB7;TAPBP;PNP;OGFR;IRF4;NMI;XCL1;CD38;SERPING1;NCOA3;SELP;IFI44L"
"omit_onfh2","HALLMARK_ESTROGEN_RESPONSE_EARLY",-1.19467016877526,0.110565110565111,0.184275184275184,164,21,"KLF10;FOXC1;KLF4;HES1;EGR3;TIAM1;FOS;CCND1;BHLHE40;AR;CHPT1;TOB1;MYC;GLA;REEP1;SEMA3B;SLC16A1;THSD4;ENDOD1;ABLIM1;TGIF2"
"omit_onfh2","HALLMARK_P53_PATHWAY",-1.1702591974875,0.128953771289538,0.207989953692803,186,31,"TNFSF9;IER5;IFI30;KLF4;HEXIM1;DDIT3;TSPYL2;SERTAD3;FOS;NUPR1;JUN;ATF3;TOB1;RGS16;BTG2;PLK2;PPM1D;BMP2;PRMT2;NOL8;STEAP3;TGFA;EPHX1;CD82;CD81;FAS;CSRNP2;CDKN1A;MXD1;TCN2;RAP2B"
"omit_onfh2","HALLMARK_GLYCOLYSIS",1.18481672841208,0.136666666666667,0.211065882707674,174,41,"CD44;TGFBI;ANGPTL4;KDELR3;CXCR4;PYGB;AGRN;DCN;ENO1;IER3;ISG20;PSMC4;B4GALT2;PLOD1;CHST1;SDC2;SLC16A3;ALDOA;STC2;GMPPA;NSDHL;B4GALT1;ARPP19;PKM;HSPA5;FAM162A;CHPF2;VLDLR;PRPS1;PGAM1;GOT2;B3GAT1;COL5A1;NANP;B4GALT4;DLD;G6PD;DDIT4;PGK1;AK3;B4GALT7"
"omit_onfh2","HALLMARK_HYPOXIA",-1.17571674113963,0.139303482587065,0.211065882707674,174,34,"NFIL3;SLC2A3;DDIT3;ZFP36;WSB1;FOS;LDHC;NOCT;JUN;BHLHE40;AKAP12;ATF3;PNRC1;CDKN1B;HOXB9;CDKN1C;MT2A;KLHL24;CCNG2;MAP3K1;PCK1;PYGM;SELENBP1;EFNA1;IGFBP3;KDM3A;GPC4;TGFB3;MXI1;MT1E;CDKN1A;CSRP2;TPD52;GALK1"
"omit_onfh2","HALLMARK_KRAS_SIGNALING_DN",-1.1705665634249,0.186915887850467,0.274876305662452,95,14,"SKIL;IGFBP2;TENT5C;BTG2;NR4A2;MTHFR;LFNG;PDK2;FGF22;TCF7L1;GAMT;ZC2HC1C;RGS11;GP1BA"
"omit_onfh2","HALLMARK_NOTCH_SIGNALING",-1.14358339177491,0.242696629213483,0.346709470304976,31,5,"HES1;CCND1;FZD5;LFNG;FZD7"
"omit_onfh2","HALLMARK_PEROXISOME",-1.12527166891405,0.25,0.347222222222222,88,23,"CAT;IDI1;TOP2A;EHHADH;ISOC1;SLC25A4;CADM1;ALDH9A1;MLYCD;CRABP2;SOD1;EPHX2;ACOX1;SIAH1;FADS1;SEMA3C;ATXN1;SLC35B2;ABCB1;IDH1;ERCC1;ACAA1;FDPS"
"omit_onfh2","HALLMARK_UNFOLDED_PROTEIN_RESPONSE",1.06965379489565,0.328719723183391,0.444215842139718,108,41,"EIF4EBP1;HYOU1;SRPRB;CALR;LSM1;HSP90B1;KDELR3;SLC7A5;SPCS3;GOSR2;STC2;EDEM1;HSPA5;LSM4;SPCS1;NHP2;SEC31A;ZBTB17;SHC1;MTHFD2;DDIT4;YIF1A;TATDN2;DCP1A;PDIA5;KHSRP;PDIA6;DNAJC3;EXOSC5;MTREX;EXOSC4;ALDH18A1;GEMIN4;ASNS;RRP9;DCTN1;HERPUD1;DDX10;WIPI1;EEF2;DKC1"
"omit_onfh2","HALLMARK_MYOGENESIS",1.02050235403662,0.403061224489796,0.516745159602302,158,21,"CKB;MYOM2;COL6A2;COL15A1;BDKRB2;APLNR;SPARC;LSP1;COL4A2;AGRN;COL3A1;ITGB1;COL1A1;PDLIM7;STC2;AEBP1;COX7A1;PTP4A3;TGFB1;FXYD1;CNN3"
"omit_onfh2","HALLMARK_XENOBIOTIC_METABOLISM",1.0166567638037,0.398972602739726,0.516745159602302,149,26,"APOE;FMO3;KYNU;NINJ1;SMOX;CDA;NMT1;CYFIP2;PYCR1;ARG2;ATOH8;JUP;FBP1;BCAT1;PTS;ARPP19;CA2;SSR3;SLC35B1;SLC46A3;SERPINE1;TMEM176B;AHCY;PINK1;SAR1B;GSTO1"
"omit_onfh2","HALLMARK_HEDGEHOG_SIGNALING",-1.00515186069686,0.4375,0.546875,29,5,"NRP2;NRP1;LDB1;TLE1;ETS2"
"omit_onfh2","HALLMARK_ADIPOGENESIS",-0.986646033718356,0.483870967741935,0.570425625274243,190,28,"LPL;BCL6;CAT;NABP1;ACADS;TOB1;PPARG;VEGFB;FABP4;CCNG2;LIPE;CMBL;MGLL;TST;PPP1R15B;DNAJB9;ADCY6;ESYT1;SORBS1;GPX4;PHYH;SOD1;CD36;CD151;ITSN1;EPHX2;LTC4S;ACOX1"
"omit_onfh2","HALLMARK_ANDROGEN_RESPONSE",-0.978639613896027,0.490566037735849,0.570425625274243,92,12,"HMGCS1;CCND1;IDI1;AKAP12;ADAMTS1;GUCY1A1;UAP1;MAK;MERTK;SLC38A2;HOMER2;DNAJB9"
"omit_onfh2","HALLMARK_MYC_TARGETS_V2",0.982098501615332,0.485113835376532,0.570425625274243,57,22,"SRM;RRP12;IPO4;MCM4;RABEPK;WDR43;MAP3K6;NOC4L;FARSA;AIMP2;GRWD1;MYBBP1A;DDX18;IMP4;PA2G4;EXOSC5;NDUFAF4;PPAN;WDR74;RRP9;PLK4;TBRG4"
"omit_onfh2","HALLMARK_REACTIVE_OXYGEN_SPECIES_PATHWAY",-0.943728684851676,0.536363636363636,0.609504132231405,49,10,"CAT;JUNB;MPO;MGST1;HHEX;GPX4;SOD1;GCLM;CDKN2D;ERCC2"
"omit_onfh2","HALLMARK_PI3K_AKT_MTOR_SIGNALING",0.90696125468525,0.639655172413793,0.710727969348659,96,15,"IL2RG;TRIB3;CALR;HSP90B1;NCK1;CXCR4;SLA;RPS6KA1;LCK;ARHGDIA;DUSP3;PRKCB;THEM4;ACTR3;ACTR2"
"omit_onfh2","HALLMARK_INTERFERON_ALPHA_RESPONSE",0.89431301439114,0.677137870855148,0.736019424842552,94,9,"SELL;CXCL10;ISG15;LGALS3BP;LAMP3;IL4R;CD74;ISG20;NCOA7"
"omit_onfh2","HALLMARK_PANCREAS_BETA_CELLS",0.781070234246082,0.753649635036496,0.80175493088989,14,3,"SRPRB;SRP14;SPCS1"
"omit_onfh2","HALLMARK_WNT_BETA_CATENIN_SIGNALING",-0.814001694897669,0.77924944812362,0.811718175128771,38,3,"FZD8;MYC;DVL2"
"omit_onfh2","HALLMARK_APICAL_SURFACE",-0.804494872275996,0.795604395604396,0.811841220004485,35,13,"HSPB1;AFAP1L2;AKAP7;ATP8B1;DCBLD2;SCUBE1;TMEM8B;CRYBG1;LYN;GAS1;BRCA1;GATA3;RTN4RL1"
"omit_onfh2","HALLMARK_PROTEIN_SECRETION",-0.730475913813891,0.955188679245283,0.955188679245283,92,11,"RAB5A;ARFIP1;GLA;GNAS;DST;SCRN1;ICA1;SOD1;TPD52;CTSC;SGMS1"
"omit_onfh3","HALLMARK_ALLOGRAFT_REJECTION",2.46857577157374,3.74437465452509e-16,1.20611781350634e-14,177,63,"ITGB2;MMP9;CD3D;HLA-DQA1;GZMB;CD2;CD3E;KLRD1;HLA-DOA;PTPRC;ITGAL;CD3G;PRF1;CD8B;WAS;IL10;CRTAM;IL2RG;GZMA;CD1D;ITK;NCF4;NCK1;NLRP3;GPR65;CD247;HLA-DRA;LCP2;IFNGR1;LY75;CD8A;HLA-DMB;LTB;IL2RB;IGSF6;CD96;CCL5;PTPN6;IL18;CCND3;HCLS1;CCL4;LCK;SPI1;BRCA1;CCND2;SIT1;TLR1;SOCS1;HLA-DMA;LY86;CTSS;B2M;CD74;ZAP70;CD7;STAT1;HLA-DOB;C2;FYB1;IFNG;CD47;IRF4"
"omit_onfh3","HALLMARK_INTERFERON_GAMMA_RESPONSE",2.41693597221797,7.23670688103802e-16,1.20611781350634e-14,190,78,"HLA-DQA1;CXCL10;LY6E;CD69;OAS3;IL10RA;SAMHD1;HLA-DRB1;IFIT1;RSAD2;RNF213;ISG15;IFI27;HERC6;IFI44L;EPSTI1;GZMA;CMPK2;XAF1;USP18;LGALS3BP;OAS2;MX2;IFIT2;LCP2;SAMD9L;IFI44;ZBP1;IL2RB;IFIT3;SERPING1;EIF2AK2;CCL5;PARP14;HELZ2;MX1;PTPN6;OASL;STAT2;SELP;PSMA2;C1R;SOCS1;FCGR1A;MYD88;IFIH1;IFI35;SLAMF7;TRIM14;HLA-DMA;B2M;PTGS2;CD74;NLRC5;STAT1;CIITA;CD274;TRIM25;C1S;ADAR;NMI;PSMB8;IRF4;IL18BP;LAP3;CSF2RB;DDX60;APOL6;STAT4;PML;TAP1;FPR1;PDE4B;CASP7;KLRK1;NCOA3;TRAFD1;PTPN2"
"omit_onfh3","HALLMARK_TNFA_SIGNALING_VIA_NFKB",-2.54011131825674,5.78869432372711e-16,1.20611781350634e-14,194,83,"PLK2;CCRL2;BCL6;PMEPA1;JUN;SLC2A3;BMP2;TNFAIP3;CXCL2;MYC;LDLR;DUSP5;GADD45A;PLPP3;CDKN1A;ETS2;TRIP10;GADD45B;ID2;DUSP1;IFNGR2;MAP2K3;NFKBIE;NFE2L2;KLF10;BCL3;PFKFB3;SERPINB2;TIPARP;RNF19B;NFKBIA;NFKB2;JUNB;PTPRE;RHOB;SNN;CCNL1;PHLDA2;SQSTM1;PTX3;F2RL1;BTG3;GEM;PNRC1;NFAT5;HBEGF;LITAF;KDM6B;EFNA1;ZFP36;FOSL1;NFIL3;RELA;CD83;KLF4;PANX1;EIF1;EGR1;SERPINE1;ZC3H12A;CCND1;REL;TSC22D1;PPP1R15A;HES1;TNFSF9;YRDC;TUBB2A;CXCL3;IL6;NR4A1;IER2;CEBPD;INHBA;F3;SPSB1;ICAM1;RCAN1;EGR3;BHLHE40;EHD1;PHLDA1;IER5"
"omit_onfh3","HALLMARK_INTERFERON_ALPHA_RESPONSE",2.49818756898715,1.54326344657512e-13,1.9290793082189e-12,94,43,"CXCL10;SELL;LY6E;RSAD2;ISG15;IFI27;HERC6;IFI44L;EPSTI1;SAMD9;CMPK2;OAS1;USP18;LGALS3BP;IFIT2;SAMD9L;IFI44;IFIT3;TENT5A;EIF2AK2;IFITM1;PARP14;HELZ2;MX1;NCOA7;OASL;STAT2;TRIM5;LAMP3;IFIH1;IFI35;TRIM14;B2M;CD74;TRIM25;C1S;ADAR;NMI;PSMB8;CD47;GMPR;LAP3;DDX60"
"omit_onfh3","HALLMARK_MYC_TARGETS_V1",-2.25792272253936,1.87357638624542e-11,1.87357638624542e-10,195,90,"NOLC1;MYC;HSP90AB1;HSPD1;RPS5;ILF2;SRSF3;NOP16;HSPE1;EIF4E;CCT4;HNRNPU;RPS3;RSL1D1;PABPC1;PSMB3;HNRNPD;EEF1B2;EIF1AX;RPS6;TRA2B;FBL;HDAC2;PTGES3;EIF4A1;NOP56;HNRNPA2B1;HNRNPC;PPIA;GNL3;RPL18;RAN;PSMC6;BUB3;LDHA;RAD23B;RPS2;IMPDH2;SERBP1;CCT2;CNBP;TCP1;CYC1;DDX21;USP1;SMARCC1;CDK4;PSMD1;ODC1;EIF4H;EIF2S1;UBA2;U2AF1;SYNCRIP;POLD2;RACK1;PHB2;RRP9;IFRD1;ETF1;CDK2;CCT3;RUVBL2;HDGF;GSPT1;PSMD14;HNRNPA3;KPNA2;G3BP1;YWHAQ;SNRPD2;LSM7;CCT7;LSM2;COX5A;EIF3D;PSMD3;RPLP0;NPM1;PGK1;DHX15;XPO1;NME1;CUL1;AIMP2;MCM6;PWP1;ABCE1;PSMD8;SNRPA"
"omit_onfh3","HALLMARK_TGF_BETA_SIGNALING",-2.62535918216366,3.63838331059503e-11,3.03198609216252e-10,52,27,"PMEPA1;BMP2;SKIL;SMAD7;ID3;ID2;ID1;IFNGR2;ENG;KLF10;JUNB;WWTR1;SLC20A1;BMPR2;SERPINE1;PPP1R15A;ARID4B;SMAD6;UBE2D3;CDKN1C;CDK9;ACVR1;NCOR2;TGIF1;RHOA;SMAD3;FNTA"
"omit_onfh3","HALLMARK_HYPOXIA",-2.0860972649214,9.93551453944947e-09,7.09679609960676e-08,174,55,"AKAP12;HOXB9;DDIT3;JUN;SLC2A3;TNFAIP3;TGFB3;HMOX1;IGFBP3;PLIN2;CDKN1A;PRKCA;DUSP1;KLHL24;TPI1;PFKFB3;TIPARP;ANXA2;CDKN1B;HSPA5;CP;CHST2;LDHC;JMJD6;KDM3A;PNRC1;EFNA1;SELENBP1;ZFP36;NFIL3;WSB1;MT2A;SERPINE1;PIM1;PPP1R15A;LDHA;NDRG1;IL6;NOCT;F3;SRPX;MAP3K1;GAPDH;BNIP3L;CDKN1C;BHLHE40;ADM;MT1E;PGF;PCK1;CITED2;PGM2;SLC2A1;NR3C1;HDLBP"
"omit_onfh3","HALLMARK_UV_RESPONSE_UP",-1.87979936382504,4.71126472339263e-06,2.94454045212039e-05,142,61,"DNAJB1;BMP2;CXCL2;HMOX1;AP2S1;BCL2L11;DNAJA1;NFKBIA;JUNB;SELENOW;NXF1;HNRNPU;RHOB;SQSTM1;SPR;BTG3;ALAS1;FKBP4;STIP1;CHKA;CDKN2B;MSX1;EIF2S3;EIF5;GRPEL1;LYN;IL6;NR4A1;DDX21;ATP6V1C1;SLC25A4;ICAM1;AMD1;CLTB;CDKN1C;MARK2;AGO2;CDK2;TYRO3;CA2;HSPA2;CDC5L;HLA-F;MGAT1;PPAT;PPIF;POLR2H;TCHH;TST;GLS;CNP;SOD2;MMP14;BTG2;HSPA13;EPHX1;FURIN;FOS;CDC34;POLG2;CREG1"
"omit_onfh3","HALLMARK_UV_RESPONSE_DN",-1.84433344434471,1.58938005524095e-05,8.82988919578307e-05,137,45,"MYC;LDLR;SMAD7;PLPP3;PRKCA;DUSP1;ID1;PRKAR2B;SYNJ2;ANXA2;CDKN1B;GJA1;INSIG1;RND3;TGFBR3;DLC1;PPARG;NR1D2;SERPINE1;PMP22;FHL2;TFPI;F3;ITGB3;GCNT1;BHLHE40;AGGF1;MT1E;NRP1;NIPBL;ICA1;SNAI2;CITED2;SRI;YTHDC1;NR3C1;ZMIZ1;PDGFRB;NFKB1;TGFBR2;COL5A2;SMAD3;CDC42BPA;MGLL;SIPA1L1"
"omit_onfh3","HALLMARK_G2M_CHECKPOINT",-1.75482627794522,1.80856420526561e-05,9.04282102632804e-05,193,67,"NOLC1;MYC;HSPA8;TOP1;BCL3;TLE3;EZH2;CDKN1B;HNRNPU;CKS2;CCNT1;HNRNPD;MEIS2;SFPQ;HMGA1;TRA2B;ESPL1;SQLE;MT2A;ILF3;CCND1;HMGB3;NUP98;BUB3;RAD23B;EWSR1;ORC5;CDC27;FBXO5;AURKA;SMARCC1;PLK1;PURA;CDK4;TOP2A;ODC1;AMD1;E2F4;SYNCRIP;CDKN3;KIF5B;CTCF;KIF4A;YTHDC1;CCNF;GSPT1;PTTG1;KPNA2;UBE2S;G3BP1;MARCKS;DDX39A;KNL1;HIF1A;E2F2;AURKB;TPX2;MTF2;SMAD3;BIRC5;SMC4;NCL;ATF5;XPO1;CUL1;CCNB2;MCM6"
"omit_onfh3","HALLMARK_EPITHELIAL_MESENCHYMAL_TRANSITION",-1.67236744869928,7.28318254954319e-05,0.000331053752251963,186,61,"TAGLN;PMEPA1;JUN;TNFAIP3;IGFBP3;FN1;GADD45A;TFPI2;THY1;TPM2;GADD45B;ID2;FZD8;MYL9;CADM1;NNMT;RHOB;VCAN;GJA1;FERMT2;PTX3;ELN;TGFBR3;GEM;FAS;CXCL12;SERPINE1;MSX1;SERPINH1;PMP22;ITGB5;SFRP1;IL6;INHBA;ITGB3;SPOCK1;THBS2;DST;ADAM12;TNFRSF11B;SLIT3;SNAI2;COPA;ACTA2;EDIL3;LAMA2;MATN3;PCOLCE;PDGFRB;COMP;TGM2;TNFRSF12A;PFN2;COL5A2;LGALS1;ECM2;VEGFC;ITGA2;ITGAV;SERPINE2;CDH11"
"omit_onfh3","HALLMARK_COMPLEMENT",1.67888237470555,0.000119685858858585,0.000464794693320754,173,43,"GZMB;APOC1;FCER1G;C1QA;WAS;DOCK10;GNG2;GZMA;C1QC;GZMK;LTF;APOBEC3G;SPOCK2;FCN1;DOCK9;LCP2;RASGRP1;PCLO;SERPING1;CCL5;S100A12;CLU;ITGAM;CEBPB;PHEX;LCK;S100A9;CPM;C1R;FYN;ME1;CTSS;CR1;C2;KYNU;C1S;CDA;LAP3;PIK3CA;MMP15;PDGFB;PDP1;ATOX1"
"omit_onfh3","HALLMARK_MYC_TARGETS_V2",-1.95244875561712,0.000120846620263396,0.000464794693320754,57,18,"NOLC1;MYC;PPRC1;HSPD1;NOP16;HSPE1;BYSL;NOP56;TCOF1;GNL3;MPHOSPH10;RCL1;SUPV3L1;PLK1;CDK4;MRTO4;RRP9;PPAN"
"omit_onfh3","HALLMARK_MTORC1_SIGNALING",-1.6252160052059,0.000196877199134129,0.000703132854050462,195,58,"DDIT3;SLC2A3;HMGCS1;LDLR;EGLN3;CDKN1A;HSPD1;TXNRD1;MAP2K3;TPI1;HSPE1;NFKBIB;GLA;HSPA5;SQSTM1;NUPR1;INSIG1;NUFIP1;PNO1;NFIL3;PNP;SQLE;STIP1;GTF2H1;PPIA;SERPINH1;PSAT1;PSMC6;PPP1R15A;TOMM40;LDHA;CCT6A;CALR;CACYBP;FADS1;AURKA;PLK1;ELOVL5;GCLC;UBE2D3;GSK3B;GAPDH;IDI1;STARD4;CTH;BHLHE40;RRP9;IFRD1;GMPS;ETF1;TBK1;CCNF;SLC2A1;PSMD14;CYP51A1;NFYC;DDX39A;ENO1"
"omit_onfh3","HALLMARK_APOPTOSIS",-1.64906010973845,0.000276743863741725,0.000867000853026399,152,41,"DDIT3;JUN;BMP2;HMOX1;HSPB1;GADD45A;SMAD7;CDKN1A;GADD45B;FEZ1;BCL2L11;BMF;DNAJA1;CDKN1B;CD14;RHOB;SLC20A1;SQSTM1;TGFBR3;BTG3;FAS;ANKH;RELA;APP;RHOT2;CCND1;IL6;PEA15;RARA;GPX4;TOP2A;BNIP3L;EGR3;CTH;SOD1;PSEN2;ETF1;CDK2;WEE1;CREBBP;PDGFRB"
"omit_onfh3","HALLMARK_KRAS_SIGNALING_UP",1.63320039826541,0.000277440272968448,0.000867000853026399,167,36,"SPP1;ITGB2;MMP9;CXCL10;CCL20;FCER1G;IKZF1;IL10RA;SLPI;CXCR4;LCP1;IL2RG;F13A1;RETN;PDCD1LG2;DOCK2;GALNT3;ALDH1A3;GPNMB;GLRX;CLEC4A;CCND2;CTSS;IL7R;PTGS2;ETV1;EPB41L3;APOD;FUCA1;PSMB8;ACE;NIN;TRIB2;ANGPTL4;RABGAP1L;GNG11"
"omit_onfh3","HALLMARK_INFLAMMATORY_RESPONSE",1.6016385584556,0.000451006642962249,0.00132649012635956,177,48,"CXCL10;CD48;CYBB;SELL;CCL20;LY6E;CSF3R;CD69;IL10RA;RNF144B;IL10;RGS1;NLRP3;SLC31A2;LCP2;RASGRP1;IL2RB;PTAFR;EIF2AK2;CCL5;IFITM1;ABCA1;HAS2;IL18;MSR1;LCK;GPR132;GPR183;LAMP3;APLNR;TLR1;IL7R;PROK2;CX3CL1;NMI;EDN1;FPR1;PDE4B;EMP3;PTGER4;C3AR1;CSF3;OSM;TNFRSF9;CSF1;MARCO;C5AR1;SLC4A4"
"omit_onfh3","HALLMARK_P53_PATHWAY",-1.53235126895975,0.00077464177617418,0.00215178271159494,186,46,"PLK2;DDIT3;JUN;BMP2;HMOX1;CDKN2AIP;GADD45A;CDKN1A;UPP1;ZFP36L1;SLC3A2;TSPYL2;RNF19B;PTPRE;NUPR1;TM4SF1;FAS;HBEGF;DNTTIP2;RALGDS;OSGIN1;APP;NOL8;KLF4;CTSD;CDKN2B;RPL18;POM121;TSC22D1;TRAF4;PPP1R15A;TNFSF9;NOTCH1;NDRG1;IRAK1;PROCR;RGS16;RACK1;IER5;HEXIM1;EPHA2;TPRKB;LDHB;RAP2B;STOM;PDGFA"
"omit_onfh3","HALLMARK_UNFOLDED_PROTEIN_RESPONSE",-1.58906525750756,0.00160857433821696,0.00423309036372885,108,30,"NOLC1;EIF4A3;DNAJA4;BAG3;NABP1;TSPYL2;NFYA;FUS;EIF4E;HSPA5;EEF2;RPS14;EIF4A1;NOP56;CNOT2;PSAT1;TUBB2A;SDAD1;CALR;DCP1A;PDIA6;CNOT4;EIF2S1;EXOSC10;BANF1;RRP9;KIF5B;EXOSC4;NOP14;DNAJB9"
"omit_onfh3","HALLMARK_CHOLESTEROL_HOMEOSTASIS",-1.6048000353049,0.00255675175893903,0.00639187939734758,69,21,"LPL;HMGCS1;LDLR;PNRC1;ACTG1;NFIL3;STX5;SQLE;CHKA;PPARG;FABP5;ECH1;ETHE1;SEMA3B;IDI1;STARD4;HSD17B7;FDFT1;CYP51A1;TNFRSF12A;ANXA5"
"omit_onfh3","HALLMARK_NOTCH_SIGNALING",-1.72729275013588,0.00465881431766536,0.0110924150420604,31,13,"FZD5;PRKCA;CCND1;HES1;NOTCH1;DTX4;PSEN2;DLL1;KAT2A;HEYL;NOTCH3;LFNG;ST3GAL6"
"omit_onfh3","HALLMARK_IL2_STAT5_SIGNALING",1.43724184107149,0.00540807167151051,0.0122910719807057,189,45,"SPP1;CXCL10;CD48;SELL;IL10RA;CST7;IL10;ITIH5;CD44;GPR65;IFNGR1;LTB;IL2RB;SMPDL3A;DHRS3;LCLAT1;SH3BGRL2;PLAGL1;IL3RA;GLIPR2;AGER;CCND3;SELP;CCND2;SOCS1;RHOH;MYO1E;HOPX;BCL2;ITGA6;LRIG1;NT5E;IRF4;TLR7;SYT11;RABGAP1L;CAPG;ALCAM;NCOA3;SLC1A5;TNFRSF9;APLP1;CSF1;FGL2;PRKCH"
"omit_onfh3","HALLMARK_FATTY_ACID_METABOLISM",-1.42718661222278,0.00695096847451612,0.0151108010315568,136,39,"XIST;HSP90AA1;HSPH1;HMGCS1;GABARAPL1;ACSM3;ACADS;UGDH;ALDH9A1;ECH1;LDHA;ELOVL5;CD36;ODC1;IDI1;HSD17B7;CBR3;ACADVL;HCCS;CA2;IL4I1;HADH;LGALS1;HSD17B10;MGLL;BPHL;LTC4S;AQP7;PRDX6;EPHX1;SERINC1;KMT5A;MLYCD;EHHADH;ACO2;ACAA2;SUCLG1;APEX1;PDHA1"
"omit_onfh3","HALLMARK_PI3K_AKT_MTOR_SIGNALING",-1.41708632208468,0.019417148763032,0.0404523932563166,96,27,"DDIT3;CDKN1A;MAP2K3;CDKN1B;EIF4E;NFKBIB;TIAM1;SQSTM1;UBE2N;RAC1;PFN1;CSNK2B;AP2M1;CFL1;CALR;RIPK1;CDK4;UBE2D3;GSK3B;ATF1;TNFRSF1A;PPP2R1B;ARF1;CLTC;TBK1;CDK2;SLC2A1"
"omit_onfh3","HALLMARK_REACTIVE_OXYGEN_SPECIES_PATHWAY",-1.4921060893079,0.026294764980262,0.052589529960524,49,15,"HHEX;CAT;TXN;TXNRD1;JUNB;MPO;SBNO2;GPX4;GCLC;GCLM;SOD1;PRNP;MGST1;NDUFA6;OXSR1"
"omit_onfh3","HALLMARK_MYOGENESIS",-1.28126883062471,0.031553747149149,0.0606802829791328,157,32,"TAGLN;IGFBP3;CDKN1A;GJA5;TPM2;GADD45B;FHL1;HSPB8;TEAD4;SOD3;WWTR1;KLF5;HBEGF;REEP1;APP;PTGIS;NOTCH1;ITGB5;NAV2;MAPRE3;SIRT2;CD36;BHLHE40;SVIL;PRNP;IFRD1;PSEN2;SORBS1;ADAM12;ITGA7;AEBP1;LAMA2"
"omit_onfh3","HALLMARK_ADIPOGENESIS",-1.27362663315833,0.0370953515524224,0.0686950954674489,190,49,"BCL6;LPL;PLIN2;GADD45A;CAT;PPP1R15B;FABP4;LAMA4;NABP1;HSPB8;PFKFB3;TKT;LIPE;ACADS;ATP5PO;CD151;PHLDB1;COX8A;RNF11;PPARG;ECH1;GRPEL1;SOWAHC;CYC1;GPX4;COX6A1;ESYT1;CD36;YWHAG;SOD1;SORBS1;DNAJB9;ITGA7;PIM3;STOM;SLC5A6;NKIRAS1;HADH;SLC27A1;VEGFB;ANGPT1;ADCY6;MGLL;DNAJC15;LTC4S;PTGER3;TST;UBC;PFKL"
"omit_onfh3","HALLMARK_COAGULATION",1.35519650359605,0.0399385560675883,0.0713188501206934,98,21,"MMP9;APOC1;CTSK;C1QA;CFD;SERPING1;CLU;VWF;PRSS23;C1R;KLF7;FYN;P2RY1;C2;CFI;C1S;DUSP14;MMP3;PROS1;MMP15;PDGFB"
"omit_onfh3","HALLMARK_XENOBIOTIC_METABOLISM",-1.26422544769946,0.0514658500106823,0.0887342241563489,149,31,"HMOX1;BCAR1;CAT;UPP1;ETS2;TPST1;ID2;GABARAPL1;PTGR1;ALAS1;UGDH;FAS;SMOX;ALDH9A1;MAN1A1;PTGES3;MT2A;SERPINE1;ECH1;LPIN2;ASL;ELOVL5;GCLC;CD36;ABHD6;SLC12A4;TNFRSF1A;ABCC3;AHCY;PYCR1;EPHA2"
"omit_onfh3","HALLMARK_PEROXISOME",-1.28211238657794,0.0706214689265537,0.117702448210923,88,18,"CAT;CADM1;ISOC1;PABPC1;ALDH9A1;CLN8;ECH1;CNBP;FADS1;SLC25A4;SMARCC1;ELOVL5;TOP2A;IDI1;SOD1;ERCC1;CRABP2;SIAH1"
"omit_onfh3","HALLMARK_ANDROGEN_RESPONSE",-1.24712431583478,0.0893371757925072,0.137241985068072,92,23,"AKAP12;PMEPA1;HMGCS1;UAP1;NKX3-1;STEAP4;INSIG1;ANKH;ARID5B;ACTN1;CCND1;TSC22D1;NDRG1;MAK;FADS1;XRCC5;ELOVL5;IDI1;VAPA;HOMER2;DNAJB9;ZMIZ1;SLC38A2"
"omit_onfh3","HALLMARK_HEDGEHOG_SIGNALING",-1.38476063753299,0.0904185757199714,0.137241985068072,28,5,"NRP2;THY1;ETS2;TLE3;ADGRG1"
"omit_onfh3","HALLMARK_MITOTIC_SPINDLE",-1.18752705862135,0.0905797101449275,0.137241985068072,195,60,"BCAR1;UXT;ARF6;FSCN1;BCL2L11;MAP1S;TIAM1;PLEKHG2;ESPL1;MYH10;RHOT2;PPP4R2;MAP3K11;CSNK1D;SYNPO;PCGF5;CLIP1;CDC27;FBXO5;AURKA;PLK1;TOP2A;TSC1;KIF5B;KIF3B;ARHGAP29;DST;EZR;KIF4A;MYO9B;LATS1;AKAP13;CYTH2;MARCKS;STAU1;DYNLL2;MARK4;ARFIP2;ARHGEF3;MID1;TPX2;KIF1B;ECT2;CDC42BPA;BIRC5;SMC4;TUBD1;RAPGEF5;LRPPRC;WASL;CAPZB;ARHGEF2;CDC42EP1;HOOK3;CCNB2;ALS2;CCDC88A;ROCK1;SOS1;PIF1"
"omit_onfh3","HALLMARK_HEME_METABOLISM",-1.17339964552133,0.0955631399317406,0.140534029311383,177,42,"ICAM4;CAT;MFHAS1;SLC4A1;TOP1;MAP2K3;NARF;BACH1;RAD23A;SMOX;SELENBP1;SDCBP;VEZF1;SLC30A1;BMP2K;OSBP2;PICALM;CDC27;LPIN2;RCL1;HEBP1;GCLC;GCLM;BNIP3L;CA1;MPP1;GMPS;MARK3;KLF3;BTRC;TENT5C;SLC2A1;NR3C1;HDGF;ALAS2;PDZK1IP1;CA2;TSPAN5;ACKR1;HTRA2;USP15;E2F2"
"omit_onfh3","HALLMARK_WNT_BETA_CATENIN_SIGNALING",-1.29483511000503,0.0997442455242967,0.142491779320424,38,13,"MYC;FZD8;HDAC2;NOTCH1;DVL2;PSEN2;DLL1;KAT2A;NCOR2;ADAM17;CUL1;GNAI1;JAG1"
"omit_onfh3","HALLMARK_ANGIOGENESIS",1.3206781590264,0.105263157894737,0.146198830409357,28,5,"SPP1;S100A4;POSTN;CCND2;SLCO2A1"
"omit_onfh3","HALLMARK_IL6_JAK_STAT3_SIGNALING",1.24105838062773,0.135433070866142,0.183017663332624,75,12,"CXCL10;ITGA4;CSF3R;IL2RG;CD44;IFNGR1;LTB;IL3RA;STAT2;SOCS1;MYD88;STAT1"
"omit_onfh3","HALLMARK_ESTROGEN_RESPONSE_EARLY",1.11657135028018,0.236130867709815,0.310698510144494,163,29,"BCL11B;CBFA2T3;CLIC3;SCARB1;CD44;FKBP5;RASGRP1;MYBL1;AREG;DHRS3;MYOF;DEPTOR;PDLIM3;SYBU;PRSS23;RAPGEFL1;PTGES;KRT8;TPD52L1;SLC7A5;ADCY9;SLC1A4;BCL2;LRIG1;SLC1A1;ASB13;RHOBTB3;ALDH3B1;PAPSS2"
"omit_onfh3","HALLMARK_APICAL_JUNCTION",1.0847742246596,0.29676511954993,0.380468101987089,161,30,"MMP9;PTPRC;CLDN11;RAC2;CADM3;ADAM23;TGFBI;EVL;VWF;CD209;PIK3R3;ITGA3;CD274;FYB1;CX3CL1;PCDH1;MPZL1;SKAP2;RHOF;CLDN5;CD99;RSU1;ARHGEF6;MDK;FLNC;ACTN4;NFASC;SYK;B4GALT1;CD34"
"omit_onfh3","HALLMARK_APICAL_SURFACE",-1.05559135803768,0.369791666666667,0.450965447154472,35,7,"HSPB1;THY1;APP;LYN;AFAP1L2;EPHB4;SRPX"
"omit_onfh3","HALLMARK_DNA_REPAIR",1.04525935503987,0.365467625899281,0.450965447154472,148,60,"CMPK2;TYMS;DDB2;ZWINT;HCLS1;COX17;TK2;PCNA;MPC2;DUT;LIG1;CDA;DGCR8;APRT;POLR2K;POLH;PDE4B;RPA3;SNAPC5;RNMT;POLR2D;ADA;CSTF3;USP11;ZNF707;AK3;GTF2H3;TAF6;GTF2H5;POLR2F;ERCC5;RFC4;MRPL40;BCAM;NT5C3A;XPC;PRIM1;ERCC3;CETN2;HPRT1;SEC61A1;POLR2C;TAF9;TAF13;POLB;POLR3GL;DAD1;NELFCD;POLA2;BRF2;POLD1;CANT1;PDE6G;AGO4;GTF2A2;POLR2J;SUPT4H1;POLR3C;NME3;TMED2"
"omit_onfh3","HALLMARK_E2F_TARGETS",-0.998380228574264,0.421641791044776,0.501954513148543,198,38,"NOLC1;MYC;CDKN1A;EZH2;CDKN1B;CKS2;HNRNPD;SNRPB;HMGA1;TRA2B;IPO7;ESPL1;NOP56;ILF3;HMGB3;RAN;AURKA;USP1;PLK1;NUP153;CDK4;TOP2A;RFC2;EIF2S1;SYNCRIP;CDKN3;POLD2;CTCF;KIF4A;NUP107;WEE1;GSPT1;PTTG1;KPNA2;UBE2S;ZW10;DDX39A;BRMS1L"
"omit_onfh3","HALLMARK_ESTROGEN_RESPONSE_LATE",1.00246021829689,0.45531914893617,0.529440870856012,154,24,"PERP;CLIC3;SCARB1;CD44;LTF;FKBP5;AREG;MYOF;PDLIM3;PTPN6;PRSS23;RAPGEFL1;PTGES;S100A9;PDCD4;CKB;TPD52L1;SNX10;SLC7A5;ALDH3A2;SLC1A4;BCL2;ALDH3B1;PAPSS2"
"omit_onfh3","HALLMARK_PANCREAS_BETA_CELLS",0.984341847313579,0.497435897435897,0.565268065268065,14,4,"SRP14;SPCS1;SRPRB;VDR"
"omit_onfh3","HALLMARK_BILE_ACID_METABOLISM",-0.94006729069494,0.593123209169054,0.644699140401146,86,13,"CAT;PNPLA8;ISOC1;LIPE;CYP7B1;AR;ALDH9A1;FADS1;ABCA4;GCLM;IDI1;RBP1;SOD1"
"omit_onfh3","HALLMARK_SPERMATOGENESIS",-0.951688978726352,0.581717451523546,0.644699140401146,76,21,"MLF1;SIRT1;EZH2;LDHC;ELOVL3;BRAF;AURKA;ZC2HC1C;AGFG1;CDKN3;TSN;CCT6B;HSPA2;CSNK2A2;HSPA1L;ACRBP;CCNB2;LPIN1;PHKG2;SPATA6;ADCYAP1"
"omit_onfh3","HALLMARK_GLYCOLYSIS",-0.922785385937655,0.707236842105263,0.752379619260918,174,27,"IGFBP3;EGLN3;TXN;TPST1;TPI1;VCAN;HSPA5;CHST2;DSC2;LDHC;FKBP4;ALDH9A1;KIF2A;ECD;PPIA;LDHA;AURKA;GCLC;CTH;SOD1;PPP2CB;CITED2;PGM2;HDLBP;ENO1;GPC4;FUT8"
"omit_onfh3","HALLMARK_OXIDATIVE_PHOSPHORYLATION",-0.883265781556506,0.808664259927798,0.842358604091456,200,32,"CYCS;NDUFS7;ATP5F1A;ATP5PO;ALAS1;SLC25A6;NDUFV1;COX8A;RHOT2;ECH1;GRPEL1;LDHA;SLC25A20;ATP5F1B;SLC25A5;TIMM50;CYC1;ATP6V1C1;GPX4;SLC25A4;SUPV3L1;COX6A1;MRPS15;COX4I1;GLUD1;PHB2;ACAT1;HADHA;LDHB;ATP5MC2;NDUFA6;ACADVL"
"omit_onfh3","HALLMARK_PROTEIN_SECRETION",-0.836174317895015,0.829971181556196,0.846909368934894,92,22,"RAB5A;AP2S1;GLA;AP2M1;ERGIC3;ARFIP1;COPB1;SOD1;ARF1;DST;ICA1;CLTA;CLTC;RAB9A;ZW10;COPE;KIF1B;STAM;AP1G1;ARFGAP3;RPS6KA3;SNX2"
"omit_onfh3","HALLMARK_KRAS_SIGNALING_DN",0.829625929616315,0.850308641975309,0.850308641975309,94,18,"RSAD2;IFI44L;ZBTB16;MX1;PTPRJ;PNMT;SIDT1;MFSD6;IFNG;ENTPD7;EDN1;TAS2R4;BARD1;TGM1;YPEL1;LYPD3;CDKAL1;RYR1"
