"profile","donor","Gene","common_rank_original","rank_percentile_original","p_value_original","common_adjusted_p_value_original","common_rank_mt_excluded","rank_percentile_mt_excluded","p_value_mt_excluded","common_adjusted_p_value_mt_excluded","rank_percentile_shift"
"manuscript","hoa2","AC002558.3",227,0.771331058020478,0.997995516965969,0.999999999996351,260,0.883959044368601,0.999953875962636,0.999999999970122,0.112627986348123
"manuscript","hoa2","AC010359.3",35,0.116040955631399,0.862708154524516,0.999999999996351,82,0.276450511945392,0.924684757755022,0.999999999970122,0.160409556313993
"manuscript","hoa2","AC091271.1",163,0.552901023890785,0.991109483187427,0.999999999996351,221,0.750853242320819,0.999860099094719,0.999999999970122,0.197952218430034
"manuscript","hoa2","AC109326.1",228,0.774744027303754,0.998000400289521,0.999999999996351,219,0.744027303754266,0.999859554729261,0.999999999970122,-0.0307167235494881
"manuscript","hoa2","ACE",207,0.703071672354949,0.996521335352064,0.999999999996351,56,0.187713310580205,0.850930217864156,0.999999999970122,-0.515358361774744
"manuscript","hoa2","ACKR1",36,0.119453924914676,0.87061186929642,0.999999999996351,20,0.0648464163822526,0.575804337521739,0.999999999970122,-0.0546075085324232
"manuscript","hoa2","ADAMTS1",64,0.215017064846416,0.943760559555699,0.999999999996351,115,0.389078498293515,0.969696260420571,0.999999999970122,0.174061433447099
"manuscript","hoa2","ADAMTS4",23,0.0750853242320819,0.798487900126591,0.999999999996351,61,0.204778156996587,0.862452108698204,0.999999999970122,0.129692832764505
"manuscript","hoa2","ADAMTS6",167,0.566552901023891,0.992000944920302,0.999999999996351,59,0.197952218430034,0.85858754191049,0.999999999970122,-0.368600682593857
"manuscript","hoa2","ADAMTS9",50,0.167235494880546,0.908566638423816,0.999999999996351,110,0.372013651877133,0.964382573177542,0.999999999970122,0.204778156996587
"manuscript","hoa2","ADGRG6",17,0.0546075085324232,0.712362258056428,0.999999999996351,57,0.191126279863481,0.852435486443358,0.999999999970122,0.136518771331058
"manuscript","hoa2","ADM",223,0.757679180887372,0.997601410311143,0.999999999996351,271,0.921501706484642,0.999964517219554,0.999999999970122,0.16382252559727
"manuscript","hoa2","AFG3L2",183,0.621160409556314,0.993907131737194,0.999999999996351,250,0.849829351535836,0.999933564729571,0.999999999970122,0.228668941979522
"manuscript","hoa2","AKAP12",26,0.0853242320819113,0.806668010431437,0.999999999996351,41,0.136518771331058,0.800346989416031,0.999999999970122,0.0511945392491468
"manuscript","hoa2","AKT1",262,0.890784982935154,0.999543011714015,0.999999999996351,234,0.795221843003413,0.999901742011469,0.999999999970122,-0.0955631399317407
"manuscript","hoa2","ANKRD29",74,0.249146757679181,0.961770887038153,0.999999999996351,29,0.0955631399317406,0.708476378051651,0.999999999970122,-0.15358361774744
"manuscript","hoa2","ANKRD42",58,0.194539249146758,0.927456979159549,0.999999999996351,157,0.532423208191126,0.993371792622964,0.999999999970122,0.337883959044369
"manuscript","hoa2","APOD",269,0.914675767918089,0.999704545944671,0.999999999996351,255,0.866894197952218,0.999946903041724,0.999999999970122,-0.0477815699658702
"manuscript","hoa2","AQP7",208,0.706484641638225,0.996636839204519,0.999999999996351,64,0.215017064846416,0.867252875435699,0.999999999970122,-0.491467576791809
"manuscript","hoa2","ARL15",91,0.307167235494881,0.97196222339184,0.999999999996351,54,0.180887372013652,0.845200989204376,0.999999999970122,-0.126279863481229
"manuscript","hoa2","ARL4C",257,0.873720136518771,0.999441096311517,0.999999999996351,232,0.78839590443686,0.999895443046332,0.999999999970122,-0.0853242320819113
"manuscript","hoa2","ATF3",33,0.109215017064846,0.853232805244475,0.999999999996351,76,0.255972696245734,0.90660317213049,0.999999999970122,0.146757679180887
"manuscript","hoa2","ATG5",267,0.907849829351536,0.999675425663092,0.999999999996351,257,0.873720136518771,0.999948963041318,0.999999999970122,-0.0341296928327645
"manuscript","hoa2","ATP13A3",72,0.242320819112628,0.958742186505031,0.999999999996351,60,0.201365187713311,0.862278919053664,0.999999999970122,-0.0409556313993174
"manuscript","hoa2","ATP5F1A",155,0.525597269624573,0.990428111371327,0.999999999996351,28,0.0921501706484642,0.706914625208482,0.999999999970122,-0.433447098976109
"manuscript","hoa2","ATP5F1B",170,0.57679180887372,0.992384752527343,0.999999999996351,120,0.406143344709898,0.974104048345463,0.999999999970122,-0.170648464163823
"manuscript","hoa2","ATP5MC1",71,0.238907849829352,0.95482097989204,0.999999999996351,107,0.361774744027304,0.959735425972593,0.999999999970122,0.122866894197952
"manuscript","hoa2","ATP8A1",209,0.709897610921502,0.996649140590768,0.999999999996351,133,0.450511945392491,0.983542057705626,0.999999999970122,-0.25938566552901
"manuscript","hoa2","B3GNT5",99,0.334470989761092,0.974908189400212,0.999999999996351,169,0.573378839590444,0.995836071135566,0.999999999970122,0.238907849829352
"manuscript","hoa2","BAX",138,0.467576791808874,0.987741536560607,0.999999999996351,202,0.686006825938567,0.999718835235466,0.999999999970122,0.218430034129693
"manuscript","hoa2","BCL2L1",271,0.921501706484642,0.999733454836548,0.999999999996351,291,0.989761092150171,0.999994123736058,0.999999999970122,0.0682593856655289
"manuscript","hoa2","BCL2L13",198,0.672354948805461,0.996081087361504,0.999999999996351,280,0.95221843003413,0.999980163808033,0.999999999970122,0.279863481228669
"manuscript","hoa2","BGN",216,0.733788395904437,0.996961695956648,0.999999999996351,212,0.720136518771331,0.999830053099452,0.999999999970122,-0.0136518771331058
"manuscript","hoa2","BID",259,0.880546075085324,0.999462871111193,0.999999999996351,210,0.713310580204778,0.99982315665277,0.999999999970122,-0.167235494880546
"manuscript","hoa2","BIRC3",181,0.614334470989761,0.993484902802622,0.999999999996351,165,0.559726962457338,0.99508089202884,0.999999999970122,-0.0546075085324232
"manuscript","hoa2","BMP4",67,0.225255972696246,0.945083861714226,0.999999999996351,192,0.651877133105802,0.999287579371643,0.999999999970122,0.426621160409556
"manuscript","hoa2","BNIP3",51,0.170648464163823,0.908918236667689,0.999999999996351,205,0.696245733788396,0.999778806526568,0.999999999970122,0.525597269624573
"manuscript","hoa2","BNIP3L",125,0.42320819112628,0.98325975348334,0.999999999996351,236,0.802047781569966,0.999904522704041,0.999999999970122,0.378839590443686
"manuscript","hoa2","BTNL9",54,0.180887372013652,0.915720553016241,0.999999999996351,23,0.0750853242320819,0.689356153807092,0.999999999970122,-0.10580204778157
"manuscript","hoa2","C11orf96",46,0.15358361774744,0.902065227904422,0.999999999996351,117,0.395904436860068,0.970905629422634,0.999999999970122,0.242320819112628
"manuscript","hoa2","C1orf54",256,0.870307167235495,0.999411242534482,0.999999999996351,200,0.679180887372014,0.999699062547775,0.999999999970122,-0.191126279863481
"manuscript","hoa2","C2CD4B",57,0.191126279863481,0.925519234368921,0.999999999996351,146,0.494880546075085,0.98786288671465,0.999999999970122,0.303754266211604
"manuscript","hoa2","C7",16,0.0511945392491468,0.711823691793984,0.999999999996351,175,0.593856655290102,0.996356104142325,0.999999999970122,0.542662116040956
"manuscript","hoa2","CALCOCO2",107,0.361774744027304,0.976623426789838,0.999999999996351,84,0.283276450511945,0.935688867630503,0.999999999970122,-0.0784982935153584
"manuscript","hoa2","CAT",30,0.0989761092150171,0.835907889027972,0.999999999996351,93,0.313993174061433,0.950079083058191,0.999999999970122,0.215017064846416
"manuscript","hoa2","CBWD5",254,0.863481228668942,0.999360414589906,0.999999999996351,170,0.57679180887372,0.99589681090958,0.999999999970122,-0.286689419795222
"manuscript","hoa2","CCL2",61,0.204778156996587,0.940022907175599,0.999999999996351,145,0.491467576791809,0.987790420716088,0.999999999970122,0.286689419795222
"manuscript","hoa2","CCL23",233,0.791808873720137,0.998449556158843,0.999999999996351,152,0.515358361774744,0.99170350994063,0.999999999970122,-0.276450511945392
"manuscript","hoa2","CCN1",213,0.723549488054608,0.996939703429336,0.999999999996351,245,0.832764505119454,0.999918820536831,0.999999999970122,0.109215017064846
"manuscript","hoa2","CCN2",294,1,0.999999999996351,0.999999999996351,293,0.996587030716723,0.999998660822313,0.999999999970122,-0.0034129692832765
"manuscript","hoa2","CCND1",132,0.447098976109215,0.98633833061821,0.999999999996351,112,0.378839590443686,0.966813272596846,0.999999999970122,-0.068259385665529
"manuscript","hoa2","CD14",212,0.720136518771331,0.996937107102108,0.999999999996351,243,0.825938566552901,0.999917762380876,0.999999999970122,0.10580204778157
"manuscript","hoa2","CD300LG",48,0.160409556313993,0.906601589487548,0.999999999996351,63,0.21160409556314,0.867116718276983,0.999999999970122,0.0511945392491468
"manuscript","hoa2","CD83",83,0.279863481228669,0.966803972442001,0.999999999996351,140,0.474402730375427,0.986892407259905,0.999999999970122,0.194539249146758
"manuscript","hoa2","CDH13",92,0.310580204778157,0.971966609871498,0.999999999996351,72,0.242320819112628,0.892811178155566,0.999999999970122,-0.068259385665529
"manuscript","hoa2","CGAS",289,0.982935153583618,0.999991343287907,0.999999999996351,132,0.447098976109215,0.983337843374338,0.999999999970122,-0.535836177474403
"manuscript","hoa2","CKS2",22,0.0716723549488055,0.795636271303548,0.999999999996351,69,0.232081911262799,0.889214823539341,0.999999999970122,0.160409556313993
"manuscript","hoa2","CLDN5",160,0.542662116040956,0.990813097501514,0.999999999996351,38,0.126279863481229,0.781263011309709,0.999999999970122,-0.416382252559727
"manuscript","hoa2","CLPP",285,0.969283276450512,0.999979581863232,0.999999999996351,249,0.84641638225256,0.999932746931221,0.999999999970122,-0.122866894197952
"manuscript","hoa2","CNKSR3",76,0.255972696245734,0.962579874130817,0.999999999996351,113,0.382252559726962,0.967408977106444,0.999999999970122,0.126279863481229
"manuscript","hoa2","COX4I1",70,0.235494880546075,0.953950641362829,0.999999999996351,19,0.0614334470989761,0.575714217002719,0.999999999970122,-0.174061433447099
"manuscript","hoa2","COX5A",75,0.252559726962457,0.962252457965894,0.999999999996351,68,0.228668941979522,0.889123961047219,0.999999999970122,-0.0238907849829351
"manuscript","hoa2","COX6C",85,0.286689419795222,0.969479565464501,0.999999999996351,26,0.0853242320819113,0.706264298558996,0.999999999970122,-0.201365187713311
"manuscript","hoa2","COX7A2",103,0.348122866894198,0.975975154223594,0.999999999996351,186,0.631399317406143,0.998648420692925,0.999999999970122,0.283276450511945
"manuscript","hoa2","CR381670.1",80,0.26962457337884,0.964934737733408,0.999999999996351,158,0.535836177474403,0.993404259277251,0.999999999970122,0.266211604095563
"manuscript","hoa2","CREB5",97,0.327645051194539,0.974492014788843,0.999999999996351,151,0.511945392491468,0.991625079922619,0.999999999970122,0.184300341296928
"manuscript","hoa2","CRIP1",109,0.368600682593857,0.977466689015735,0.999999999996351,126,0.426621160409556,0.977404614339837,0.999999999970122,0.0580204778156997
"manuscript","hoa2","CX3CL1",249,0.84641638225256,0.999233505675485,0.999999999996351,214,0.726962457337884,0.9998345139087,0.999999999970122,-0.119453924914676
"manuscript","hoa2","CXCL12",174,0.590443686006826,0.99297352859471,0.999999999996351,25,0.0819112627986348,0.694753864330957,0.999999999970122,-0.508532423208191
"manuscript","hoa2","CXCL2",8,0.0238907849829352,0.64165570085778,0.999999999996351,17,0.0546075085324232,0.535217263962326,0.999999999970122,0.0307167235494881
"manuscript","hoa2","CXCL3",24,0.0784982935153584,0.798536569529548,0.999999999996351,78,0.262798634812287,0.913920159042281,0.999999999970122,0.184300341296928
"manuscript","hoa2","CXCR4",276,0.938566552901024,0.999854326871696,0.999999999996351,154,0.522184300341297,0.992629507852333,0.999999999970122,-0.416382252559727
"manuscript","hoa2","CYP1B1",78,0.262798634812287,0.964272389751799,0.999999999996351,11,0.0341296928327645,0.456025631508484,0.999999999970122,-0.228668941979522
"manuscript","hoa2","DDHD1",62,0.208191126279863,0.941159910567406,0.999999999996351,198,0.672354948805461,0.999675651182151,0.999999999970122,0.464163822525597
"manuscript","hoa2","DEPP1",128,0.433447098976109,0.984985422316208,0.999999999996351,49,0.16382252559727,0.831078395868757,0.999999999970122,-0.26962457337884
"manuscript","hoa2","DGKE",131,0.443686006825939,0.986281812461613,0.999999999996351,101,0.341296928327645,0.956782487997804,0.999999999970122,-0.102389078498293
"manuscript","hoa2","DLL4",272,0.924914675767918,0.999760064104544,0.999999999996351,174,0.590443686006826,0.996270259725772,0.999999999970122,-0.334470989761092
"manuscript","hoa2","DNAJA4",186,0.631399317406143,0.994223426887396,0.999999999996351,179,0.607508532423208,0.997508881454604,0.999999999970122,-0.0238907849829351
"manuscript","hoa2","DNM1L",225,0.764505119453925,0.997624439911848,0.999999999996351,251,0.853242320819113,0.999936034972213,0.999999999970122,0.0887372013651877
"manuscript","hoa2","DNM2",286,0.972696245733788,0.999988363663204,0.999999999996351,95,0.320819112627986,0.951476595911369,0.999999999970122,-0.651877133105802
"manuscript","hoa2","DUSP2",129,0.436860068259386,0.985415639601409,0.999999999996351,130,0.440273037542662,0.980210231442801,0.999999999970122,0.00341296928327645
"manuscript","hoa2","DUSP4",100,0.337883959044369,0.975497100937927,0.999999999996351,161,0.546075085324232,0.994296064794774,0.999999999970122,0.208191126279864
"manuscript","hoa2","ECRG4",282,0.959044368600683,0.999966941942892,0.999999999996351,274,0.931740614334471,0.999974292468942,0.999999999970122,-0.0273037542662116
"manuscript","hoa2","EDN1",178,0.604095563139932,0.993178904388086,0.999999999996351,124,0.419795221843003,0.975860517165808,0.999999999970122,-0.184300341296928
"manuscript","hoa2","EDNRB",237,0.805460750853242,0.998574898309277,0.999999999996351,261,0.887372013651877,0.999954661812963,0.999999999970122,0.0819112627986348
"manuscript","hoa2","EFNB1",102,0.344709897610922,0.975690017096338,0.999999999996351,79,0.266211604095563,0.914355623091354,0.999999999970122,-0.0784982935153584
"manuscript","hoa2","EGR1",9,0.0273037542662116,0.644863197500372,0.999999999996351,1,0,0.00754010645676589,0.999999999970122,-0.0273037542662116
"manuscript","hoa2","EGR3",29,0.0955631399317406,0.822341785114794,0.999999999996351,45,0.150170648464164,0.817045519838537,0.999999999970122,0.0546075085324232
"manuscript","hoa2","EIF4EBP1",250,0.849829351535836,0.999241770734873,0.999999999996351,211,0.716723549488055,0.999829943832555,0.999999999970122,-0.133105802047782
"manuscript","hoa2","EMCN",248,0.843003412969283,0.999177625748618,0.999999999996351,6,0.0170648464163823,0.149692620937453,0.999999999970122,-0.825938566552901
"manuscript","hoa2","EMP3",108,0.36518771331058,0.977111870230546,0.999999999996351,123,0.416382252559727,0.975810405678355,0.999999999970122,0.0511945392491467
"manuscript","hoa2","ENG",2,0.00341296928327645,0.252004488014306,0.999999999996351,2,0.00341296928327645,0.0148830421904829,0.999999999970122,0
"manuscript","hoa2","ERO1B",90,0.303754266211604,0.971893709752653,0.999999999996351,168,0.569965870307167,0.995766933040441,0.999999999970122,0.266211604095563
"manuscript","hoa2","F2RL3",292,0.993174061433447,0.999999999995637,0.999999999996351,292,0.993174061433447,0.999994385301729,0.999999999970122,0
"manuscript","hoa2","F8",202,0.686006825938567,0.996368472622829,0.999999999996351,143,0.484641638225256,0.987580236427949,0.999999999970122,-0.201365187713311
"manuscript","hoa2","FAM107A",124,0.419795221843003,0.982788483238986,0.999999999996351,81,0.273037542662116,0.919307683964919,0.999999999970122,-0.146757679180887
"manuscript","hoa2","FAM184A",114,0.385665529010239,0.980532664411931,0.999999999996351,88,0.296928327645051,0.943193769188467,0.999999999970122,-0.0887372013651878
"manuscript","hoa2","FAN1",260,0.883959044368601,0.999465876917573,0.999999999996351,135,0.457337883959044,0.984452838511625,0.999999999970122,-0.426621160409556
"manuscript","hoa2","FBLN2",150,0.508532423208191,0.989760024543456,0.999999999996351,197,0.668941979522184,0.999649863321168,0.999999999970122,0.160409556313993
"manuscript","hoa2","FILIP1",81,0.273037542662116,0.965328648023266,0.999999999996351,92,0.310580204778157,0.949591405409054,0.999999999970122,0.037542662116041
"manuscript","hoa2","FILIP1L",162,0.549488054607508,0.99109703123104,0.999999999996351,231,0.784982935153584,0.999895120505436,0.999999999970122,0.235494880546075
"manuscript","hoa2","FIS1",12,0.037542662116041,0.668710287886948,0.999999999996351,7,0.0204778156996587,0.201588071254512,0.999999999970122,-0.0170648464163823
"manuscript","hoa2","FKBP8",28,0.0921501706484642,0.819616379959725,0.999999999996351,139,0.47098976109215,0.986727630112569,0.999999999970122,0.378839590443686
"manuscript","hoa2","FLT1",59,0.197952218430034,0.927558685236726,0.999999999996351,70,0.235494880546075,0.890085824455143,0.999999999970122,0.037542662116041
"manuscript","hoa2","FMO2",222,0.754266211604096,0.997560045256927,0.999999999996351,160,0.542662116040956,0.994270662833774,0.999999999970122,-0.21160409556314
"manuscript","hoa2","FUT8",127,0.430034129692833,0.983717915124197,0.999999999996351,73,0.245733788395904,0.897413768550682,0.999999999970122,-0.184300341296928
"manuscript","hoa2","GABARAP",159,0.539249146757679,0.990784459363359,0.999999999996351,247,0.839590443686007,0.999924778361917,0.999999999970122,0.300341296928328
"manuscript","hoa2","GABARAPL2",226,0.767918088737201,0.997711673866717,0.999999999996351,188,0.638225255972696,0.999110216419165,0.999999999970122,-0.129692832764505
"manuscript","hoa2","GABPA",84,0.283276450511945,0.968649458591587,0.999999999996351,173,0.587030716723549,0.996169068360956,0.999999999970122,0.303754266211604
"manuscript","hoa2","GABRB2",277,0.9419795221843,0.999855509177865,0.999999999996351,189,0.641638225255973,0.999117259170882,0.999999999970122,-0.300341296928328
"manuscript","hoa2","GADD45G",136,0.460750853242321,0.987328769840231,0.999999999996351,238,0.808873720136519,0.999907240603617,0.999999999970122,0.348122866894198
"manuscript","hoa2","GBP1",115,0.389078498293515,0.980535954434753,0.999999999996351,287,0.976109215017065,0.99998863528498,0.999999999970122,0.587030716723549
"manuscript","hoa2","GCNT2",145,0.491467576791809,0.989025722678869,0.999999999996351,164,0.556313993174061,0.994909046318305,0.999999999970122,0.0648464163822525
"manuscript","hoa2","GIGYF1",280,0.95221843003413,0.999923907220089,0.999999999996351,266,0.904436860068259,0.999960151678971,0.999999999970122,-0.0477815699658702
"manuscript","hoa2","GIGYF2",126,0.426621160409556,0.983531411549569,0.999999999996351,272,0.924914675767918,0.999965119698373,0.999999999970122,0.498293515358362
"manuscript","hoa2","GPRC5A",231,0.784982935153584,0.99818960539403,0.999999999996351,184,0.62457337883959,0.997839070647796,0.999999999970122,-0.160409556313993
"manuscript","hoa2","GPRC5B",201,0.68259385665529,0.996221267869197,0.999999999996351,131,0.443686006825939,0.982651342556784,0.999999999970122,-0.238907849829352
"manuscript","hoa2","GPX4",144,0.488054607508532,0.989004372503257,0.999999999996351,10,0.0307167235494881,0.454235875280412,0.999999999970122,-0.457337883959044
"manuscript","hoa2","H19",197,0.668941979522184,0.996065333289301,0.999999999996351,90,0.303754266211604,0.944451281540362,0.999999999970122,-0.36518771331058
"manuscript","hoa2","HBEGF",56,0.187713310580205,0.925270850791,0.999999999996351,87,0.293515358361775,0.941514550878732,0.999999999970122,0.10580204778157
"manuscript","hoa2","HES1",7,0.0204778156996587,0.615161881479563,0.999999999996351,3,0.0068259385665529,0.0247305643284689,0.999999999970122,-0.0136518771331058
"manuscript","hoa2","HIF1A",122,0.41296928327645,0.982168788795978,0.999999999996351,233,0.791808873720137,0.999896802809789,0.999999999970122,0.378839590443686
"manuscript","hoa2","HLA-DQA1",180,0.610921501706485,0.993297536450774,0.999999999996351,281,0.955631399317406,0.99998210290507,0.999999999970122,0.344709897610922
"manuscript","hoa2","HMOX1",55,0.184300341296928,0.919463140975581,0.999999999996351,109,0.368600682593857,0.961649882906467,0.999999999970122,0.184300341296928
"manuscript","hoa2","HSPD1",98,0.331058020477816,0.974503710071863,0.999999999996351,193,0.655290102389078,0.999290866558554,0.999999999970122,0.324232081911263
"manuscript","hoa2","HSPE1",82,0.276450511945392,0.966615136685956,0.999999999996351,96,0.324232081911263,0.95182014944528,0.999999999970122,0.0477815699658703
"manuscript","hoa2","HTRA2",279,0.948805460750853,0.999861187385322,0.999999999996351,254,0.863481228668942,0.999939641826646,0.999999999970122,-0.0853242320819113
"manuscript","hoa2","ICAM1",3,0.0068259385665529,0.430360156634065,0.999999999996351,8,0.0238907849829352,0.230422442747229,0.999999999970122,0.0170648464163823
"manuscript","hoa2","ICAM4",15,0.0477815699658703,0.694644339497901,0.999999999996351,21,0.068259385665529,0.598577783847363,0.999999999970122,0.0204778156996587
"manuscript","hoa2","IER3",38,0.126279863481229,0.874806569731483,0.999999999996351,75,0.252559726962457,0.903521301402394,0.999999999970122,0.126279863481229
"manuscript","hoa2","IFIT1",206,0.699658703071672,0.996471806882177,0.999999999996351,278,0.945392491467577,0.999979543934452,0.999999999970122,0.245733788395904
"manuscript","hoa2","IFIT2",268,0.911262798634812,0.999697788451635,0.999999999996351,208,0.706484641638225,0.999802213201048,0.999999999970122,-0.204778156996587
"manuscript","hoa2","IFIT3",147,0.498293515358362,0.989589285103227,0.999999999996351,282,0.959044368600683,0.999982830274104,0.999999999970122,0.460750853242321
"manuscript","hoa2","IFT88",229,0.778156996587031,0.998093806971931,0.999999999996351,239,0.812286689419795,0.999907602832899,0.999999999970122,0.0341296928327645
"manuscript","hoa2","IGFBP5",165,0.559726962457338,0.991333325519888,0.999999999996351,286,0.972696245733788,0.999987212438062,0.999999999970122,0.412969283276451
"manuscript","hoa2","IKBKB",263,0.89419795221843,0.999568547729367,0.999999999996351,156,0.52901023890785,0.993254055884649,0.999999999970122,-0.36518771331058
"manuscript","hoa2","IL32",220,0.747440273037543,0.997351937627822,0.999999999996351,111,0.37542662116041,0.965249788158818,0.999999999970122,-0.372013651877133
"manuscript","hoa2","INF2",275,0.935153583617747,0.999792815160625,0.999999999996351,264,0.897610921501707,0.999958635768169,0.999999999970122,-0.037542662116041
"manuscript","hoa2","INHBB",151,0.511945392491468,0.98995915673632,0.999999999996351,240,0.815699658703072,0.999909391073506,0.999999999970122,0.303754266211604
"manuscript","hoa2","INMT",224,0.761092150170648,0.997615196466224,0.999999999996351,237,0.805460750853242,0.999904604754272,0.999999999970122,0.0443686006825939
"manuscript","hoa2","IRF3",44,0.146757679180887,0.89611078186139,0.999999999996351,65,0.218430034129693,0.873163613375931,0.999999999970122,0.0716723549488055
"manuscript","hoa2","IRF7",291,0.989761092150171,0.999999999994992,0.999999999996351,294,1,0.999999999970122,0.999999999970122,0.0102389078498294
"manuscript","hoa2","ISG15",242,0.822525597269625,0.998853892563273,0.999999999996351,220,0.747440273037543,0.999859997464754,0.999999999970122,-0.0750853242320819
"manuscript","hoa2","JAG1",111,0.37542662116041,0.979551020257325,0.999999999996351,89,0.300341296928328,0.943654259125338,0.999999999970122,-0.0750853242320819
"manuscript","hoa2","JAG2",193,0.655290102389078,0.995368996345222,0.999999999996351,39,0.129692832764505,0.786608734747884,0.999999999970122,-0.525597269624573
"manuscript","hoa2","KCNQ1OT1",42,0.139931740614334,0.895683258024682,0.999999999996351,104,0.351535836177474,0.957842490417956,0.999999999970122,0.21160409556314
"manuscript","hoa2","KDM6B",18,0.0580204778156997,0.733695606798766,0.999999999996351,24,0.0784982935153584,0.690022925449149,0.999999999970122,0.0204778156996587
"manuscript","hoa2","KDR",5,0.0136518771331058,0.554632363800291,0.999999999996351,34,0.112627986348123,0.736443402043378,0.999999999970122,0.0989761092150171
"manuscript","hoa2","KEAP1",154,0.522184300341297,0.990235834527289,0.999999999996351,258,0.877133105802048,0.99995109416006,0.999999999970122,0.354948805460751
"manuscript","hoa2","KIAA0040",156,0.52901023890785,0.990597092811873,0.999999999996351,183,0.621160409556314,0.997701468459884,0.999999999970122,0.0921501706484642
"manuscript","hoa2","LAMA3",188,0.638225255972696,0.99459847243624,0.999999999996351,94,0.31740614334471,0.951297781241241,0.999999999970122,-0.320819112627986
"manuscript","hoa2","LATS1",210,0.713310580204778,0.996756702432127,0.999999999996351,279,0.948805460750853,0.999979873227027,0.999999999970122,0.235494880546075
"manuscript","hoa2","LATS2",266,0.904436860068259,0.999673459409467,0.999999999996351,167,0.566552901023891,0.995125420163521,0.999999999970122,-0.337883959044369
"manuscript","hoa2","LCN6",200,0.679180887372014,0.996136804531929,0.999999999996351,207,0.703071672354949,0.999787420492707,0.999999999970122,0.0238907849829352
"manuscript","hoa2","LEPR",168,0.569965870307167,0.992072680944909,0.999999999996351,53,0.177474402730375,0.842204017448168,0.999999999970122,-0.392491467576792
"manuscript","hoa2","LGALS1",169,0.573378839590444,0.992308010238213,0.999999999996351,191,0.648464163822526,0.999268966706138,0.999999999970122,0.0750853242320819
"manuscript","hoa2","LINC00472",43,0.143344709897611,0.895801868920168,0.999999999996351,37,0.122866894197952,0.7673771208387,0.999999999970122,-0.0204778156996587
"manuscript","hoa2","LONP1",293,0.996587030716723,0.999999999996057,0.999999999996351,276,0.938566552901024,0.999977874524085,0.999999999970122,-0.0580204778156996
"manuscript","hoa2","LRG1",25,0.0819112627986348,0.805447165977063,0.999999999996351,71,0.238907849829352,0.891146484085246,0.999999999970122,0.156996587030717
"manuscript","hoa2","LTBP4",77,0.25938566552901,0.962685962066163,0.999999999996351,48,0.160409556313993,0.826804951171256,0.999999999970122,-0.098976109215017
"manuscript","hoa2","MAP1B",133,0.450511945392491,0.986526998293664,0.999999999996351,116,0.392491467576792,0.970382828488945,0.999999999970122,-0.0580204778156996
"manuscript","hoa2","MAP1LC3B",40,0.133105802047782,0.87914198062507,0.999999999996351,46,0.15358361774744,0.817675853776604,0.999999999970122,0.0204778156996587
"manuscript","hoa2","MCAM",187,0.63481228668942,0.994567478664256,0.999999999996351,150,0.508532423208191,0.990937139608316,0.999999999970122,-0.126279863481229
"manuscript","hoa2","MCL1",14,0.0443686006825939,0.677585359940396,0.999999999996351,22,0.0716723549488055,0.673643072591028,0.999999999970122,0.0273037542662116
"manuscript","hoa2","MEOX2",270,0.918088737201365,0.999718572627477,0.999999999996351,248,0.843003412969283,0.999928894221108,0.999999999970122,-0.0750853242320819
"manuscript","hoa2","MET",247,0.839590443686007,0.999174816160501,0.999999999996351,182,0.617747440273038,0.997665460274191,0.999999999970122,-0.221843003412969
"manuscript","hoa2","MFF",281,0.955631399317406,0.999932714687573,0.999999999996351,217,0.737201365187713,0.999857245552629,0.999999999970122,-0.218430034129693
"manuscript","hoa2","MFN1",121,0.409556313993174,0.982099936637487,0.999999999996351,268,0.911262798634812,0.999961840275142,0.999999999970122,0.501706484641638
"manuscript","hoa2","MFN2",261,0.887372013651877,0.999508510645949,0.999999999996351,270,0.918088737201365,0.999963498817802,0.999999999970122,0.0307167235494881
"manuscript","hoa2","MGP",94,0.31740614334471,0.973142619765049,0.999999999996351,114,0.385665529010239,0.967897478272224,0.999999999970122,0.068259385665529
"manuscript","hoa2","MIGA1",252,0.856655290102389,0.99932537302791,0.999999999996351,228,0.774744027303754,0.999889578990427,0.999999999970122,-0.0819112627986348
"manuscript","hoa2","MIR222HG",10,0.0307167235494881,0.66473815442703,0.999999999996351,35,0.116040955631399,0.757234563439177,0.999999999970122,0.0853242320819113
"manuscript","hoa2","MIR22HG",89,0.300341296928328,0.970836205799754,0.999999999996351,108,0.36518771331058,0.961034975829562,0.999999999970122,0.0648464163822525
"manuscript","hoa2","MMP2",79,0.266211604095563,0.964899268382077,0.999999999996351,80,0.26962457337884,0.918252543666918,0.999999999970122,0.00341296928327645
"manuscript","hoa2","MSX1",69,0.232081911262799,0.953083270438305,0.999999999996351,142,0.48122866894198,0.98747693234926,0.999999999970122,0.249146757679181
"manuscript","hoa2","MT1E",152,0.515358361774744,0.990075190015833,0.999999999996351,288,0.979522184300341,0.9999900379227,0.999999999970122,0.464163822525597
"manuscript","hoa2","MT1X",104,0.351535836177474,0.976323256645161,0.999999999996351,178,0.604095563139932,0.997344020480788,0.999999999970122,0.252559726962457
"manuscript","hoa2","MT2A",47,0.156996587030717,0.904123691778485,0.999999999996351,33,0.109215017064846,0.722683143593186,0.999999999970122,-0.0477815699658703
"manuscript","hoa2","MTCH2",41,0.136518771331058,0.890863508076944,0.999999999996351,230,0.781569965870307,0.999892078799166,0.999999999970122,0.645051194539249
"manuscript","hoa2","MTFR1L",234,0.795221843003413,0.998450421340135,0.999999999996351,259,0.880546075085324,0.999953604782955,0.999999999970122,0.0853242320819113
"manuscript","hoa2","MTOR",157,0.532423208191126,0.990642571245056,0.999999999996351,163,0.552901023890785,0.994764680372687,0.999999999970122,0.0204778156996587
"manuscript","hoa2","MX1",190,0.645051194539249,0.995157376168667,0.999999999996351,256,0.870307167235495,0.999948630152211,0.999999999970122,0.225255972696246
"manuscript","hoa2","NBR1",134,0.453924914675768,0.986679951707675,0.999999999996351,85,0.286689419795222,0.93808058394579,0.999999999970122,-0.167235494880546
"manuscript","hoa2","NDUFA1",73,0.245733788395904,0.96079638153548,0.999999999996351,185,0.627986348122867,0.998534934843281,0.999999999970122,0.382252559726962
"manuscript","hoa2","NDUFB8",255,0.866894197952218,0.999391464895075,0.999999999996351,98,0.331058020477816,0.954376877150865,0.999999999970122,-0.535836177474403
"manuscript","hoa2","NDUFS1",251,0.853242320819113,0.999308877311707,0.999999999996351,227,0.771331058020478,0.999876823285291,0.999999999970122,-0.0819112627986348
"manuscript","hoa2","NFE2L2",96,0.324232081911263,0.974007586679073,0.999999999996351,176,0.597269624573379,0.996878827347415,0.999999999970122,0.273037542662116
"manuscript","hoa2","NFKB1",93,0.313993174061433,0.972612359683548,0.999999999996351,273,0.928327645051195,0.999970401937501,0.999999999970122,0.614334470989761
"manuscript","hoa2","NFKBIA",4,0.0102389078498294,0.432600373046186,0.999999999996351,4,0.0102389078498294,0.0941043549310972,0.999999999970122,0
"manuscript","hoa2","NIBAN1",153,0.51877133105802,0.990076143819843,0.999999999996351,204,0.692832764505119,0.999769912110638,0.999999999970122,0.174061433447099
"manuscript","hoa2","NR4A1",13,0.0409556313993174,0.675685487184511,0.999999999996351,32,0.10580204778157,0.714337804416696,0.999999999970122,0.0648464163822526
"manuscript","hoa2","NR4A2",19,0.0614334470989761,0.761262620466661,0.999999999996351,14,0.0443686006825939,0.504584128673131,0.999999999970122,-0.0170648464163822
"manuscript","hoa2","NSUN6",11,0.0341296928327645,0.665006821948534,0.999999999996351,43,0.143344709897611,0.813253203225124,0.999999999970122,0.109215017064846
"manuscript","hoa2","OPA1",253,0.860068259385666,0.999327923376334,0.999999999996351,241,0.819112627986348,0.999909777245923,0.999999999970122,-0.0409556313993175
"manuscript","hoa2","OPTN",288,0.979522184300341,0.999989013608242,0.999999999996351,226,0.767918088737201,0.999875924861727,0.999999999970122,-0.21160409556314
"manuscript","hoa2","PARL",239,0.812286689419795,0.998820237274577,0.999999999996351,206,0.699658703071672,0.999779488644848,0.999999999970122,-0.112627986348123
"manuscript","hoa2","PDGFB",203,0.689419795221843,0.996380374683401,0.999999999996351,51,0.170648464163823,0.834554593230427,0.999999999970122,-0.518771331058021
"manuscript","hoa2","PECAM1",32,0.10580204778157,0.846349943791768,0.999999999996351,15,0.0477815699658703,0.512640297982047,0.999999999970122,-0.0580204778156997
"manuscript","hoa2","PGF",172,0.583617747440273,0.992893396680181,0.999999999996351,155,0.525597269624573,0.992806741268645,0.999999999970122,-0.0580204778156996
"manuscript","hoa2","PHB2",139,0.47098976109215,0.987910827929326,0.999999999996351,194,0.658703071672355,0.999401633203015,0.999999999970122,0.187713310580205
"manuscript","hoa2","PHLDA1",110,0.372013651877133,0.979254121815216,0.999999999996351,172,0.583617747440273,0.996157691288692,0.999999999970122,0.21160409556314
"manuscript","hoa2","PIK3R3",191,0.648464163822526,0.995248289099156,0.999999999996351,91,0.307167235494881,0.949158077579469,0.999999999970122,-0.341296928327645
"manuscript","hoa2","PIM1",118,0.399317406143345,0.981977343762151,0.999999999996351,147,0.498293515358362,0.988418896819952,0.999999999970122,0.098976109215017
"manuscript","hoa2","PINK1",264,0.897610921501707,0.999576335985215,0.999999999996351,118,0.399317406143345,0.972639886753003,0.999999999970122,-0.498293515358362
"manuscript","hoa2","PLAC9",149,0.505119453924915,0.989683749594565,0.999999999996351,263,0.89419795221843,0.999958031897345,0.999999999970122,0.389078498293515
"manuscript","hoa2","PLAUR",143,0.484641638225256,0.988858911057432,0.999999999996351,215,0.73037542662116,0.999848475458653,0.999999999970122,0.245733788395904
"manuscript","hoa2","PLEKHG2",171,0.580204778156997,0.992458489359821,0.999999999996351,159,0.539249146757679,0.993533452717572,0.999999999970122,-0.0409556313993173
"manuscript","hoa2","PMAIP1",87,0.293515358361775,0.970101172678968,0.999999999996351,284,0.965870307167236,0.999984760411364,0.999999999970122,0.672354948805461
"manuscript","hoa2","PMPCA",273,0.928327645051195,0.999773111661955,0.999999999996351,128,0.433447098976109,0.978696207928013,0.999999999970122,-0.494880546075085
"manuscript","hoa2","PMPCB",205,0.696245733788396,0.996460181985429,0.999999999996351,129,0.436860068259386,0.980082387911165,0.999999999970122,-0.25938566552901
"manuscript","hoa2","PPP1R14A",189,0.641638225255973,0.99514642102032,0.999999999996351,58,0.194539249146758,0.858394616766684,0.999999999970122,-0.447098976109215
"manuscript","hoa2","PRDX1",214,0.726962457337884,0.996946634035416,0.999999999996351,12,0.037542662116041,0.459728707069746,0.999999999970122,-0.689419795221843
"manuscript","hoa2","PRDX2",119,0.402730375426621,0.981988392936813,0.999999999996351,55,0.184300341296928,0.849984443365346,0.999999999970122,-0.218430034129693
"manuscript","hoa2","PRDX3",246,0.83617747440273,0.99907864782522,0.999999999996351,218,0.74061433447099,0.999857981708701,0.999999999970122,-0.0955631399317406
"manuscript","hoa2","PRDX5",53,0.177474402730375,0.913423626363277,0.999999999996351,9,0.0273037542662116,0.355516190497507,0.999999999970122,-0.150170648464164
"manuscript","hoa2","PRKX",137,0.464163822525597,0.987625923640197,0.999999999996351,162,0.549488054607508,0.99433814738753,0.999999999970122,0.0853242320819112
"manuscript","hoa2","RASGEF1B",278,0.945392491467577,0.999860203379176,0.999999999996351,209,0.709897610921502,0.99981749336525,0.999999999970122,-0.235494880546075
"manuscript","hoa2","RCAN1",142,0.48122866894198,0.988713287376212,0.999999999996351,222,0.754266211604096,0.999861330456284,0.999999999970122,0.273037542662116
"manuscript","hoa2","RELA",141,0.477815699658703,0.98871121728965,0.999999999996351,235,0.798634812286689,0.999904159875914,0.999999999970122,0.320819112627986
"manuscript","hoa2","RGS16",39,0.129692832764505,0.876834332004641,0.999999999996351,77,0.25938566552901,0.909142690212033,0.999999999970122,0.129692832764505
"manuscript","hoa2","RGS2",284,0.965870307167236,0.999977965490223,0.999999999996351,262,0.890784982935154,0.999955995344034,0.999999999970122,-0.0750853242320819
"manuscript","hoa2","RHEB",120,0.406143344709898,0.982080431180574,0.999999999996351,216,0.733788395904437,0.999850091652815,0.999999999970122,0.327645051194539
"manuscript","hoa2","RND1",60,0.201365187713311,0.93174379881996,0.999999999996351,100,0.337883959044369,0.955680485915176,0.999999999970122,0.136518771331058
"manuscript","hoa2","RND3",290,0.986348122866894,0.999999944316106,0.999999999996351,285,0.969283276450512,0.999985287620755,0.999999999970122,-0.0170648464163823
"manuscript","hoa2","RNPC3",177,0.600682593856655,0.9931604173719,0.999999999996351,267,0.907849829351536,0.999960899977907,0.999999999970122,0.30716723549488
"manuscript","hoa2","RPL32P3",49,0.16382252559727,0.908353355021826,0.999999999996351,138,0.467576791808874,0.986507923903383,0.999999999970122,0.303754266211604
"manuscript","hoa2","RPS6KA5",258,0.877133105802048,0.999459255268501,0.999999999996351,246,0.83617747440273,0.999919117082594,0.999999999970122,-0.0409556313993173
"manuscript","hoa2","RPS6KB1",240,0.815699658703072,0.99884269276736,0.999999999996351,265,0.901023890784983,0.999959882748371,0.999999999970122,0.0853242320819112
"manuscript","hoa2","RRN3P1",66,0.221843003412969,0.944448144529662,0.999999999996351,105,0.354948805460751,0.958383274792887,0.999999999970122,0.133105802047782
"manuscript","hoa2","SELE",6,0.0170648464163823,0.600817960715528,0.999999999996351,16,0.0511945392491468,0.53488815367859,0.999999999970122,0.0341296928327645
"manuscript","hoa2","SEMA3A",113,0.382252559726962,0.980229984882926,0.999999999996351,121,0.409556313993174,0.975582773419488,0.999999999970122,0.0273037542662116
"manuscript","hoa2","SEMA3G",101,0.341296928327645,0.975535196316895,0.999999999996351,36,0.119453924914676,0.759279137506095,0.999999999970122,-0.221843003412969
"manuscript","hoa2","SEMA4A",21,0.068259385665529,0.793989266351243,0.999999999996351,52,0.174061433447099,0.838148189168202,0.999999999970122,0.10580204778157
"manuscript","hoa2","SERPINE1",37,0.122866894197952,0.870628727874287,0.999999999996351,125,0.42320819112628,0.976172653657811,0.999999999970122,0.300341296928328
"manuscript","hoa2","SIPA1L2",194,0.658703071672355,0.995714839715689,0.999999999996351,74,0.249146757679181,0.901135647650364,0.999999999970122,-0.409556313993174
"manuscript","hoa2","SLC25A44",20,0.0648464163822526,0.78124694120034,0.999999999996351,47,0.156996587030717,0.819499043752091,0.999999999970122,0.0921501706484642
"manuscript","hoa2","SLC26A2",241,0.819112627986348,0.998849194695512,0.999999999996351,144,0.488054607508532,0.987651566446827,0.999999999970122,-0.331058020477816
"manuscript","hoa2","SLC4A7",245,0.832764505119454,0.99906270368865,0.999999999996351,277,0.9419795221843,0.999978243064932,0.999999999970122,0.109215017064846
"manuscript","hoa2","SLC5A3",230,0.781569965870307,0.998122945891586,0.999999999996351,289,0.982935153583618,0.999990784586608,0.999999999970122,0.201365187713311
"manuscript","hoa2","SLC6A6",204,0.692832764505119,0.996394610643268,0.999999999996351,44,0.146757679180887,0.817011037844702,0.999999999970122,-0.546075085324232
"manuscript","hoa2","SNORD3A",175,0.593856655290102,0.993015254703607,0.999999999996351,141,0.477815699658703,0.987174499237094,0.999999999970122,-0.116040955631399
"manuscript","hoa2","SOD1",215,0.73037542662116,0.996955749745169,0.999999999996351,187,0.63481228668942,0.998921642338082,0.999999999970122,-0.0955631399317406
"manuscript","hoa2","SOD2",27,0.0887372013651877,0.816173100630084,0.999999999996351,137,0.464163822525597,0.985546570264893,0.999999999970122,0.37542662116041
"manuscript","hoa2","SOX13",130,0.440273037542662,0.986061639037176,0.999999999996351,99,0.334470989761092,0.954915577980848,0.999999999970122,-0.10580204778157
"manuscript","hoa2","SOX17",95,0.320819112627986,0.973565329180114,0.999999999996351,106,0.358361774744027,0.959025104875289,0.999999999970122,0.037542662116041
"manuscript","hoa2","SRGN",88,0.296928327645051,0.970236875711478,0.999999999996351,50,0.167235494880546,0.834542913540686,0.999999999970122,-0.129692832764505
"manuscript","hoa2","SYBU",265,0.901023890784983,0.999672807342506,0.999999999996351,275,0.935153583617747,0.999974502855098,0.999999999970122,0.0341296928327646
"manuscript","hoa2","SYNJ2",140,0.474402730375427,0.988231832181975,0.999999999996351,148,0.501706484641638,0.988909621859801,0.999999999970122,0.0273037542662116
"manuscript","hoa2","SYT11",199,0.675767918088737,0.996087031324332,0.999999999996351,97,0.327645051194539,0.952651906283109,0.999999999970122,-0.348122866894198
"manuscript","hoa2","TAGLN",235,0.798634812286689,0.998473674254729,0.999999999996351,203,0.689419795221843,0.999728389233926,0.999999999970122,-0.109215017064846
"manuscript","hoa2","TAX1BP1",243,0.825938566552901,0.99892843658391,0.999999999996351,252,0.856655290102389,0.999936262984408,0.999999999970122,0.0307167235494881
"manuscript","hoa2","TBK1",179,0.607508532423208,0.993281383075119,0.999999999996351,290,0.986348122866894,0.999991510478507,0.999999999970122,0.378839590443686
"manuscript","hoa2","TCF15",221,0.750853242320819,0.99755008354004,0.999999999996351,134,0.453924914675768,0.984157283422532,0.999999999970122,-0.296928327645051
"manuscript","hoa2","TEAD1",158,0.535836177474403,0.990695691268876,0.999999999996351,136,0.460750853242321,0.985046475811186,0.999999999970122,-0.0750853242320819
"manuscript","hoa2","TEAD4",232,0.78839590443686,0.998240374310921,0.999999999996351,242,0.822525597269625,0.999910741855942,0.999999999970122,0.0341296928327646
"manuscript","hoa2","TEK",218,0.74061433447099,0.997157949235992,0.999999999996351,13,0.0409556313993174,0.488007380814486,0.999999999970122,-0.699658703071672
"manuscript","hoa2","TFAM",148,0.501706484641638,0.989632709303522,0.999999999996351,201,0.68259385665529,0.999710314686484,0.999999999970122,0.180887372013652
"manuscript","hoa2","THBS1",236,0.802047781569966,0.99853666977151,0.999999999996351,283,0.962457337883959,0.999983310085477,0.999999999970122,0.160409556313993
"manuscript","hoa2","THY1",182,0.617747440273038,0.99354893869979,0.999999999996351,253,0.860068259385666,0.999937702115385,0.999999999970122,0.242320819112628
"manuscript","hoa2","TIMP4",176,0.597269624573379,0.993036709134918,0.999999999996351,244,0.829351535836177,0.999918387771024,0.999999999970122,0.232081911262799
"manuscript","hoa2","TIPARP",31,0.102389078498294,0.838120894912733,0.999999999996351,66,0.221843003412969,0.875839099653915,0.999999999970122,0.119453924914676
"manuscript","hoa2","TLCD2",287,0.976109215017065,0.999988862419716,0.999999999996351,122,0.41296928327645,0.975724970268023,0.999999999970122,-0.563139931740614
"manuscript","hoa2","TM6SF1",161,0.546075085324232,0.990833348633459,0.999999999996351,103,0.348122866894198,0.9571378621354,0.999999999970122,-0.197952218430034
"manuscript","hoa2","TMEM161B-AS1",63,0.21160409556314,0.942863249432209,0.999999999996351,42,0.139931740614334,0.811880032890752,0.999999999970122,-0.0716723549488055
"manuscript","hoa2","TMEM173",244,0.829351535836177,0.999012705032442,0.999999999996351,181,0.614334470989761,0.997644861076969,0.999999999970122,-0.215017064846416
"manuscript","hoa2","TNFAIP3",34,0.112627986348123,0.862306246133662,0.999999999996351,18,0.0580204778156997,0.572320140528033,0.999999999970122,-0.0546075085324232
"manuscript","hoa2","TNFRSF4",195,0.662116040955631,0.99579356718006,0.999999999996351,166,0.563139931740614,0.995096640404438,0.999999999970122,-0.098976109215017
"manuscript","hoa2","TRAP1",146,0.494880546075085,0.989204210841854,0.999999999996351,177,0.600682593856655,0.997049196062316,0.999999999970122,0.10580204778157
"manuscript","hoa2","TRDMT1",65,0.218430034129693,0.94412568123268,0.999999999996351,102,0.344709897610922,0.956907727278037,0.999999999970122,0.126279863481229
"manuscript","hoa2","TSC1",274,0.931740614334471,0.999775807744929,0.999999999996351,171,0.580204778156997,0.995940648423852,0.999999999970122,-0.351535836177474
"manuscript","hoa2","TSC2",211,0.716723549488055,0.996928044084154,0.999999999996351,180,0.610921501706485,0.997543296301321,0.999999999970122,-0.10580204778157
"manuscript","hoa2","TSPAN13",105,0.354948805460751,0.976399534856083,0.999999999996351,40,0.133105802047782,0.795086977113668,0.999999999970122,-0.221843003412969
"manuscript","hoa2","TTC21B",166,0.563139931740614,0.991900286666442,0.999999999996351,67,0.225255972696246,0.878965707115367,0.999999999970122,-0.337883959044369
"manuscript","hoa2","TXN2",135,0.457337883959044,0.986966784789502,0.999999999996351,224,0.761092150170648,0.999866513424974,0.999999999970122,0.303754266211604
"manuscript","hoa2","ULK1",192,0.651877133105802,0.995346997785065,0.999999999996351,225,0.764505119453925,0.999874133562446,0.999999999970122,0.112627986348123
"manuscript","hoa2","UQCRB",45,0.150170648464164,0.900969171298932,0.999999999996351,31,0.102389078498294,0.710563786603217,0.999999999970122,-0.0477815699658703
"manuscript","hoa2","UQCRC1",184,0.62457337883959,0.993909526918968,0.999999999996351,199,0.675767918088737,0.999691295869859,0.999999999970122,0.0511945392491467
"manuscript","hoa2","UQCRC2",86,0.290102389078498,0.969571540993228,0.999999999996351,149,0.505119453924915,0.989915103872793,0.999999999970122,0.215017064846416
"manuscript","hoa2","VCAM1",238,0.808873720136519,0.9986054569888,0.999999999996351,190,0.645051194539249,0.999222355360513,0.999999999970122,-0.16382252559727
"manuscript","hoa2","VCAN",52,0.174061433447099,0.910438501506396,0.999999999996351,30,0.0989761092150171,0.70972128199888,0.999999999970122,-0.0750853242320819
"manuscript","hoa2","VCP",112,0.378839590443686,0.980161641866189,0.999999999996351,83,0.279863481228669,0.926560654760193,0.999999999970122,-0.098976109215017
"manuscript","hoa2","VDAC1",116,0.392491467576792,0.98118415357914,0.999999999996351,213,0.723549488054608,0.999831323439474,0.999999999970122,0.331058020477816
"manuscript","hoa2","VDAC2",173,0.587030716723549,0.992964828564189,0.999999999996351,196,0.665529010238908,0.999473008145907,0.999999999970122,0.0784982935153584
"manuscript","hoa2","VDAC3",219,0.744027303754266,0.997222260955005,0.999999999996351,195,0.662116040955631,0.999464394169466,0.999999999970122,-0.0819112627986348
"manuscript","hoa2","VEGFC",123,0.416382252559727,0.98267127469846,0.999999999996351,153,0.51877133105802,0.992198001718984,0.999999999970122,0.102389078498293
"manuscript","hoa2","VSIR",106,0.358361774744027,0.97654524315502,0.999999999996351,62,0.208191126279863,0.863237392534336,0.999999999970122,-0.150170648464164
"manuscript","hoa2","VWF",1,0,0.211744584551328,0.999999999996351,5,0.0136518771331058,0.140886199524827,0.999999999970122,0.0136518771331058
"manuscript","hoa2","WDR44",217,0.737201365187713,0.997106716730382,0.999999999996351,127,0.430034129692833,0.978389807343105,0.999999999970122,-0.307167235494881
"manuscript","hoa2","WWTR1",117,0.395904436860068,0.981797224433918,0.999999999996351,27,0.0887372013651877,0.706317708921535,0.999999999970122,-0.307167235494881
"manuscript","hoa2","YAP1",196,0.665529010238908,0.995932793291147,0.999999999996351,223,0.757679180887372,0.999862377480723,0.999999999970122,0.0921501706484641
"manuscript","hoa2","YME1L1",68,0.228668941979522,0.9452417851464,0.999999999996351,119,0.402730375426621,0.973623727519966,0.999999999970122,0.174061433447099
"manuscript","hoa2","ZEB2",164,0.556313993174061,0.991285793515612,0.999999999996351,269,0.914675767918089,0.999962025756181,0.999999999970122,0.358361774744027
"manuscript","hoa2","ZNF224",185,0.627986348122867,0.994186746195915,0.999999999996351,86,0.290102389078498,0.94026715427708,0.999999999970122,-0.337883959044369
"manuscript","hoa2","ZNF331",283,0.962457337883959,0.999972085555142,0.999999999996351,229,0.778156996587031,0.9998911267949,0.999999999970122,-0.184300341296928
"manuscript","hoa3","AC002558.3",161,0.546075085324232,0.996542152574374,0.999999999992947,208,0.706484641638225,0.999095278289539,0.999999999988964,0.160409556313993
"manuscript","hoa3","AC010359.3",173,0.587030716723549,0.997659134912937,0.999999999992947,126,0.426621160409556,0.991268093335038,0.999999999988964,-0.160409556313993
"manuscript","hoa3","AC091271.1",241,0.819112627986348,0.999753535252931,0.999999999992947,241,0.819112627986348,0.999866064056687,0.999999999988964,0
"manuscript","hoa3","AC109326.1",238,0.808873720136519,0.99971519747911,0.999999999992947,271,0.921501706484642,0.99995767735051,0.999999999988964,0.112627986348123
"manuscript","hoa3","ACE",147,0.498293515358362,0.99571359018315,0.999999999992947,157,0.532423208191126,0.994969521643718,0.999999999988964,0.0341296928327646
"manuscript","hoa3","ACKR1",13,0.0409556313993174,0.632813152740097,0.999999999992947,9,0.0273037542662116,0.0321693690007229,0.999999999988964,-0.0136518771331058
"manuscript","hoa3","ADAMTS1",127,0.430034129692833,0.993752123967228,0.999999999992947,131,0.443686006825939,0.992480712992609,0.999999999988964,0.0136518771331058
"manuscript","hoa3","ADAMTS4",21,0.068259385665529,0.71974607134393,0.999999999992947,31,0.102389078498294,0.729838801099268,0.999999999988964,0.0341296928327645
"manuscript","hoa3","ADAMTS6",192,0.651877133105802,0.99833941376616,0.999999999992947,93,0.313993174061433,0.982825844786947,0.999999999988964,-0.337883959044369
"manuscript","hoa3","ADAMTS9",43,0.143344709897611,0.871656497121595,0.999999999992947,59,0.197952218430034,0.94265353260731,0.999999999988964,0.0546075085324232
"manuscript","hoa3","ADGRG6",5,0.0136518771331058,0.370545895747061,0.999999999992947,11,0.0341296928327645,0.11749605500412,0.999999999988964,0.0204778156996587
"manuscript","hoa3","ADM",277,0.9419795221843,0.999984127039249,0.999999999992947,200,0.679180887372014,0.998682305384748,0.999999999988964,-0.262798634812287
"manuscript","hoa3","AFG3L2",259,0.880546075085324,0.999928328280762,0.999999999992947,254,0.863481228668942,0.999902441324479,0.999999999988964,-0.0170648464163823
"manuscript","hoa3","AKAP12",49,0.16382252559727,0.895321575844958,0.999999999992947,62,0.208191126279863,0.951073176309405,0.999999999988964,0.0443686006825939
"manuscript","hoa3","AKT1",186,0.631399317406143,0.998179358234535,0.999999999992947,291,0.989761092150171,0.99999999998552,0.999999999988964,0.358361774744027
"manuscript","hoa3","ANKRD29",77,0.25938566552901,0.97910489680908,0.999999999992947,72,0.242320819112628,0.964856204997536,0.999999999988964,-0.0170648464163822
"manuscript","hoa3","ANKRD42",124,0.419795221843003,0.993598997216288,0.999999999992947,154,0.522184300341297,0.994871384290659,0.999999999988964,0.102389078498294
"manuscript","hoa3","APOD",195,0.662116040955631,0.998405341224548,0.999999999992947,144,0.488054607508532,0.994288179383067,0.999999999988964,-0.174061433447099
"manuscript","hoa3","AQP7",201,0.68259385665529,0.998637014552541,0.999999999992947,156,0.52901023890785,0.994904909061805,0.999999999988964,-0.15358361774744
"manuscript","hoa3","ARL15",118,0.399317406143345,0.992776018322414,0.999999999992947,115,0.389078498293515,0.989740232533236,0.999999999988964,-0.0102389078498293
"manuscript","hoa3","ARL4C",290,0.986348122866894,0.999999999992792,0.999999999992947,290,0.986348122866894,0.999999978271272,0.999999999988964,0
"manuscript","hoa3","ATF3",62,0.208191126279863,0.951795869579112,0.999999999992947,75,0.252559726962457,0.967771990109585,0.999999999988964,0.0443686006825939
"manuscript","hoa3","ATG5",215,0.73037542662116,0.999135075531562,0.999999999992947,240,0.815699658703072,0.99985966408248,0.999999999988964,0.0853242320819113
"manuscript","hoa3","ATP13A3",78,0.262798634812287,0.979284139545731,0.999999999992947,69,0.232081911262799,0.961181581897391,0.999999999988964,-0.0307167235494881
"manuscript","hoa3","ATP5F1A",15,0.0477815699658703,0.646827034841608,0.999999999992947,54,0.180887372013652,0.927052977099309,0.999999999988964,0.133105802047782
"manuscript","hoa3","ATP5F1B",254,0.863481228668942,0.999896747949708,0.999999999992947,74,0.249146757679181,0.967394815037321,0.999999999988964,-0.614334470989761
"manuscript","hoa3","ATP5MC1",23,0.0750853242320819,0.739377304984942,0.999999999992947,37,0.122866894197952,0.797995781103725,0.999999999988964,0.0477815699658703
"manuscript","hoa3","ATP8A1",125,0.42320819112628,0.993659103764095,0.999999999992947,111,0.37542662116041,0.988490546423249,0.999999999988964,-0.0477815699658704
"manuscript","hoa3","B3GNT5",37,0.122866894197952,0.843037141835056,0.999999999992947,49,0.16382252559727,0.91059463683279,0.999999999988964,0.0409556313993174
"manuscript","hoa3","BAX",231,0.784982935153584,0.999562065286105,0.999999999992947,204,0.692832764505119,0.998899788081867,0.999999999988964,-0.0921501706484642
"manuscript","hoa3","BCL2L1",250,0.849829351535836,0.999883076870762,0.999999999992947,246,0.83617747440273,0.999885356756357,0.999999999988964,-0.0136518771331058
"manuscript","hoa3","BCL2L13",233,0.791808873720137,0.999578492687608,0.999999999992947,98,0.331058020477816,0.985286796368852,0.999999999988964,-0.460750853242321
"manuscript","hoa3","BGN",240,0.815699658703072,0.999752329610386,0.999999999992947,229,0.778156996587031,0.999791708327117,0.999999999988964,-0.037542662116041
"manuscript","hoa3","BID",93,0.313993174061433,0.985484240803103,0.999999999992947,160,0.542662116040956,0.995372814733067,0.999999999988964,0.228668941979522
"manuscript","hoa3","BIRC3",41,0.136518771331058,0.861917167113405,0.999999999992947,48,0.160409556313993,0.901645318195289,0.999999999988964,0.0238907849829351
"manuscript","hoa3","BMP4",35,0.116040955631399,0.837402861652397,0.999999999992947,25,0.0819112627986348,0.604578694533708,0.999999999988964,-0.0341296928327645
"manuscript","hoa3","BNIP3",214,0.726962457337884,0.999105557206705,0.999999999992947,279,0.948805460750853,0.999969115140023,0.999999999988964,0.221843003412969
"manuscript","hoa3","BNIP3L",276,0.938566552901024,0.999984066108073,0.999999999992947,248,0.843003412969283,0.999893635580513,0.999999999988964,-0.0955631399317406
"manuscript","hoa3","BTNL9",117,0.395904436860068,0.992486304213335,0.999999999992947,67,0.225255972696246,0.959705947220658,0.999999999988964,-0.170648464163823
"manuscript","hoa3","C11orf96",20,0.0648464163822526,0.699251853987339,0.999999999992947,15,0.0477815699658703,0.278620857997547,0.999999999988964,-0.0170648464163822
"manuscript","hoa3","C1orf54",237,0.805460750853242,0.999697713921028,0.999999999992947,145,0.491467576791809,0.99442815706653,0.999999999988964,-0.313993174061433
"manuscript","hoa3","C2CD4B",25,0.0819112627986348,0.760488383413232,0.999999999992947,14,0.0443686006825939,0.266665577915539,0.999999999988964,-0.037542662116041
"manuscript","hoa3","C7",2,0.00341296928327645,0.00990297569047601,0.999999999992947,3,0.0068259385665529,0.000476311836183987,0.0466785599460307,0.00341296928327645
"manuscript","hoa3","CALCOCO2",24,0.0784982935153584,0.751620616984491,0.999999999992947,30,0.0989761092150171,0.719567768595074,0.999999999988964,0.0204778156996587
"manuscript","hoa3","CAT",56,0.187713310580205,0.935998098456342,0.999999999992947,57,0.191126279863481,0.938523343350418,0.999999999988964,0.00341296928327647
"manuscript","hoa3","CBWD5",221,0.750853242320819,0.999389098481838,0.999999999992947,173,0.587030716723549,0.996899326854705,0.999999999988964,-0.16382252559727
"manuscript","hoa3","CCL2",61,0.204778156996587,0.949925646386933,0.999999999992947,138,0.467576791808874,0.993837102521189,0.999999999988964,0.262798634812287
"manuscript","hoa3","CCL23",57,0.191126279863481,0.938208715383099,0.999999999992947,32,0.10580204778157,0.742084871778948,0.999999999988964,-0.0853242320819113
"manuscript","hoa3","CCN1",179,0.607508532423208,0.99781489113945,0.999999999992947,282,0.959044368600683,0.999974744265442,0.999999999988964,0.351535836177474
"manuscript","hoa3","CCN2",293,0.996587030716723,0.999999999992856,0.999999999992947,284,0.965870307167236,0.999981519850132,0.999999999988964,-0.030716723549488
"manuscript","hoa3","CCND1",272,0.924914675767918,0.999974057441629,0.999999999992947,235,0.798634812286689,0.999841257114839,0.999999999988964,-0.126279863481229
"manuscript","hoa3","CD14",213,0.723549488054608,0.999042643476856,0.999999999992947,211,0.716723549488055,0.999258379186513,0.999999999988964,-0.00682593856655289
"manuscript","hoa3","CD300LG",79,0.266211604095563,0.979606494281592,0.999999999992947,52,0.174061433447099,0.922319293336884,0.999999999988964,-0.0921501706484642
"manuscript","hoa3","CD83",252,0.856655290102389,0.999889522657553,0.999999999992947,215,0.73037542662116,0.999536451785923,0.999999999988964,-0.126279863481229
"manuscript","hoa3","CDH13",143,0.484641638225256,0.995110004671067,0.999999999992947,198,0.672354948805461,0.998525373957822,0.999999999988964,0.187713310580205
"manuscript","hoa3","CGAS",89,0.300341296928328,0.984652236059495,0.999999999992947,177,0.600682593856655,0.99703242545391,0.999999999988964,0.300341296928328
"manuscript","hoa3","CKS2",36,0.119453924914676,0.842465953515933,0.999999999992947,53,0.177474402730375,0.923818429609975,0.999999999988964,0.0580204778156997
"manuscript","hoa3","CLDN5",65,0.218430034129693,0.966208391284198,0.999999999992947,71,0.238907849829352,0.962988479550743,0.999999999988964,0.0204778156996587
"manuscript","hoa3","CLPP",235,0.798634812286689,0.999612530333707,0.999999999992947,185,0.627986348122867,0.997650552686959,0.999999999988964,-0.170648464163823
"manuscript","hoa3","CNKSR3",131,0.443686006825939,0.994075972611764,0.999999999992947,46,0.15358361774744,0.886756412140956,0.999999999988964,-0.290102389078498
"manuscript","hoa3","COX4I1",144,0.488054607508532,0.995508098928653,0.999999999992947,44,0.146757679180887,0.868191179452815,0.999999999988964,-0.341296928327645
"manuscript","hoa3","COX5A",189,0.641638225255973,0.998202322914896,0.999999999992947,161,0.546075085324232,0.995391224857269,0.999999999988964,-0.0955631399317406
"manuscript","hoa3","COX6C",151,0.511945392491468,0.995891114378569,0.999999999992947,28,0.0921501706484642,0.658959814304511,0.999999999988964,-0.419795221843003
"manuscript","hoa3","COX7A2",182,0.617747440273038,0.998004022177361,0.999999999992947,119,0.402730375426621,0.990296615816327,0.999999999988964,-0.215017064846416
"manuscript","hoa3","CR381670.1",58,0.194539249146758,0.941238019231284,0.999999999992947,35,0.116040955631399,0.783312275275449,0.999999999988964,-0.0784982935153584
"manuscript","hoa3","CREB5",99,0.334470989761092,0.988529714499159,0.999999999992947,84,0.283276450511945,0.978128668794388,0.999999999988964,-0.0511945392491467
"manuscript","hoa3","CRIP1",202,0.686006825938567,0.99864238031583,0.999999999992947,209,0.709897610921502,0.999210334857949,0.999999999988964,0.0238907849829352
"manuscript","hoa3","CX3CL1",234,0.795221843003413,0.999608050439129,0.999999999992947,260,0.883959044368601,0.999914352065657,0.999999999988964,0.0887372013651878
"manuscript","hoa3","CXCL12",81,0.273037542662116,0.981309119413157,0.999999999992947,100,0.337883959044369,0.985600559666035,0.999999999988964,0.0648464163822525
"manuscript","hoa3","CXCL2",39,0.129692832764505,0.858656910206353,0.999999999992947,20,0.0648464163822526,0.390495747117415,0.999999999988964,-0.0648464163822526
"manuscript","hoa3","CXCL3",84,0.283276450511945,0.982039442528098,0.999999999992947,256,0.870307167235495,0.999903843693318,0.999999999988964,0.587030716723549
"manuscript","hoa3","CXCR4",291,0.989761092150171,0.999999999992835,0.999999999992947,222,0.754266211604096,0.999713519326065,0.999999999988964,-0.235494880546075
"manuscript","hoa3","CYP1B1",245,0.832764505119454,0.999804671358904,0.999999999992947,27,0.0887372013651877,0.654319222991889,0.999999999988964,-0.744027303754266
"manuscript","hoa3","DDHD1",137,0.464163822525597,0.994598771027128,0.999999999992947,216,0.733788395904437,0.999591841492787,0.999999999988964,0.26962457337884
"manuscript","hoa3","DEPP1",76,0.255972696245734,0.97882833699888,0.999999999992947,70,0.235494880546075,0.962831894909862,0.999999999988964,-0.0204778156996587
"manuscript","hoa3","DGKE",176,0.597269624573379,0.997703898378926,0.999999999992947,87,0.293515358361775,0.979224540752252,0.999999999988964,-0.303754266211604
"manuscript","hoa3","DLL4",115,0.389078498293515,0.991760815071178,0.999999999992947,163,0.552901023890785,0.995526031638142,0.999999999988964,0.16382252559727
"manuscript","hoa3","DNAJA4",281,0.955631399317406,0.999991048527769,0.999999999992947,243,0.825938566552901,0.999875126510625,0.999999999988964,-0.129692832764505
"manuscript","hoa3","DNM1L",258,0.877133105802048,0.999926513877092,0.999999999992947,237,0.805460750853242,0.999855657904159,0.999999999988964,-0.0716723549488054
"manuscript","hoa3","DNM2",216,0.733788395904437,0.999222887442557,0.999999999992947,245,0.832764505119454,0.999881879028108,0.999999999988964,0.098976109215017
"manuscript","hoa3","DUSP2",227,0.771331058020478,0.999530309908608,0.999999999992947,234,0.795221843003413,0.999835081401044,0.999999999988964,0.0238907849829351
"manuscript","hoa3","DUSP4",257,0.873720136518771,0.999924852579059,0.999999999992947,250,0.849829351535836,0.999898024199016,0.999999999988964,-0.0238907849829352
"manuscript","hoa3","ECRG4",105,0.354948805460751,0.99013880835383,0.999999999992947,162,0.549488054607508,0.995494438854441,0.999999999988964,0.194539249146758
"manuscript","hoa3","EDN1",114,0.385665529010239,0.991724266222191,0.999999999992947,107,0.361774744027304,0.98797663079531,0.999999999988964,-0.0238907849829352
"manuscript","hoa3","EDNRB",116,0.392491467576792,0.9919093349116,0.999999999992947,96,0.324232081911263,0.984758855992954,0.999999999988964,-0.068259385665529
"manuscript","hoa3","EFNB1",138,0.467576791808874,0.994967147152114,0.999999999992947,181,0.614334470989761,0.997252986483955,0.999999999988964,0.146757679180887
"manuscript","hoa3","EGR1",46,0.15358361774744,0.879066095354685,0.999999999992947,16,0.0511945392491468,0.304798441303202,0.999999999988964,-0.102389078498294
"manuscript","hoa3","EGR3",73,0.245733788395904,0.975465874032671,0.999999999992947,81,0.273037542662116,0.97711262466307,0.999999999988964,0.0273037542662116
"manuscript","hoa3","EIF4EBP1",149,0.505119453924915,0.995850404647375,0.999999999992947,242,0.822525597269625,0.999874054778778,0.999999999988964,0.31740614334471
"manuscript","hoa3","EMCN",16,0.0511945392491468,0.649592952698025,0.999999999992947,6,0.0170648464163823,0.0152418436707836,0.746850339868396,-0.0341296928327645
"manuscript","hoa3","EMP3",107,0.361774744027304,0.990501295863894,0.999999999992947,95,0.320819112627986,0.983960332382978,0.999999999988964,-0.0409556313993174
"manuscript","hoa3","ENG",3,0.0068259385665529,0.0559070593647884,0.999999999992947,4,0.0102389078498294,0.0017893106082246,0.131514329704508,0.00341296928327645
"manuscript","hoa3","ERO1B",126,0.426621160409556,0.993701494290066,0.999999999992947,221,0.750853242320819,0.999669573048419,0.999999999988964,0.324232081911263
"manuscript","hoa3","F2RL3",95,0.320819112627986,0.986682838861939,0.999999999992947,68,0.228668941979522,0.960180474745846,0.999999999988964,-0.0921501706484642
"manuscript","hoa3","F8",64,0.215017064846416,0.965877921259606,0.999999999992947,65,0.218430034129693,0.956295037508003,0.999999999988964,0.00341296928327645
"manuscript","hoa3","FAM107A",142,0.48122866894198,0.995094232199542,0.999999999992947,149,0.505119453924915,0.994727330261105,0.999999999988964,0.0238907849829351
"manuscript","hoa3","FAM184A",80,0.26962457337884,0.980927639742374,0.999999999992947,129,0.436860068259386,0.991792394911654,0.999999999988964,0.167235494880546
"manuscript","hoa3","FAN1",148,0.501706484641638,0.995789492773394,0.999999999992947,106,0.358361774744027,0.98768754931366,0.999999999988964,-0.143344709897611
"manuscript","hoa3","FBLN2",74,0.249146757679181,0.977312225073473,0.999999999992947,64,0.215017064846416,0.955987565955442,0.999999999988964,-0.0341296928327645
"manuscript","hoa3","FILIP1",162,0.549488054607508,0.996576105887552,0.999999999992947,94,0.31740614334471,0.98392467550844,0.999999999988964,-0.232081911262799
"manuscript","hoa3","FILIP1L",204,0.692832764505119,0.998815987510212,0.999999999992947,268,0.911262798634812,0.999944654919473,0.999999999988964,0.218430034129693
"manuscript","hoa3","FIS1",66,0.221843003412969,0.967368984482161,0.999999999992947,60,0.201365187713311,0.943109120564643,0.999999999988964,-0.0204778156996587
"manuscript","hoa3","FKBP8",270,0.918088737201365,0.999970651274114,0.999999999992947,207,0.703071672354949,0.998962282088874,0.999999999988964,-0.215017064846416
"manuscript","hoa3","FLT1",255,0.866894197952218,0.99990078554624,0.999999999992947,247,0.839590443686007,0.999893109755352,0.999999999988964,-0.0273037542662117
"manuscript","hoa3","FMO2",67,0.225255972696246,0.96978233194185,0.999999999992947,51,0.170648464163823,0.918067776641765,0.999999999988964,-0.0546075085324232
"manuscript","hoa3","FUT8",119,0.402730375426621,0.992851708272445,0.999999999992947,193,0.655290102389078,0.998198833453393,0.999999999988964,0.252559726962457
"manuscript","hoa3","GABARAP",280,0.95221843003413,0.999988383970714,0.999999999992947,233,0.791808873720137,0.99981559392612,0.999999999988964,-0.160409556313993
"manuscript","hoa3","GABARAPL2",187,0.63481228668942,0.998194916280155,0.999999999992947,253,0.860068259385666,0.999901217172052,0.999999999988964,0.225255972696246
"manuscript","hoa3","GABPA",197,0.668941979522184,0.998555364305787,0.999999999992947,172,0.583617747440273,0.996893255254203,0.999999999988964,-0.0853242320819112
"manuscript","hoa3","GABRB2",265,0.901023890784983,0.999962766116166,0.999999999992947,118,0.399317406143345,0.990192233220196,0.999999999988964,-0.501706484641638
"manuscript","hoa3","GADD45G",85,0.286689419795222,0.982942402568764,0.999999999992947,244,0.829351535836177,0.999875549581136,0.999999999988964,0.542662116040956
"manuscript","hoa3","GBP1",200,0.679180887372014,0.998578513273703,0.999999999992947,182,0.617747440273038,0.99739465902613,0.999999999988964,-0.0614334470989761
"manuscript","hoa3","GCNT2",110,0.372013651877133,0.99134609013925,0.999999999992947,239,0.812286689419795,0.999859565667359,0.999999999988964,0.440273037542662
"manuscript","hoa3","GIGYF1",181,0.614334470989761,0.997935483789385,0.999999999992947,199,0.675767918088737,0.998653457755278,0.999999999988964,0.061433447098976
"manuscript","hoa3","GIGYF2",75,0.252559726962457,0.978322486747885,0.999999999992947,109,0.368600682593857,0.988312992407092,0.999999999988964,0.116040955631399
"manuscript","hoa3","GPRC5A",128,0.433447098976109,0.993963862280945,0.999999999992947,212,0.720136518771331,0.999322732015466,0.999999999988964,0.286689419795222
"manuscript","hoa3","GPRC5B",165,0.559726962457338,0.997148647244282,0.999999999992947,101,0.341296928327645,0.985665377304734,0.999999999988964,-0.218430034129693
"manuscript","hoa3","GPX4",100,0.337883959044369,0.988607216815998,0.999999999992947,23,0.0750853242320819,0.466963380231049,0.999999999988964,-0.262798634812287
"manuscript","hoa3","H19",96,0.324232081911263,0.987214216615741,0.999999999992947,85,0.286689419795222,0.978467375559883,0.999999999988964,-0.037542662116041
"manuscript","hoa3","HBEGF",26,0.0853242320819113,0.771115153494712,0.999999999992947,38,0.126279863481229,0.815846264615037,0.999999999988964,0.0409556313993174
"manuscript","hoa3","HES1",194,0.658703071672355,0.998379525785477,0.999999999992947,76,0.255972696245734,0.968524918646361,0.999999999988964,-0.402730375426621
"manuscript","hoa3","HIF1A",27,0.0887372013651877,0.771983548619415,0.999999999992947,19,0.0614334470989761,0.384790913806991,0.999999999988964,-0.0273037542662116
"manuscript","hoa3","HLA-DQA1",180,0.610921501706485,0.997835065366348,0.999999999992947,141,0.477815699658703,0.994124437843133,0.999999999988964,-0.133105802047782
"manuscript","hoa3","HMOX1",50,0.167235494880546,0.897970318863589,0.999999999992947,50,0.167235494880546,0.912664768328406,0.999999999988964,0
"manuscript","hoa3","HSPD1",59,0.197952218430034,0.94565483101249,0.999999999992947,33,0.109215017064846,0.761946752455379,0.999999999988964,-0.0887372013651877
"manuscript","hoa3","HSPE1",29,0.0955631399317406,0.78852081603356,0.999999999992947,24,0.0784982935153584,0.540260919993111,0.999999999988964,-0.0170648464163823
"manuscript","hoa3","HTRA2",72,0.242320819112628,0.973961657276944,0.999999999992947,232,0.78839590443686,0.999811278367952,0.999999999988964,0.546075085324232
"manuscript","hoa3","ICAM1",7,0.0204778156996587,0.451231661866802,0.999999999992947,5,0.0136518771331058,0.00280367661912787,0.164856185204719,-0.0068259385665529
"manuscript","hoa3","ICAM4",63,0.21160409556314,0.961027767370414,0.999999999992947,90,0.303754266211604,0.980918507433631,0.999999999988964,0.0921501706484642
"manuscript","hoa3","IER3",155,0.525597269624573,0.996133738832683,0.999999999992947,135,0.457337883959044,0.993548033848036,0.999999999988964,-0.0682593856655291
"manuscript","hoa3","IFIT1",121,0.409556313993174,0.993286389920876,0.999999999992947,142,0.48122866894198,0.994170661715284,0.999999999988964,0.0716723549488055
"manuscript","hoa3","IFIT2",292,0.993174061433447,0.999999999992846,0.999999999992947,293,0.996587030716723,0.999999999988612,0.999999999988964,0.00341296928327639
"manuscript","hoa3","IFIT3",247,0.839590443686007,0.999833704486597,0.999999999992947,168,0.569965870307167,0.996141741040528,0.999999999988964,-0.269624573378839
"manuscript","hoa3","IFT88",223,0.757679180887372,0.999455854698992,0.999999999992947,272,0.924914675767918,0.999958720117762,0.999999999988964,0.167235494880546
"manuscript","hoa3","IGFBP5",294,1,0.999999999992947,0.999999999992947,197,0.668941979522184,0.998522944339677,0.999999999988964,-0.331058020477816
"manuscript","hoa3","IKBKB",145,0.491467576791809,0.995574233560641,0.999999999992947,86,0.290102389078498,0.978762163831437,0.999999999988964,-0.201365187713311
"manuscript","hoa3","IL32",106,0.358361774744027,0.990331100444484,0.999999999992947,78,0.262798634812287,0.973148194018779,0.999999999988964,-0.0955631399317406
"manuscript","hoa3","INF2",264,0.897610921501707,0.999956457240758,0.999999999992947,192,0.651877133105802,0.998080570044094,0.999999999988964,-0.245733788395904
"manuscript","hoa3","INHBB",248,0.843003412969283,0.999856792082776,0.999999999992947,97,0.327645051194539,0.984899753468596,0.999999999988964,-0.515358361774744
"manuscript","hoa3","INMT",225,0.764505119453925,0.999485786885163,0.999999999992947,170,0.57679180887372,0.996582567487768,0.999999999988964,-0.187713310580205
"manuscript","hoa3","IRF3",183,0.621160409556314,0.998083460025003,0.999999999992947,188,0.638225255972696,0.997878841523602,0.999999999988964,0.0170648464163822
"manuscript","hoa3","IRF7",101,0.341296928327645,0.989427939969526,0.999999999992947,223,0.757679180887372,0.999717066514673,0.999999999988964,0.416382252559727
"manuscript","hoa3","ISG15",133,0.450511945392491,0.994196900570348,0.999999999992947,143,0.484641638225256,0.994280198803937,0.999999999988964,0.0341296928327645
"manuscript","hoa3","JAG1",190,0.645051194539249,0.998246988481293,0.999999999992947,136,0.460750853242321,0.993776521353396,0.999999999988964,-0.184300341296928
"manuscript","hoa3","JAG2",103,0.348122866894198,0.989897126857391,0.999999999992947,83,0.279863481228669,0.97809270280942,0.999999999988964,-0.068259385665529
"manuscript","hoa3","KCNQ1OT1",68,0.228668941979522,0.971987852127056,0.999999999992947,80,0.26962457337884,0.977051486590898,0.999999999988964,0.0409556313993174
"manuscript","hoa3","KDM6B",8,0.0238907849829352,0.466395034262961,0.999999999992947,17,0.0546075085324232,0.320523881640973,0.999999999988964,0.0307167235494881
"manuscript","hoa3","KDR",175,0.593856655290102,0.997701346865361,0.999999999992947,125,0.42320819112628,0.991102030825026,0.999999999988964,-0.170648464163822
"manuscript","hoa3","KEAP1",207,0.703071672354949,0.998878761531192,0.999999999992947,230,0.781569965870307,0.999797449954692,0.999999999988964,0.0784982935153583
"manuscript","hoa3","KIAA0040",98,0.331058020477816,0.987629657694072,0.999999999992947,206,0.699658703071672,0.99893469867351,0.999999999988964,0.368600682593857
"manuscript","hoa3","LAMA3",123,0.416382252559727,0.993556310258269,0.999999999992947,99,0.334470989761092,0.985580475428783,0.999999999988964,-0.0819112627986348
"manuscript","hoa3","LATS1",193,0.655290102389078,0.99834804230872,0.999999999992947,186,0.631399317406143,0.997748490101138,0.999999999988964,-0.0238907849829352
"manuscript","hoa3","LATS2",283,0.962457337883959,0.999999809530846,0.999999999992947,219,0.744027303754266,0.999644148031209,0.999999999988964,-0.218430034129693
"manuscript","hoa3","LCN6",244,0.829351535836177,0.99979634315086,0.999999999992947,231,0.784982935153584,0.999799736399809,0.999999999988964,-0.0443686006825939
"manuscript","hoa3","LEPR",167,0.566552901023891,0.99726516308087,0.999999999992947,73,0.245733788395904,0.966234431589757,0.999999999988964,-0.320819112627986
"manuscript","hoa3","LGALS1",196,0.665529010238908,0.998478324420556,0.999999999992947,137,0.464163822525597,0.993837076543197,0.999999999988964,-0.201365187713311
"manuscript","hoa3","LINC00472",288,0.979522184300341,0.999999999992663,0.999999999992947,292,0.993174061433447,0.99999999998826,0.999999999988964,0.0136518771331058
"manuscript","hoa3","LONP1",224,0.761092150170648,0.999456229127887,0.999999999992947,214,0.726962457337884,0.999523530027446,0.999999999988964,-0.0341296928327645
"manuscript","hoa3","LRG1",253,0.860068259385666,0.999889663498623,0.999999999992947,283,0.962457337883959,0.999977235173226,0.999999999988964,0.102389078498293
"manuscript","hoa3","LTBP4",135,0.457337883959044,0.994268941530968,0.999999999992947,108,0.36518771331058,0.98800557479396,0.999999999988964,-0.0921501706484641
"manuscript","hoa3","MAP1B",230,0.781569965870307,0.999555375753802,0.999999999992947,113,0.382252559726962,0.989052935527058,0.999999999988964,-0.399317406143345
"manuscript","hoa3","MAP1LC3B",38,0.126279863481229,0.844219954951752,0.999999999992947,89,0.300341296928328,0.97968142946557,0.999999999988964,0.174061433447099
"manuscript","hoa3","MCAM",168,0.569965870307167,0.997288143556071,0.999999999992947,167,0.566552901023891,0.99607562553529,0.999999999988964,-0.0034129692832765
"manuscript","hoa3","MCL1",9,0.0273037542662116,0.467659189322375,0.999999999992947,18,0.0580204778156997,0.330169877931655,0.999999999988964,0.0307167235494881
"manuscript","hoa3","MEOX2",87,0.293515358361775,0.983811825944789,0.999999999992947,82,0.276450511945392,0.977733110917277,0.999999999988964,-0.0170648464163822
"manuscript","hoa3","MET",69,0.232081911262799,0.972748778312975,0.999999999992947,47,0.156996587030717,0.889369453665528,0.999999999988964,-0.0750853242320819
"manuscript","hoa3","MFF",279,0.948805460750853,0.999988100387517,0.999999999992947,269,0.914675767918089,0.999954724284091,0.999999999988964,-0.0341296928327646
"manuscript","hoa3","MFN1",243,0.825938566552901,0.999793186674955,0.999999999992947,287,0.976109215017065,0.999989874011887,0.999999999988964,0.150170648464164
"manuscript","hoa3","MFN2",278,0.945392491467577,0.999987537910599,0.999999999992947,262,0.890784982935154,0.999917415386194,0.999999999988964,-0.0546075085324231
"manuscript","hoa3","MGP",210,0.713310580204778,0.998938363130003,0.999999999992947,151,0.511945392491468,0.994764146295522,0.999999999988964,-0.201365187713311
"manuscript","hoa3","MIGA1",140,0.474402730375427,0.995012516952399,0.999999999992947,122,0.41296928327645,0.990615123134015,0.999999999988964,-0.0614334470989761
"manuscript","hoa3","MIR222HG",31,0.102389078498294,0.811849108281145,0.999999999992947,36,0.119453924914676,0.790666398250096,0.999999999988964,0.0170648464163823
"manuscript","hoa3","MIR22HG",40,0.133105802047782,0.859845850456353,0.999999999992947,56,0.187713310580205,0.933908081934539,0.999999999988964,0.0546075085324232
"manuscript","hoa3","MMP2",152,0.515358361774744,0.995955952145475,0.999999999992947,203,0.689419795221843,0.99878878465111,0.999999999988964,0.174061433447099
"manuscript","hoa3","MSX1",45,0.150170648464164,0.872959487596729,0.999999999992947,45,0.150170648464164,0.88542592853091,0.999999999988964,0
"manuscript","hoa3","MT1E",285,0.969283276450512,0.999999999992215,0.999999999992947,289,0.982935153583618,0.999990750695109,0.999999999988964,0.0136518771331058
"manuscript","hoa3","MT1X",275,0.935153583617747,0.999982501326837,0.999999999992947,249,0.84641638225256,0.999895819841545,0.999999999988964,-0.0887372013651877
"manuscript","hoa3","MT2A",54,0.180887372013652,0.921655890150526,0.999999999992947,92,0.310580204778157,0.981886061526269,0.999999999988964,0.129692832764505
"manuscript","hoa3","MTCH2",159,0.539249146757679,0.996452138274862,0.999999999992947,259,0.880546075085324,0.999912456123704,0.999999999988964,0.341296928327645
"manuscript","hoa3","MTFR1L",141,0.477815699658703,0.995046392394147,0.999999999992947,165,0.559726962457338,0.995676792344769,0.999999999988964,0.0819112627986348
"manuscript","hoa3","MTOR",266,0.904436860068259,0.999963650368377,0.999999999992947,280,0.95221843003413,0.999971275744286,0.999999999988964,0.0477815699658702
"manuscript","hoa3","MX1",222,0.754266211604096,0.99939707379799,0.999999999992947,201,0.68259385665529,0.998737236041717,0.999999999988964,-0.0716723549488054
"manuscript","hoa3","NBR1",134,0.453924914675768,0.994228768112975,0.999999999992947,210,0.713310580204778,0.99925115528568,0.999999999988964,0.25938566552901
"manuscript","hoa3","NDUFA1",55,0.184300341296928,0.933581348010667,0.999999999992947,88,0.296928327645051,0.979541900786668,0.999999999988964,0.112627986348123
"manuscript","hoa3","NDUFB8",30,0.0989761092150171,0.798713839667323,0.999999999992947,79,0.266211604095563,0.974254128996826,0.999999999988964,0.167235494880546
"manuscript","hoa3","NDUFS1",218,0.74061433447099,0.999280424733455,0.999999999992947,257,0.873720136518771,0.99990391964017,0.999999999988964,0.133105802047782
"manuscript","hoa3","NFE2L2",22,0.0716723549488055,0.732810198342029,0.999999999992947,34,0.112627986348123,0.765307887529796,0.999999999988964,0.0409556313993174
"manuscript","hoa3","NFKB1",71,0.238907849829352,0.973586537576705,0.999999999992947,238,0.808873720136519,0.999859000821222,0.999999999988964,0.569965870307167
"manuscript","hoa3","NFKBIA",4,0.0102389078498294,0.22452322742859,0.999999999992947,2,0.00341296928327645,4.49351100137498e-05,0.00660546117202122,-0.0068259385665529
"manuscript","hoa3","NIBAN1",188,0.638225255972696,0.998197416418005,0.999999999992947,187,0.63481228668942,0.997869047515768,0.999999999988964,-0.00341296928327639
"manuscript","hoa3","NR4A1",82,0.276450511945392,0.98146452372622,0.999999999992947,63,0.21160409556314,0.95459442482897,0.999999999988964,-0.0648464163822526
"manuscript","hoa3","NR4A2",34,0.112627986348123,0.824230634047028,0.999999999992947,61,0.204778156996587,0.947530645343825,0.999999999988964,0.0921501706484642
"manuscript","hoa3","NSUN6",92,0.310580204778157,0.985267512305311,0.999999999992947,184,0.62457337883959,0.997461189003572,0.999999999988964,0.313993174061433
"manuscript","hoa3","OPA1",260,0.883959044368601,0.999943829340657,0.999999999992947,195,0.662116040955631,0.998448288675882,0.999999999988964,-0.221843003412969
"manuscript","hoa3","OPTN",164,0.556313993174061,0.997019008940249,0.999999999992947,164,0.556313993174061,0.99563440957276,0.999999999988964,0
"manuscript","hoa3","PARL",172,0.583617747440273,0.997603076623744,0.999999999992947,146,0.494880546075085,0.994689626684368,0.999999999988964,-0.0887372013651878
"manuscript","hoa3","PDGFB",174,0.590443686006826,0.997691144735655,0.999999999992947,176,0.597269624573379,0.997024109669072,0.999999999988964,0.00682593856655289
"manuscript","hoa3","PECAM1",51,0.170648464163823,0.899447529902444,0.999999999992947,39,0.129692832764505,0.831579161695645,0.999999999988964,-0.0409556313993174
"manuscript","hoa3","PGF",239,0.812286689419795,0.999739597927131,0.999999999992947,128,0.433447098976109,0.991494979716952,0.999999999988964,-0.378839590443686
"manuscript","hoa3","PHB2",261,0.887372013651877,0.999944212107146,0.999999999992947,134,0.453924914675768,0.993269163664279,0.999999999988964,-0.433447098976109
"manuscript","hoa3","PHLDA1",47,0.156996587030717,0.885166850538977,0.999999999992947,58,0.194539249146758,0.940077925316139,0.999999999988964,0.037542662116041
"manuscript","hoa3","PIK3R3",122,0.41296928327645,0.993535652303984,0.999999999992947,103,0.348122866894198,0.986073591903993,0.999999999988964,-0.0648464163822525
"manuscript","hoa3","PIM1",52,0.174061433447099,0.901189737883007,0.999999999992947,102,0.344709897610922,0.985749570880093,0.999999999988964,0.170648464163823
"manuscript","hoa3","PINK1",284,0.965870307167236,0.99999999999151,0.999999999992947,166,0.563139931740614,0.995695535586562,0.999999999988964,-0.402730375426621
"manuscript","hoa3","PLAC9",226,0.767918088737201,0.999521044359627,0.999999999992947,228,0.774744027303754,0.999765427264124,0.999999999988964,0.00682593856655289
"manuscript","hoa3","PLAUR",217,0.737201365187713,0.999266477922953,0.999999999992947,261,0.887372013651877,0.999917222361633,0.999999999988964,0.150170648464164
"manuscript","hoa3","PLEKHG2",94,0.31740614334471,0.985763315618523,0.999999999992947,77,0.25938566552901,0.970042716726644,0.999999999988964,-0.0580204778156997
"manuscript","hoa3","PMAIP1",136,0.460750853242321,0.994306504475607,0.999999999992947,255,0.866894197952218,0.999903727350263,0.999999999988964,0.406143344709898
"manuscript","hoa3","PMPCA",287,0.976109215017065,0.999999999992649,0.999999999992947,236,0.802047781569966,0.999850081726161,0.999999999988964,-0.174061433447099
"manuscript","hoa3","PMPCB",42,0.139931740614334,0.870676624145197,0.999999999992947,217,0.737201365187713,0.999628104776407,0.999999999988964,0.597269624573379
"manuscript","hoa3","PPP1R14A",120,0.406143344709898,0.993199201501829,0.999999999992947,121,0.409556313993174,0.990333387009,0.999999999988964,0.00341296928327645
"manuscript","hoa3","PRDX1",28,0.0921501706484642,0.778699210750812,0.999999999992947,40,0.133105802047782,0.854256561717058,0.999999999988964,0.0409556313993174
"manuscript","hoa3","PRDX2",17,0.0546075085324232,0.65698143259857,0.999999999992947,21,0.068259385665529,0.40536293574174,0.999999999988964,0.0136518771331058
"manuscript","hoa3","PRDX3",206,0.699658703071672,0.998836548401346,0.999999999992947,159,0.539249146757679,0.995284577270668,0.999999999988964,-0.160409556313993
"manuscript","hoa3","PRDX5",90,0.303754266211604,0.984668763746319,0.999999999992947,55,0.184300341296928,0.929494838879139,0.999999999988964,-0.119453924914676
"manuscript","hoa3","PRKX",208,0.706484641638225,0.998881693683525,0.999999999992947,112,0.378839590443686,0.988961587725041,0.999999999988964,-0.327645051194539
"manuscript","hoa3","RASGEF1B",86,0.290102389078498,0.983340495199713,0.999999999992947,124,0.419795221843003,0.99092744754431,0.999999999988964,0.129692832764505
"manuscript","hoa3","RCAN1",109,0.368600682593857,0.991153444451557,0.999999999992947,117,0.395904436860068,0.990018949706375,0.999999999988964,0.0273037542662116
"manuscript","hoa3","RELA",249,0.84641638225256,0.999857289183675,0.999999999992947,294,1,0.999999999988964,0.999999999988964,0.15358361774744
"manuscript","hoa3","RGS16",91,0.307167235494881,0.98475691703152,0.999999999992947,227,0.771331058020478,0.99975105886204,0.999999999988964,0.464163822525597
"manuscript","hoa3","RGS2",184,0.62457337883959,0.998142345173629,0.999999999992947,273,0.928327645051195,0.999959023882567,0.999999999988964,0.303754266211604
"manuscript","hoa3","RHEB",150,0.508532423208191,0.995853466844545,0.999999999992947,281,0.955631399317406,0.999971637502475,0.999999999988964,0.447098976109215
"manuscript","hoa3","RND1",163,0.552901023890785,0.99659909870166,0.999999999992947,285,0.969283276450512,0.999982184194513,0.999999999988964,0.416382252559727
"manuscript","hoa3","RND3",286,0.972696245733788,0.999999999992587,0.999999999992947,213,0.723549488054608,0.999404587238234,0.999999999988964,-0.249146757679181
"manuscript","hoa3","RNPC3",228,0.774744027303754,0.999537998265419,0.999999999992947,178,0.604095563139932,0.997147746688166,0.999999999988964,-0.170648464163823
"manuscript","hoa3","RPL32P3",246,0.83617747440273,0.999818637122606,0.999999999992947,191,0.648464163822526,0.99806949560195,0.999999999988964,-0.187713310580205
"manuscript","hoa3","RPS6KA5",203,0.689419795221843,0.998795866111549,0.999999999992947,252,0.856655290102389,0.999900075077115,0.999999999988964,0.167235494880546
"manuscript","hoa3","RPS6KB1",212,0.720136518771331,0.999011409649716,0.999999999992947,226,0.767918088737201,0.999737778738917,0.999999999988964,0.0477815699658702
"manuscript","hoa3","RRN3P1",251,0.853242320819113,0.999885518719662,0.999999999992947,180,0.610921501706485,0.997242470341609,0.999999999988964,-0.242320819112628
"manuscript","hoa3","SELE",6,0.0170648464163823,0.398669137246541,0.999999999992947,10,0.0307167235494881,0.046814782448733,0.999999999988964,0.0136518771331058
"manuscript","hoa3","SEMA3A",32,0.10580204778157,0.812503566700554,0.999999999992947,26,0.0853242320819113,0.653648541325756,0.999999999988964,-0.0204778156996587
"manuscript","hoa3","SEMA3G",146,0.494880546075085,0.995635170478763,0.999999999992947,110,0.372013651877133,0.988313996306666,0.999999999988964,-0.122866894197952
"manuscript","hoa3","SEMA4A",104,0.351535836177474,0.989918517329693,0.999999999992947,104,0.351535836177474,0.986948496187337,0.999999999988964,0
"manuscript","hoa3","SERPINE1",33,0.109215017064846,0.81514983922116,0.999999999992947,43,0.143344709897611,0.865072276925817,0.999999999988964,0.0341296928327645
"manuscript","hoa3","SIPA1L2",166,0.563139931740614,0.997255803385407,0.999999999992947,114,0.385665529010239,0.989556277308313,0.999999999988964,-0.177474402730375
"manuscript","hoa3","SLC25A44",53,0.177474402730375,0.916513405266223,0.999999999992947,66,0.221843003412969,0.958135464925598,0.999999999988964,0.0443686006825939
"manuscript","hoa3","SLC26A2",158,0.535836177474403,0.99624984777277,0.999999999992947,148,0.501706484641638,0.994696705502655,0.999999999988964,-0.0341296928327645
"manuscript","hoa3","SLC4A7",112,0.378839590443686,0.991527148610525,0.999999999992947,153,0.51877133105802,0.994869493254599,0.999999999988964,0.139931740614334
"manuscript","hoa3","SLC5A3",282,0.959044368600683,0.999993269872596,0.999999999992947,278,0.945392491467577,0.999967911408143,0.999999999988964,-0.0136518771331058
"manuscript","hoa3","SLC6A6",154,0.522184300341297,0.996117818234133,0.999999999992947,139,0.47098976109215,0.994027917768796,0.999999999988964,-0.0511945392491467
"manuscript","hoa3","SNORD3A",130,0.440273037542662,0.994020286368162,0.999999999992947,116,0.392491467576792,0.989938869359036,0.999999999988964,-0.0477815699658703
"manuscript","hoa3","SOD1",19,0.0614334470989761,0.695948113666548,0.999999999992947,22,0.0716723549488055,0.406135833762917,0.999999999988964,0.0102389078498294
"manuscript","hoa3","SOD2",48,0.160409556313993,0.885621133884094,0.999999999992947,127,0.430034129692833,0.991298328401983,0.999999999988964,0.26962457337884
"manuscript","hoa3","SOX13",170,0.57679180887372,0.997337017803762,0.999999999992947,140,0.474402730375427,0.994122689066299,0.999999999988964,-0.102389078498294
"manuscript","hoa3","SOX17",160,0.542662116040956,0.996527504195477,0.999999999992947,196,0.665529010238908,0.998467695175825,0.999999999988964,0.122866894197952
"manuscript","hoa3","SRGN",132,0.447098976109215,0.99414391414137,0.999999999992947,120,0.406143344709898,0.990326175069611,0.999999999988964,-0.0409556313993174
"manuscript","hoa3","SYBU",232,0.78839590443686,0.999567765839922,0.999999999992947,174,0.590443686006826,0.996900949627034,0.999999999988964,-0.197952218430034
"manuscript","hoa3","SYNJ2",44,0.146757679180887,0.872922300779257,0.999999999992947,41,0.136518771331058,0.854920097778273,0.999999999988964,-0.0102389078498293
"manuscript","hoa3","SYT11",102,0.344709897610922,0.989736429445544,0.999999999992947,123,0.416382252559727,0.990634597632887,0.999999999988964,0.0716723549488054
"manuscript","hoa3","TAGLN",273,0.928327645051195,0.999978173823332,0.999999999992947,225,0.764505119453925,0.99972620408734,0.999999999988964,-0.16382252559727
"manuscript","hoa3","TAX1BP1",269,0.914675767918089,0.999970522330425,0.999999999992947,266,0.904436860068259,0.999934576052179,0.999999999988964,-0.0102389078498293
"manuscript","hoa3","TBK1",111,0.37542662116041,0.991511122194731,0.999999999992947,220,0.747440273037543,0.999666763314769,0.999999999988964,0.372013651877133
"manuscript","hoa3","TCF15",205,0.696245733788396,0.998830079803041,0.999999999992947,91,0.307167235494881,0.980968598919605,0.999999999988964,-0.389078498293515
"manuscript","hoa3","TEAD1",274,0.931740614334471,0.999979813769322,0.999999999992947,263,0.89419795221843,0.999926808014544,0.999999999988964,-0.037542662116041
"manuscript","hoa3","TEAD4",83,0.279863481228669,0.981669843826413,0.999999999992947,218,0.74061433447099,0.999640726405593,0.999999999988964,0.460750853242321
"manuscript","hoa3","TEK",12,0.037542662116041,0.625255311896074,0.999999999992947,42,0.139931740614334,0.856036863388825,0.999999999988964,0.102389078498294
"manuscript","hoa3","TFAM",271,0.921501706484642,0.99997328254384,0.999999999992947,175,0.593856655290102,0.996986758668012,0.999999999988964,-0.327645051194539
"manuscript","hoa3","THBS1",262,0.890784982935154,0.999954113853286,0.999999999992947,274,0.931740614334471,0.999959794368731,0.999999999988964,0.0409556313993173
"manuscript","hoa3","THY1",256,0.870307167235495,0.999923828216546,0.999999999992947,265,0.901023890784983,0.999934396311645,0.999999999988964,0.0307167235494881
"manuscript","hoa3","TIMP4",153,0.51877133105802,0.996044079995869,0.999999999992947,130,0.440273037542662,0.992226436156568,0.999999999988964,-0.0784982935153583
"manuscript","hoa3","TIPARP",10,0.0307167235494881,0.496094310631457,0.999999999992947,7,0.0204778156996587,0.0233930930557853,0.89924446322996,-0.0102389078498294
"manuscript","hoa3","TLCD2",289,0.982935153583618,0.999999999992723,0.999999999992947,286,0.972696245733788,0.999982236217131,0.999999999988964,-0.0102389078498293
"manuscript","hoa3","TM6SF1",139,0.47098976109215,0.99499218099766,0.999999999992947,105,0.354948805460751,0.987600693943629,0.999999999988964,-0.116040955631399
"manuscript","hoa3","TMEM161B-AS1",108,0.36518771331058,0.990829424688527,0.999999999992947,179,0.607508532423208,0.997176811523017,0.999999999988964,0.242320819112628
"manuscript","hoa3","TMEM173",129,0.436860068259386,0.994012319956962,0.999999999992947,133,0.450511945392491,0.993043171309554,0.999999999988964,0.0136518771331058
"manuscript","hoa3","TNFAIP3",11,0.0341296928327645,0.553692066576605,0.999999999992947,8,0.0238907849829352,0.0244692370946928,0.89924446322996,-0.0102389078498294
"manuscript","hoa3","TNFRSF4",209,0.709897610921502,0.998910246127217,0.999999999992947,194,0.658703071672355,0.998258799989561,0.999999999988964,-0.0511945392491467
"manuscript","hoa3","TRAP1",198,0.672354948805461,0.998555504536995,0.999999999992947,169,0.573378839590444,0.996298221027248,0.999999999988964,-0.0989761092150171
"manuscript","hoa3","TRDMT1",157,0.532423208191126,0.996210068309988,0.999999999992947,183,0.621160409556314,0.997402961638293,0.999999999988964,0.0887372013651877
"manuscript","hoa3","TSC1",220,0.747440273037543,0.999332065736749,0.999999999992947,276,0.938566552901024,0.999962605355095,0.999999999988964,0.191126279863481
"manuscript","hoa3","TSC2",211,0.716723549488055,0.998979187683463,0.999999999992947,224,0.761092150170648,0.999725832687402,0.999999999988964,0.0443686006825939
"manuscript","hoa3","TSPAN13",191,0.648464163822526,0.998323564521001,0.999999999992947,150,0.508532423208191,0.994756823220223,0.999999999988964,-0.139931740614334
"manuscript","hoa3","TTC21B",178,0.604095563139932,0.997806710175076,0.999999999992947,152,0.515358361774744,0.994817002962859,0.999999999988964,-0.0887372013651877
"manuscript","hoa3","TXN2",268,0.911262798634812,0.999967156103223,0.999999999992947,132,0.447098976109215,0.992689861356091,0.999999999988964,-0.464163822525597
"manuscript","hoa3","ULK1",177,0.600682593856655,0.997782269206964,0.999999999992947,251,0.853242320819113,0.999899270456504,0.999999999988964,0.252559726962457
"manuscript","hoa3","UQCRB",14,0.0443686006825939,0.642537191059419,0.999999999992947,13,0.0409556313993174,0.258610705495965,0.999999999988964,-0.00341296928327645
"manuscript","hoa3","UQCRC1",263,0.89419795221843,0.999956153242214,0.999999999992947,275,0.935153583617747,0.999962474781493,0.999999999988964,0.0409556313993175
"manuscript","hoa3","UQCRC2",171,0.580204778156997,0.997579072139357,0.999999999992947,189,0.641638225255973,0.997906652622261,0.999999999988964,0.0614334470989761
"manuscript","hoa3","VCAM1",60,0.201365187713311,0.949656960252777,0.999999999992947,29,0.0955631399317406,0.703685976899059,0.999999999988964,-0.10580204778157
"manuscript","hoa3","VCAN",18,0.0580204778156997,0.669938383595444,0.999999999992947,12,0.037542662116041,0.206842222440452,0.999999999988964,-0.0204778156996587
"manuscript","hoa3","VCP",156,0.52901023890785,0.996187072489847,0.999999999992947,190,0.645051194539249,0.998011519655204,0.999999999988964,0.116040955631399
"manuscript","hoa3","VDAC1",242,0.822525597269625,0.999789042653996,0.999999999992947,267,0.907849829351536,0.999937726563599,0.999999999988964,0.0853242320819112
"manuscript","hoa3","VDAC2",185,0.627986348122867,0.998152328626047,0.999999999992947,171,0.580204778156997,0.996718898887641,0.999999999988964,-0.0477815699658704
"manuscript","hoa3","VDAC3",88,0.296928327645051,0.984307763471436,0.999999999992947,202,0.686006825938567,0.998744179647452,0.999999999988964,0.389078498293515
"manuscript","hoa3","VEGFC",97,0.327645051194539,0.987248627308867,0.999999999992947,147,0.498293515358362,0.994693365204883,0.999999999988964,0.170648464163823
"manuscript","hoa3","VSIR",199,0.675767918088737,0.998571488895459,0.999999999992947,155,0.525597269624573,0.994893935095432,0.999999999988964,-0.150170648464164
"manuscript","hoa3","VWF",1,0,2.81522901404964e-05,0.00827677330130594,1,0,5.8655967269659e-06,0.00172448543772797,0
"manuscript","hoa3","WDR44",236,0.802047781569966,0.999680357855925,0.999999999992947,277,0.9419795221843,0.999964948602207,0.999999999988964,0.139931740614334
"manuscript","hoa3","WWTR1",70,0.235494880546075,0.972843252787787,0.999999999992947,264,0.897610921501707,0.999931628741316,0.999999999988964,0.662116040955631
"manuscript","hoa3","YAP1",267,0.907849829351536,0.999967061503521,0.999999999992947,288,0.979522184300341,0.999990749899028,0.999999999988964,0.0716723549488055
"manuscript","hoa3","YME1L1",169,0.573378839590444,0.997327056366639,0.999999999992947,258,0.877133105802048,0.99991126625635,0.999999999988964,0.303754266211604
"manuscript","hoa3","ZEB2",229,0.778156996587031,0.999538030433215,0.999999999992947,270,0.918088737201365,0.999957596623867,0.999999999988964,0.139931740614334
"manuscript","hoa3","ZNF224",219,0.744027303754266,0.99932875363567,0.999999999992947,158,0.535836177474403,0.995132190720232,0.999999999988964,-0.208191126279863
"manuscript","hoa3","ZNF331",113,0.382252559726962,0.991550048700415,0.999999999992947,205,0.696245733788396,0.998925770637036,0.999999999988964,0.313993174061433
"official_default","hoa2","AC002558.3",288,0.979522184300341,0.999960231143809,0.999999999988552,223,0.757679180887372,0.998938810353469,0.99999999999946,-0.221843003412969
"official_default","hoa2","AC010359.3",47,0.156996587030717,0.984854116164913,0.999999999988552,58,0.194539249146758,0.888941363644046,0.99999999999946,0.037542662116041
"official_default","hoa2","AC091271.1",222,0.754266211604096,0.999455390656111,0.999999999988552,181,0.614334470989761,0.996290102492195,0.99999999999946,-0.139931740614334
"official_default","hoa2","AC109326.1",171,0.580204778156997,0.998444742396413,0.999999999988552,202,0.686006825938567,0.997838007407805,0.99999999999946,0.10580204778157
"official_default","hoa2","ACE",160,0.542662116040956,0.998245164418514,0.999999999988552,56,0.187713310580205,0.88798461918897,0.99999999999946,-0.354948805460751
"official_default","hoa2","ACKR1",195,0.662116040955631,0.999091023660189,0.999999999988552,77,0.25938566552901,0.936020721113503,0.99999999999946,-0.402730375426621
"official_default","hoa2","ADAMTS1",24,0.0784982935153584,0.96876702426004,0.999999999988552,70,0.235494880546075,0.923811774111553,0.99999999999946,0.156996587030717
"official_default","hoa2","ADAMTS4",6,0.0170648464163823,0.940426540722248,0.999999999988552,27,0.0887372013651877,0.803582737136707,0.99999999999946,0.0716723549488055
"official_default","hoa2","ADAMTS6",117,0.395904436860068,0.995865389165162,0.999999999988552,63,0.21160409556314,0.916203993890127,0.99999999999946,-0.184300341296928
"official_default","hoa2","ADAMTS9",70,0.235494880546075,0.990419138054851,0.999999999988552,73,0.245733788395904,0.931724367716471,0.99999999999946,0.0102389078498293
"official_default","hoa2","ADGRG6",43,0.143344709897611,0.9838475217508,0.999999999988552,82,0.276450511945392,0.943946146318477,0.99999999999946,0.133105802047782
"official_default","hoa2","ADM",276,0.938566552901024,0.999881416864096,0.999999999988552,244,0.829351535836177,0.999540243965829,0.99999999999946,-0.109215017064846
"official_default","hoa2","AFG3L2",144,0.488054607508532,0.997673667381572,0.999999999988552,230,0.781569965870307,0.999230215172587,0.99999999999946,0.293515358361775
"official_default","hoa2","AKAP12",41,0.136518771331058,0.982034905688025,0.999999999988552,42,0.139931740614334,0.857584309594209,0.99999999999946,0.00341296928327645
"official_default","hoa2","AKT1",201,0.68259385665529,0.999173052253246,0.999999999988552,258,0.877133105802048,0.999835991915712,0.99999999999946,0.194539249146758
"official_default","hoa2","ANKRD29",40,0.133105802047782,0.98101716568949,0.999999999988552,25,0.0819112627986348,0.781488031030245,0.99999999999946,-0.0511945392491468
"official_default","hoa2","ANKRD42",67,0.225255972696246,0.990150105557423,0.999999999988552,133,0.450511945392491,0.984288825918861,0.99999999999946,0.225255972696246
"official_default","hoa2","APOD",250,0.849829351535836,0.999691153109909,0.999999999988552,274,0.931740614334471,0.999929631433245,0.99999999999946,0.0819112627986348
"official_default","hoa2","AQP7",49,0.16382252559727,0.985626362608994,0.999999999988552,54,0.180887372013652,0.886049382089019,0.99999999999946,0.0170648464163823
"official_default","hoa2","ARL15",89,0.300341296928328,0.993746099760291,0.999999999988552,64,0.215017064846416,0.916951043790012,0.99999999999946,-0.0853242320819113
"official_default","hoa2","ARL4C",283,0.962457337883959,0.999944274012011,0.999999999988552,272,0.924914675767918,0.99992639573093,0.99999999999946,-0.037542662116041
"official_default","hoa2","ATF3",20,0.0648464163822526,0.958197936385536,0.999999999988552,29,0.0955631399317406,0.816690349408748,0.99999999999946,0.0307167235494881
"official_default","hoa2","ATG5",218,0.74061433447099,0.99943237406147,0.999999999988552,220,0.747440273037543,0.998852146166099,0.99999999999946,0.00682593856655289
"official_default","hoa2","ATP13A3",44,0.146757679180887,0.98407315089589,0.999999999988552,78,0.262798634812287,0.936501412431883,0.99999999999946,0.116040955631399
"official_default","hoa2","ATP5F1A",72,0.242320819112628,0.991000703708612,0.999999999988552,65,0.218430034129693,0.917283851411157,0.99999999999946,-0.0238907849829351
"official_default","hoa2","ATP5F1B",161,0.546075085324232,0.998284102114379,0.999999999988552,106,0.358361774744027,0.973113114311521,0.99999999999946,-0.187713310580205
"official_default","hoa2","ATP5MC1",157,0.532423208191126,0.998090205848935,0.999999999988552,117,0.395904436860068,0.978773365290253,0.99999999999946,-0.136518771331058
"official_default","hoa2","ATP8A1",162,0.549488054607508,0.998297693713647,0.999999999988552,138,0.467576791808874,0.988044205399042,0.99999999999946,-0.0819112627986348
"official_default","hoa2","B3GNT5",107,0.361774744027304,0.995367240249715,0.999999999988552,143,0.484641638225256,0.990957487403864,0.99999999999946,0.122866894197952
"official_default","hoa2","BAX",208,0.706484641638225,0.999295893799536,0.999999999988552,195,0.662116040955631,0.997429897093181,0.99999999999946,-0.0443686006825939
"official_default","hoa2","BCL2L1",246,0.83617747440273,0.999664747252227,0.999999999988552,285,0.969283276450512,0.999976124855063,0.99999999999946,0.133105802047782
"official_default","hoa2","BCL2L13",202,0.686006825938567,0.999193513390896,0.999999999988552,280,0.95221843003413,0.999954203399984,0.99999999999946,0.266211604095563
"official_default","hoa2","BGN",206,0.699658703071672,0.999252562633654,0.999999999988552,270,0.918088737201365,0.999920546007475,0.99999999999946,0.218430034129693
"official_default","hoa2","BID",185,0.627986348122867,0.99886290339696,0.999999999988552,211,0.716723549488055,0.998320706108234,0.99999999999946,0.0887372013651877
"official_default","hoa2","BIRC3",124,0.419795221843003,0.996584856893405,0.999999999988552,150,0.508532423208191,0.992021322181877,0.99999999999946,0.0887372013651878
"official_default","hoa2","BMP4",203,0.689419795221843,0.999193889314358,0.999999999988552,155,0.525597269624573,0.992417287205452,0.99999999999946,-0.16382252559727
"official_default","hoa2","BNIP3",128,0.433447098976109,0.996934830814215,0.999999999988552,144,0.488054607508532,0.990960283558432,0.99999999999946,0.0546075085324232
"official_default","hoa2","BNIP3L",204,0.692832764505119,0.999195277052084,0.999999999988552,252,0.856655290102389,0.999702600573677,0.99999999999946,0.16382252559727
"official_default","hoa2","BTNL9",31,0.102389078498294,0.974218440158749,0.999999999988552,26,0.0853242320819113,0.794968099371292,0.99999999999946,-0.0170648464163822
"official_default","hoa2","C11orf96",25,0.0819112627986348,0.968793578929646,0.999999999988552,89,0.300341296928328,0.954511630391666,0.99999999999946,0.218430034129693
"official_default","hoa2","C1orf54",281,0.955631399317406,0.999937946640623,0.999999999988552,199,0.675767918088737,0.997633758978268,0.99999999999946,-0.279863481228669
"official_default","hoa2","C2CD4B",33,0.109215017064846,0.97579314269537,0.999999999988552,105,0.354948805460751,0.972976266952019,0.99999999999946,0.245733788395904
"official_default","hoa2","C7",27,0.0887372013651877,0.969223687946116,0.999999999988552,44,0.146757679180887,0.859083262373021,0.99999999999946,0.0580204778156996
"official_default","hoa2","CALCOCO2",236,0.802047781569966,0.999578842523004,0.999999999988552,116,0.392491467576792,0.977981358630895,0.99999999999946,-0.409556313993174
"official_default","hoa2","CAT",186,0.631399317406143,0.998917468654722,0.999999999988552,91,0.307167235494881,0.95976490799013,0.99999999999946,-0.324232081911263
"official_default","hoa2","CBWD5",280,0.95221843003413,0.999937016043689,0.999999999988552,259,0.880546075085324,0.999838015340063,0.99999999999946,-0.0716723549488054
"official_default","hoa2","CCL2",34,0.112627986348123,0.976269621362433,0.999999999988552,115,0.389078498293515,0.977500341307328,0.99999999999946,0.276450511945392
"official_default","hoa2","CCL23",244,0.829351535836177,0.999662141370496,0.999999999988552,142,0.48122866894198,0.990630014497323,0.99999999999946,-0.348122866894198
"official_default","hoa2","CCN1",167,0.566552901023891,0.998410906686721,0.999999999988552,193,0.655290102389078,0.997372693521018,0.99999999999946,0.0887372013651877
"official_default","hoa2","CCN2",294,1,0.999999999988552,0.999999999988552,288,0.979522184300341,0.999986594281077,0.99999999999946,-0.0204778156996587
"official_default","hoa2","CCND1",151,0.511945392491468,0.997913465668132,0.999999999988552,94,0.31740614334471,0.963283416692971,0.99999999999946,-0.194539249146758
"official_default","hoa2","CD14",238,0.808873720136519,0.999610043835845,0.999999999988552,192,0.651877133105802,0.997325740775206,0.99999999999946,-0.156996587030717
"official_default","hoa2","CD300LG",172,0.583617747440273,0.998524483613545,0.999999999988552,47,0.156996587030717,0.874639451642674,0.99999999999946,-0.426621160409556
"official_default","hoa2","CD83",54,0.180887372013652,0.986835770431494,0.999999999988552,178,0.604095563139932,0.995941589435853,0.99999999999946,0.42320819112628
"official_default","hoa2","CDH13",69,0.232081911262799,0.990279330223477,0.999999999988552,59,0.197952218430034,0.896234339060274,0.99999999999946,-0.0341296928327645
"official_default","hoa2","CGAS",291,0.989761092150171,0.999984196018882,0.999999999988552,276,0.938566552901024,0.999941504059773,0.99999999999946,-0.0511945392491467
"official_default","hoa2","CKS2",5,0.0136518771331058,0.939582919408353,0.999999999988552,49,0.16382252559727,0.875309867628304,0.99999999999946,0.150170648464164
"official_default","hoa2","CLDN5",56,0.187713310580205,0.98742654660711,0.999999999988552,28,0.0921501706484642,0.814434778128462,0.99999999999946,-0.0955631399317406
"official_default","hoa2","CLPP",254,0.863481228668942,0.999735041014958,0.999999999988552,268,0.911262798634812,0.999919531351652,0.99999999999946,0.0477815699658704
"official_default","hoa2","CNKSR3",94,0.31740614334471,0.994078987346313,0.999999999988552,76,0.255972696245734,0.934882432352764,0.99999999999946,-0.0614334470989761
"official_default","hoa2","COX4I1",48,0.160409556313993,0.985051282565732,0.999999999988552,19,0.0614334470989761,0.764500140593686,0.99999999999946,-0.0989761092150171
"official_default","hoa2","COX5A",90,0.303754266211604,0.993921988510856,0.999999999988552,126,0.426621160409556,0.981428865254267,0.99999999999946,0.122866894197952
"official_default","hoa2","COX6C",126,0.426621160409556,0.996859121895788,0.999999999988552,31,0.102389078498294,0.82397184016274,0.99999999999946,-0.324232081911263
"official_default","hoa2","COX7A2",152,0.515358361774744,0.997950699049022,0.999999999988552,95,0.320819112627986,0.963759006194323,0.99999999999946,-0.194539249146758
"official_default","hoa2","CR381670.1",147,0.498293515358362,0.997776738448885,0.999999999988552,182,0.617747440273038,0.99631485980087,0.99999999999946,0.119453924914676
"official_default","hoa2","CREB5",59,0.197952218430034,0.987939228103831,0.999999999988552,204,0.692832764505119,0.997945091628498,0.99999999999946,0.494880546075085
"official_default","hoa2","CRIP1",104,0.351535836177474,0.995138580827658,0.999999999988552,170,0.57679180887372,0.995413200917811,0.99999999999946,0.225255972696246
"official_default","hoa2","CX3CL1",228,0.774744027303754,0.999530647450694,0.999999999988552,169,0.573378839590444,0.995244072856461,0.99999999999946,-0.201365187713311
"official_default","hoa2","CXCL12",50,0.167235494880546,0.9861708317935,0.999999999988552,20,0.0648464163822526,0.767503566850706,0.99999999999946,-0.102389078498294
"official_default","hoa2","CXCL2",7,0.0204778156996587,0.940630772888454,0.999999999988552,3,0.0068259385665529,0.547498616725096,0.99999999999946,-0.0136518771331058
"official_default","hoa2","CXCL3",9,0.0273037542662116,0.941963911036291,0.999999999988552,41,0.136518771331058,0.8481294231752,0.99999999999946,0.109215017064846
"official_default","hoa2","CXCR4",240,0.815699658703072,0.99962345734516,0.999999999988552,213,0.723549488054608,0.998372746221128,0.99999999999946,-0.0921501706484642
"official_default","hoa2","CYP1B1",169,0.573378839590444,0.998430234553657,0.999999999988552,69,0.232081911262799,0.921425730307787,0.99999999999946,-0.341296928327645
"official_default","hoa2","DDHD1",61,0.204778156996587,0.988362375542518,0.999999999988552,149,0.505119453924915,0.991973558732922,0.99999999999946,0.300341296928328
"official_default","hoa2","DEPP1",63,0.21160409556314,0.98863548612115,0.999999999988552,40,0.133105802047782,0.847648553917219,0.99999999999946,-0.0784982935153584
"official_default","hoa2","DGKE",80,0.26962457337884,0.992648758525808,0.999999999988552,119,0.402730375426621,0.979071268031993,0.99999999999946,0.133105802047782
"official_default","hoa2","DLL4",260,0.883959044368601,0.999764513591002,0.999999999988552,206,0.699658703071672,0.998086103526889,0.99999999999946,-0.184300341296928
"official_default","hoa2","DNAJA4",272,0.924914675767918,0.999867238749694,0.999999999988552,164,0.556313993174061,0.99438153897912,0.99999999999946,-0.368600682593857
"official_default","hoa2","DNM1L",269,0.914675767918089,0.999826911178162,0.999999999988552,239,0.812286689419795,0.999448057478301,0.99999999999946,-0.102389078498293
"official_default","hoa2","DNM2",287,0.976109215017065,0.999957937074638,0.999999999988552,176,0.597269624573379,0.995727745243083,0.99999999999946,-0.378839590443686
"official_default","hoa2","DUSP2",122,0.41296928327645,0.99642813682099,0.999999999988552,173,0.587030716723549,0.995518422840342,0.99999999999946,0.174061433447099
"official_default","hoa2","DUSP4",129,0.436860068259386,0.99696453533739,0.999999999988552,102,0.344709897610922,0.971141744709235,0.99999999999946,-0.0921501706484641
"official_default","hoa2","ECRG4",274,0.931740614334471,0.999879088680153,0.999999999988552,250,0.849829351535836,0.99968012810427,0.99999999999946,-0.0819112627986348
"official_default","hoa2","EDN1",134,0.453924914675768,0.99718976729913,0.999999999988552,121,0.409556313993174,0.979642974073703,0.99999999999946,-0.0443686006825939
"official_default","hoa2","EDNRB",211,0.716723549488055,0.999321134032365,0.999999999988552,263,0.89419795221843,0.999895129927891,0.99999999999946,0.177474402730375
"official_default","hoa2","EFNB1",73,0.245733788395904,0.991424365081768,0.999999999988552,72,0.242320819112628,0.930265846668942,0.99999999999946,-0.00341296928327645
"official_default","hoa2","EGR1",39,0.129692832764505,0.979940250653588,0.999999999988552,5,0.0136518771331058,0.57292499474989,0.99999999999946,-0.116040955631399
"official_default","hoa2","EGR3",17,0.0546075085324232,0.95485351444013,0.999999999988552,22,0.0716723549488055,0.768373603604037,0.99999999999946,0.0170648464163822
"official_default","hoa2","EIF4EBP1",182,0.617747440273038,0.998858141174388,0.999999999988552,175,0.593856655290102,0.995547015244538,0.99999999999946,-0.0238907849829352
"official_default","hoa2","EMCN",135,0.457337883959044,0.997257141399638,0.999999999988552,17,0.0546075085324232,0.718444546510533,0.99999999999946,-0.402730375426621
"official_default","hoa2","EMP3",216,0.733788395904437,0.99937191132466,0.999999999988552,110,0.372013651877133,0.974300463630632,0.99999999999946,-0.361774744027304
"official_default","hoa2","ENG",8,0.0238907849829352,0.941822609117061,0.999999999988552,7,0.0204778156996587,0.61098824061041,0.99999999999946,-0.00341296928327645
"official_default","hoa2","ERO1B",245,0.832764505119454,0.999662884767047,0.999999999988552,160,0.542662116040956,0.99373430043856,0.99999999999946,-0.290102389078498
"official_default","hoa2","F2RL3",293,0.996587030716723,0.999999999896532,0.999999999988552,294,1,0.99999999999946,0.99999999999946,0.0034129692832765
"official_default","hoa2","F8",267,0.907849829351536,0.999809321265706,0.999999999988552,162,0.549488054607508,0.993813931221891,0.99999999999946,-0.358361774744027
"official_default","hoa2","FAM107A",78,0.262798634812287,0.992620235769355,0.999999999988552,85,0.286689419795222,0.9480042413649,0.99999999999946,0.0238907849829351
"official_default","hoa2","FAM184A",273,0.928327645051195,0.999878270257518,0.999999999988552,167,0.566552901023891,0.994978344763583,0.99999999999946,-0.361774744027304
"official_default","hoa2","FAN1",257,0.873720136518771,0.999740263261695,0.999999999988552,235,0.798634812286689,0.999418490962167,0.99999999999946,-0.0750853242320819
"official_default","hoa2","FBLN2",231,0.784982935153584,0.999545307614048,0.999999999988552,197,0.668941979522184,0.997518344130037,0.99999999999946,-0.116040955631399
"official_default","hoa2","FILIP1",81,0.273037542662116,0.992769447524633,0.999999999988552,80,0.26962457337884,0.941525983677007,0.99999999999946,-0.00341296928327645
"official_default","hoa2","FILIP1L",65,0.218430034129693,0.98978017880804,0.999999999988552,214,0.726962457337884,0.998597572066109,0.99999999999946,0.508532423208191
"official_default","hoa2","FIS1",102,0.344709897610922,0.99490331523262,0.999999999988552,16,0.0511945392491468,0.708564367645408,0.99999999999946,-0.293515358361775
"official_default","hoa2","FKBP8",179,0.607508532423208,0.998767155976872,0.999999999988552,98,0.331058020477816,0.9659607837859,0.99999999999946,-0.276450511945393
"official_default","hoa2","FLT1",178,0.604095563139932,0.998703136015176,0.999999999988552,111,0.37542662116041,0.974742146405404,0.99999999999946,-0.228668941979522
"official_default","hoa2","FMO2",264,0.897610921501707,0.999798328373882,0.999999999988552,145,0.491467576791809,0.991156150869749,0.99999999999946,-0.406143344709898
"official_default","hoa2","FUT8",96,0.324232081911263,0.99440541604033,0.999999999988552,83,0.279863481228669,0.945283737983648,0.99999999999946,-0.0443686006825939
"official_default","hoa2","GABARAP",189,0.641638225255973,0.998978526127339,0.999999999988552,231,0.784982935153584,0.999278587995283,0.99999999999946,0.143344709897611
"official_default","hoa2","GABARAPL2",170,0.57679180887372,0.998436296303667,0.999999999988552,120,0.406143344709898,0.979129401189841,0.99999999999946,-0.170648464163823
"official_default","hoa2","GABPA",125,0.42320819112628,0.996683857262455,0.999999999988552,191,0.648464163822526,0.997083092029883,0.99999999999946,0.225255972696246
"official_default","hoa2","GABRB2",155,0.525597269624573,0.998021446679862,0.999999999988552,216,0.733788395904437,0.998673736532084,0.99999999999946,0.208191126279863
"official_default","hoa2","GADD45G",143,0.484641638225256,0.997662410529869,0.999999999988552,200,0.679180887372014,0.997687699311477,0.99999999999946,0.194539249146758
"official_default","hoa2","GBP1",229,0.778156996587031,0.999533077549402,0.999999999988552,283,0.962457337883959,0.999968833935581,0.99999999999946,0.184300341296928
"official_default","hoa2","GCNT2",85,0.286689419795222,0.993094878719619,0.999999999988552,188,0.638225255972696,0.996799458137484,0.99999999999946,0.351535836177474
"official_default","hoa2","GIGYF1",217,0.737201365187713,0.999397144649547,0.999999999988552,255,0.866894197952218,0.99976549354783,0.99999999999946,0.129692832764505
"official_default","hoa2","GIGYF2",52,0.174061433447099,0.986446525659052,0.999999999988552,257,0.873720136518771,0.999828308778212,0.99999999999946,0.699658703071672
"official_default","hoa2","GPRC5A",209,0.709897610921502,0.999296092422162,0.999999999988552,147,0.498293515358362,0.991197405202086,0.99999999999946,-0.21160409556314
"official_default","hoa2","GPRC5B",127,0.430034129692833,0.996902252518472,0.999999999988552,132,0.447098976109215,0.984249180042594,0.99999999999946,0.0170648464163822
"official_default","hoa2","GPX4",87,0.293515358361775,0.993433406504923,0.999999999988552,30,0.0989761092150171,0.818955054993057,0.99999999999946,-0.194539249146758
"official_default","hoa2","H19",101,0.341296928327645,0.99483375504462,0.999999999988552,88,0.296928327645051,0.954048556843087,0.99999999999946,-0.0443686006825939
"official_default","hoa2","HBEGF",18,0.0580204778156997,0.955827621955809,0.999999999988552,66,0.221843003412969,0.917993879030959,0.99999999999946,0.16382252559727
"official_default","hoa2","HES1",10,0.0307167235494881,0.942728922176875,0.999999999988552,8,0.0238907849829352,0.643163325972824,0.99999999999946,-0.0068259385665529
"official_default","hoa2","HIF1A",187,0.63481228668942,0.998954851007342,0.999999999988552,232,0.78839590443686,0.999291581279684,0.99999999999946,0.15358361774744
"official_default","hoa2","HLA-DQA1",173,0.587030716723549,0.9985713300072,0.999999999988552,282,0.959044368600683,0.999968623357453,0.99999999999946,0.372013651877133
"official_default","hoa2","HMOX1",26,0.0853242320819113,0.968830961645135,0.999999999988552,71,0.238907849829352,0.929084504142443,0.99999999999946,0.15358361774744
"official_default","hoa2","HSPD1",223,0.757679180887372,0.999461042821847,0.999999999988552,221,0.750853242320819,0.998875166715977,0.99999999999946,-0.00682593856655289
"official_default","hoa2","HSPE1",138,0.467576791808874,0.997355061569821,0.999999999988552,154,0.522184300341297,0.992324394876355,0.99999999999946,0.0546075085324232
"official_default","hoa2","HTRA2",261,0.887372013651877,0.999777364027933,0.999999999988552,253,0.860068259385666,0.999730937907622,0.99999999999946,-0.0273037542662116
"official_default","hoa2","ICAM1",3,0.0068259385665529,0.923339089756366,0.999999999988552,2,0.00341296928327645,0.356011869214033,0.99999999999946,-0.00341296928327645
"official_default","hoa2","ICAM4",37,0.122866894197952,0.978687498200893,0.999999999988552,13,0.0409556313993174,0.6804174699451,0.99999999999946,-0.0819112627986348
"official_default","hoa2","IER3",35,0.116040955631399,0.977626422310734,0.999999999988552,61,0.204778156996587,0.901036653127515,0.99999999999946,0.0887372013651877
"official_default","hoa2","IFIT1",241,0.819112627986348,0.999646517495581,0.999999999988552,291,0.989761092150171,0.999994129603522,0.99999999999946,0.170648464163823
"official_default","hoa2","IFIT2",215,0.73037542662116,0.999367979814635,0.999999999988552,241,0.819112627986348,0.999507885018164,0.99999999999946,0.0887372013651877
"official_default","hoa2","IFIT3",224,0.761092150170648,0.99948528001175,0.999999999988552,277,0.9419795221843,0.999942557146682,0.99999999999946,0.180887372013652
"official_default","hoa2","IFT88",286,0.972696245733788,0.999956617728612,0.999999999988552,238,0.808873720136519,0.999425146307208,0.99999999999946,-0.16382252559727
"official_default","hoa2","IGFBP5",88,0.296928327645051,0.993540875623661,0.999999999988552,269,0.914675767918089,0.999920468289294,0.99999999999946,0.617747440273038
"official_default","hoa2","IKBKB",256,0.870307167235495,0.999737817236816,0.999999999988552,141,0.477815699658703,0.990325725473145,0.99999999999946,-0.392491467576792
"official_default","hoa2","IL32",91,0.307167235494881,0.994013291102997,0.999999999988552,100,0.337883959044369,0.967596907027468,0.99999999999946,0.030716723549488
"official_default","hoa2","INF2",258,0.877133105802048,0.999744358537778,0.999999999988552,222,0.754266211604096,0.998894993293368,0.99999999999946,-0.122866894197952
"official_default","hoa2","INHBB",141,0.477815699658703,0.997542353042312,0.999999999988552,247,0.839590443686007,0.999647110248589,0.99999999999946,0.361774744027304
"official_default","hoa2","INMT",142,0.48122866894198,0.99759629758442,0.999999999988552,260,0.883959044368601,0.99984762996954,0.99999999999946,0.402730375426621
"official_default","hoa2","IRF3",131,0.443686006825939,0.997170517414703,0.999999999988552,113,0.382252559726962,0.976555128567653,0.99999999999946,-0.0614334470989761
"official_default","hoa2","IRF7",275,0.935153583617747,0.999880656181199,0.999999999988552,292,0.993174061433447,0.99999928460202,0.99999999999946,0.0580204778156996
"official_default","hoa2","ISG15",98,0.331058020477816,0.994615180642795,0.999999999988552,158,0.535836177474403,0.993254164449748,0.99999999999946,0.204778156996587
"official_default","hoa2","JAG1",100,0.337883959044369,0.994732885948986,0.999999999988552,97,0.327645051194539,0.964051392881925,0.99999999999946,-0.0102389078498293
"official_default","hoa2","JAG2",74,0.249146757679181,0.9914971057845,0.999999999988552,35,0.116040955631399,0.84113592038782,0.99999999999946,-0.133105802047782
"official_default","hoa2","KCNQ1OT1",68,0.228668941979522,0.990222396579519,0.999999999988552,60,0.201365187713311,0.898264675328301,0.99999999999946,-0.0273037542662116
"official_default","hoa2","KDM6B",13,0.0409556313993174,0.9489756187301,0.999999999988552,12,0.037542662116041,0.676817401224281,0.99999999999946,-0.00341296928327645
"official_default","hoa2","KDR",66,0.221843003412969,0.990150091242672,0.999999999988552,36,0.119453924914676,0.841997902066674,0.99999999999946,-0.102389078498294
"official_default","hoa2","KEAP1",196,0.665529010238908,0.999093764691708,0.999999999988552,203,0.689419795221843,0.997897050333887,0.99999999999946,0.0238907849829352
"official_default","hoa2","KIAA0040",198,0.672354948805461,0.999128057968381,0.999999999988552,234,0.795221843003413,0.99939515434689,0.99999999999946,0.122866894197952
"official_default","hoa2","LAMA3",181,0.614334470989761,0.998856845447266,0.999999999988552,96,0.324232081911263,0.963916568297436,0.99999999999946,-0.290102389078498
"official_default","hoa2","LATS1",253,0.860068259385666,0.999725188902576,0.999999999988552,264,0.897610921501707,0.999902862135313,0.99999999999946,0.037542662116041
"official_default","hoa2","LATS2",232,0.78839590443686,0.999545792614505,0.999999999988552,275,0.935153583617747,0.999940054516524,0.99999999999946,0.146757679180887
"official_default","hoa2","LCN6",219,0.744027303754266,0.999436274886006,0.999999999988552,172,0.583617747440273,0.99544438037132,0.99999999999946,-0.160409556313993
"official_default","hoa2","LEPR",158,0.535836177474403,0.998170271710614,0.999999999988552,46,0.15358361774744,0.865148070141191,0.99999999999946,-0.382252559726962
"official_default","hoa2","LGALS1",53,0.177474402730375,0.986570683201063,0.999999999988552,103,0.348122866894198,0.972037592259082,0.99999999999946,0.170648464163823
"official_default","hoa2","LINC00472",163,0.552901023890785,0.998352115916904,0.999999999988552,108,0.36518771331058,0.973634440319606,0.99999999999946,-0.187713310580205
"official_default","hoa2","LONP1",282,0.959044368600683,0.999942926372763,0.999999999988552,290,0.986348122866894,0.99999335957375,0.99999999999946,0.0273037542662117
"official_default","hoa2","LRG1",21,0.068259385665529,0.961268269590447,0.999999999988552,34,0.112627986348123,0.841094502715697,0.99999999999946,0.0443686006825939
"official_default","hoa2","LTBP4",45,0.150170648464164,0.984266778242956,0.999999999988552,52,0.174061433447099,0.881593287904161,0.99999999999946,0.0238907849829351
"official_default","hoa2","MAP1B",83,0.279863481228669,0.992853847607304,0.999999999988552,124,0.419795221843003,0.980785762888498,0.99999999999946,0.139931740614334
"official_default","hoa2","MAP1LC3B",11,0.0341296928327645,0.944825077652181,0.999999999988552,104,0.351535836177474,0.972854990977579,0.99999999999946,0.31740614334471
"official_default","hoa2","MCAM",132,0.447098976109215,0.997174281182137,0.999999999988552,153,0.51877133105802,0.99226577277288,0.99999999999946,0.0716723549488054
"official_default","hoa2","MCL1",4,0.0102389078498294,0.925884742606178,0.999999999988552,9,0.0273037542662116,0.648777635165062,0.99999999999946,0.0170648464163823
"official_default","hoa2","MEOX2",207,0.703071672354949,0.999261045124685,0.999999999988552,226,0.767918088737201,0.999121638997132,0.99999999999946,0.0648464163822525
"official_default","hoa2","MET",194,0.658703071672355,0.999054580408873,0.999999999988552,201,0.68259385665529,0.997770818395761,0.99999999999946,0.0238907849829352
"official_default","hoa2","MFF",248,0.843003412969283,0.999674914880733,0.999999999988552,189,0.641638225255973,0.996871300432305,0.99999999999946,-0.201365187713311
"official_default","hoa2","MFN1",271,0.921501706484642,0.999846312463377,0.999999999988552,281,0.955631399317406,0.999967534777856,0.99999999999946,0.0341296928327645
"official_default","hoa2","MFN2",266,0.904436860068259,0.999803452331499,0.999999999988552,245,0.832764505119454,0.999577872360741,0.99999999999946,-0.0716723549488055
"official_default","hoa2","MGP",58,0.194539249146758,0.987617771079871,0.999999999988552,114,0.385665529010239,0.977409280351044,0.99999999999946,0.191126279863481
"official_default","hoa2","MIGA1",268,0.911262798634812,0.999820999540229,0.999999999988552,219,0.744027303754266,0.998815768785809,0.99999999999946,-0.167235494880546
"official_default","hoa2","MIR222HG",23,0.0750853242320819,0.96469999743164,0.999999999988552,14,0.0443686006825939,0.69380873320313,0.99999999999946,-0.0307167235494881
"official_default","hoa2","MIR22HG",77,0.25938566552901,0.992422867800064,0.999999999988552,81,0.273037542662116,0.941533366443631,0.99999999999946,0.0136518771331058
"official_default","hoa2","MMP2",55,0.184300341296928,0.987167768287238,0.999999999988552,68,0.228668941979522,0.920704627961296,0.99999999999946,0.0443686006825939
"official_default","hoa2","MSX1",28,0.0921501706484642,0.9722505331047,0.999999999988552,84,0.283276450511945,0.946321823802081,0.99999999999946,0.191126279863481
"official_default","hoa2","MT1E",114,0.385665529010239,0.995769223658057,0.999999999988552,279,0.948805460750853,0.999950347714743,0.99999999999946,0.563139931740614
"official_default","hoa2","MT1X",86,0.290102389078498,0.993220979322701,0.999999999988552,183,0.621160409556314,0.996541104640364,0.99999999999946,0.331058020477816
"official_default","hoa2","MT2A",19,0.0614334470989761,0.95808473957705,0.999999999988552,57,0.191126279863481,0.888412690044037,0.99999999999946,0.129692832764505
"official_default","hoa2","MTCH2",164,0.556313993174061,0.998355839325861,0.999999999988552,194,0.658703071672355,0.997375684077968,0.99999999999946,0.102389078498294
"official_default","hoa2","MTFR1L",168,0.569965870307167,0.998426989782026,0.999999999988552,246,0.83617747440273,0.999627950028969,0.99999999999946,0.266211604095563
"official_default","hoa2","MTOR",95,0.320819112627986,0.994399269164222,0.999999999988552,198,0.672354948805461,0.997545798570946,0.99999999999946,0.351535836177474
"official_default","hoa2","MX1",200,0.679180887372014,0.999154144964266,0.999999999988552,262,0.890784982935154,0.999882504078417,0.99999999999946,0.21160409556314
"official_default","hoa2","NBR1",226,0.767918088737201,0.999502616706822,0.999999999988552,134,0.453924914675768,0.985929450389533,0.99999999999946,-0.313993174061433
"official_default","hoa2","NDUFA1",93,0.313993174061433,0.994031656856964,0.999999999988552,74,0.249146757679181,0.933586897793825,0.99999999999946,-0.0648464163822526
"official_default","hoa2","NDUFB8",191,0.648464163822526,0.998989128063619,0.999999999988552,123,0.416382252559727,0.98052002516205,0.99999999999946,-0.232081911262799
"official_default","hoa2","NDUFS1",220,0.747440273037543,0.999441214876257,0.999999999988552,212,0.720136518771331,0.998338579355955,0.99999999999946,-0.0273037542662116
"official_default","hoa2","NFE2L2",137,0.464163822525597,0.99735098767164,0.999999999988552,180,0.610921501706485,0.996193101481236,0.99999999999946,0.146757679180887
"official_default","hoa2","NFKB1",148,0.501706484641638,0.997830866235742,0.999999999988552,248,0.843003412969283,0.999660116802516,0.99999999999946,0.341296928327645
"official_default","hoa2","NFKBIA",1,0,0.846072871281171,0.999999999988552,1,0,0.286541264369651,0.99999999999946,0
"official_default","hoa2","NIBAN1",108,0.36518771331058,0.995503443918675,0.999999999988552,186,0.631399317406143,0.996604690692669,0.99999999999946,0.266211604095563
"official_default","hoa2","NR4A1",16,0.0511945392491468,0.953426876646914,0.999999999988552,15,0.0477815699658703,0.69433451595488,0.99999999999946,-0.00341296928327645
"official_default","hoa2","NR4A2",30,0.0989761092150171,0.973655836133183,0.999999999988552,11,0.0341296928327645,0.674624526688991,0.99999999999946,-0.0648464163822526
"official_default","hoa2","NSUN6",75,0.252559726962457,0.991576315878193,0.999999999988552,23,0.0750853242320819,0.776685302601124,0.99999999999946,-0.177474402730375
"official_default","hoa2","OPA1",139,0.47098976109215,0.997423110094601,0.999999999988552,217,0.737201365187713,0.998756533863151,0.99999999999946,0.266211604095563
"official_default","hoa2","OPTN",262,0.890784982935154,0.999786413336419,0.999999999988552,184,0.62457337883959,0.996552379395547,0.99999999999946,-0.266211604095563
"official_default","hoa2","PARL",243,0.825938566552901,0.999654651612503,0.999999999988552,215,0.73037542662116,0.998617917202375,0.99999999999946,-0.0955631399317406
"official_default","hoa2","PDGFB",123,0.416382252559727,0.996429517713892,0.999999999988552,53,0.177474402730375,0.881922079490926,0.99999999999946,-0.238907849829352
"official_default","hoa2","PECAM1",12,0.037542662116041,0.945739569598546,0.999999999988552,10,0.0307167235494881,0.655357799049484,0.99999999999946,-0.00682593856655291
"official_default","hoa2","PGF",130,0.440273037542662,0.997123216895102,0.999999999988552,185,0.627986348122867,0.996589331287849,0.99999999999946,0.187713310580205
"official_default","hoa2","PHB2",205,0.696245733788396,0.999216781085112,0.999999999988552,196,0.665529010238908,0.997503043704449,0.99999999999946,-0.0307167235494881
"official_default","hoa2","PHLDA1",153,0.51877133105802,0.997977881616085,0.999999999988552,177,0.600682593856655,0.995888897460377,0.99999999999946,0.0819112627986349
"official_default","hoa2","PIK3R3",235,0.798634812286689,0.99957536946732,0.999999999988552,122,0.41296928327645,0.98023520146315,0.99999999999946,-0.385665529010239
"official_default","hoa2","PIM1",140,0.474402730375427,0.997493980053778,0.999999999988552,137,0.464163822525597,0.987962910126868,0.99999999999946,-0.0102389078498293
"official_default","hoa2","PINK1",199,0.675767918088737,0.999138774220195,0.999999999988552,174,0.590443686006826,0.995534096965437,0.99999999999946,-0.0853242320819112
"official_default","hoa2","PLAC9",221,0.750853242320819,0.999450511599471,0.999999999988552,242,0.822525597269625,0.999514943291453,0.99999999999946,0.0716723549488055
"official_default","hoa2","PLAUR",146,0.494880546075085,0.997770957041816,0.999999999988552,218,0.74061433447099,0.99877674707049,0.99999999999946,0.245733788395904
"official_default","hoa2","PLEKHG2",156,0.52901023890785,0.99804687735729,0.999999999988552,131,0.443686006825939,0.984027438202928,0.99999999999946,-0.0853242320819113
"official_default","hoa2","PMAIP1",174,0.590443686006826,0.998578692244294,0.999999999988552,227,0.771331058020478,0.999158926658624,0.99999999999946,0.180887372013652
"official_default","hoa2","PMPCA",265,0.901023890784983,0.999802996545932,0.999999999988552,140,0.474402730375427,0.990163232258841,0.99999999999946,-0.426621160409556
"official_default","hoa2","PMPCB",154,0.522184300341297,0.997981349846942,0.999999999988552,125,0.42320819112628,0.980954142475161,0.99999999999946,-0.098976109215017
"official_default","hoa2","PPP1R14A",51,0.170648464163823,0.986339645046176,0.999999999988552,55,0.184300341296928,0.887959204940843,0.99999999999946,0.0136518771331058
"official_default","hoa2","PRDX1",121,0.409556313993174,0.99615691085689,0.999999999988552,45,0.150170648464164,0.862546211885276,0.99999999999946,-0.25938566552901
"official_default","hoa2","PRDX2",82,0.276450511945392,0.992849633323663,0.999999999988552,38,0.126279863481229,0.846755538644846,0.99999999999946,-0.150170648464164
"official_default","hoa2","PRDX3",292,0.993174061433447,0.999998388378924,0.999999999988552,207,0.703071672354949,0.99809106947086,0.99999999999946,-0.290102389078498
"official_default","hoa2","PRDX5",76,0.255972696245734,0.992172868983237,0.999999999988552,33,0.109215017064846,0.835211472474579,0.99999999999946,-0.146757679180887
"official_default","hoa2","PRKX",84,0.283276450511945,0.993053580933025,0.999999999988552,152,0.515358361774744,0.992147259882186,0.99999999999946,0.232081911262799
"official_default","hoa2","RASGEF1B",285,0.969283276450512,0.999956219699248,0.999999999988552,165,0.559726962457338,0.994432692166382,0.99999999999946,-0.409556313993174
"official_default","hoa2","RCAN1",99,0.334470989761092,0.994708919762825,0.999999999988552,187,0.63481228668942,0.996777388430913,0.99999999999946,0.300341296928328
"official_default","hoa2","RELA",197,0.668941979522184,0.999115950658607,0.999999999988552,267,0.907849829351536,0.999919375788424,0.99999999999946,0.238907849829352
"official_default","hoa2","RGS16",32,0.10580204778157,0.975287737717276,0.999999999988552,62,0.208191126279863,0.911547091222621,0.99999999999946,0.102389078498293
"official_default","hoa2","RGS2",255,0.866894197952218,0.999737416555857,0.999999999988552,273,0.928327645051195,0.999927426692103,0.99999999999946,0.0614334470989761
"official_default","hoa2","RHEB",133,0.450511945392491,0.997181889127427,0.999999999988552,210,0.713310580204778,0.998307352368988,0.99999999999946,0.262798634812287
"official_default","hoa2","RND1",57,0.191126279863481,0.987442591871085,0.999999999988552,79,0.266211604095563,0.938833523566069,0.99999999999946,0.0750853242320819
"official_default","hoa2","RND3",289,0.982935153583618,0.999961504008169,0.999999999988552,287,0.976109215017065,0.999978240422253,0.99999999999946,-0.00682593856655289
"official_default","hoa2","RNPC3",251,0.853242320819113,0.999712116129238,0.999999999988552,261,0.887372013651877,0.999859984341115,0.99999999999946,0.0341296928327645
"official_default","hoa2","RPL32P3",183,0.621160409556314,0.998862419913267,0.999999999988552,166,0.563139931740614,0.994563709890922,0.99999999999946,-0.0580204778156996
"official_default","hoa2","RPS6KA5",242,0.822525597269625,0.999650416250165,0.999999999988552,256,0.870307167235495,0.999826636159363,0.99999999999946,0.0477815699658702
"official_default","hoa2","RPS6KB1",175,0.593856655290102,0.998589554656268,0.999999999988552,240,0.815699658703072,0.99950106372556,0.99999999999946,0.221843003412969
"official_default","hoa2","RRN3P1",278,0.945392491467577,0.999904349776563,0.999999999988552,148,0.501706484641638,0.991797182998553,0.99999999999946,-0.443686006825939
"official_default","hoa2","SELE",29,0.0955631399317406,0.972777092255867,0.999999999988552,6,0.0170648464163823,0.604916702662448,0.99999999999946,-0.0784982935153584
"official_default","hoa2","SEMA3A",79,0.266211604095563,0.992622649594105,0.999999999988552,209,0.709897610921502,0.998198337121371,0.99999999999946,0.443686006825939
"official_default","hoa2","SEMA3G",60,0.201365187713311,0.987959370553763,0.999999999988552,39,0.129692832764505,0.847542946188355,0.99999999999946,-0.0716723549488055
"official_default","hoa2","SEMA4A",38,0.126279863481229,0.97954196082049,0.999999999988552,24,0.0784982935153584,0.777291274404286,0.99999999999946,-0.0477815699658703
"official_default","hoa2","SERPINE1",15,0.0477815699658703,0.952920023212543,0.999999999988552,87,0.293515358361775,0.951439089028854,0.99999999999946,0.245733788395904
"official_default","hoa2","SIPA1L2",109,0.368600682593857,0.995525379262859,0.999999999988552,93,0.313993174061433,0.961109995207378,0.99999999999946,-0.0546075085324232
"official_default","hoa2","SLC25A44",22,0.0716723549488055,0.964316554977245,0.999999999988552,18,0.0580204778156997,0.758866493932802,0.99999999999946,-0.0136518771331058
"official_default","hoa2","SLC26A2",279,0.948805460750853,0.999916256705273,0.999999999988552,136,0.460750853242321,0.987629766274326,0.99999999999946,-0.488054607508532
"official_default","hoa2","SLC4A7",225,0.764505119453925,0.999486390538495,0.999999999988552,265,0.901023890784983,0.999913893593184,0.99999999999946,0.136518771331058
"official_default","hoa2","SLC5A3",270,0.918088737201365,0.999844228947939,0.999999999988552,293,0.996587030716723,0.999999999999196,0.99999999999946,0.0784982935153583
"official_default","hoa2","SLC6A6",166,0.563139931740614,0.998383155705162,0.999999999988552,51,0.170648464163823,0.878166461416225,0.99999999999946,-0.392491467576792
"official_default","hoa2","SNORD3A",192,0.651877133105802,0.998998466140308,0.999999999988552,163,0.552901023890785,0.993864986572018,0.99999999999946,-0.0989761092150171
"official_default","hoa2","SOD1",149,0.505119453924915,0.997842488395185,0.999999999988552,109,0.368600682593857,0.974292441303958,0.99999999999946,-0.136518771331058
"official_default","hoa2","SOD2",36,0.119453924914676,0.978059781300561,0.999999999988552,107,0.361774744027304,0.973551540346824,0.99999999999946,0.242320819112628
"official_default","hoa2","SOX13",97,0.327645051194539,0.99443141954442,0.999999999988552,86,0.290102389078498,0.948341944571231,0.99999999999946,-0.037542662116041
"official_default","hoa2","SOX17",92,0.310580204778157,0.99402383190583,0.999999999988552,127,0.430034129692833,0.982105693991013,0.99999999999946,0.119453924914676
"official_default","hoa2","SRGN",110,0.372013651877133,0.995630653787368,0.999999999988552,43,0.143344709897611,0.858880492259879,0.99999999999946,-0.228668941979522
"official_default","hoa2","SYBU",214,0.726962457337884,0.999358592857277,0.999999999988552,237,0.805460750853242,0.999423598944128,0.99999999999946,0.0784982935153583
"official_default","hoa2","SYNJ2",71,0.238907849829352,0.99096215102104,0.999999999988552,135,0.457337883959044,0.987050693091504,0.99999999999946,0.218430034129693
"official_default","hoa2","SYT11",237,0.805460750853242,0.99959535181697,0.999999999988552,90,0.303754266211604,0.957026563957749,0.99999999999946,-0.501706484641638
"official_default","hoa2","TAGLN",212,0.720136518771331,0.999340480208554,0.999999999988552,236,0.802047781569966,0.999421913842643,0.99999999999946,0.0819112627986348
"official_default","hoa2","TAX1BP1",113,0.382252559726962,0.995736379600391,0.999999999988552,233,0.791808873720137,0.999370584650131,0.99999999999946,0.409556313993174
"official_default","hoa2","TBK1",252,0.856655290102389,0.99971536248466,0.999999999988552,286,0.972696245733788,0.999976967176455,0.99999999999946,0.116040955631399
"official_default","hoa2","TCF15",120,0.406143344709898,0.996145428284505,0.999999999988552,130,0.440273037542662,0.983715101196615,0.99999999999946,0.0341296928327645
"official_default","hoa2","TEAD1",227,0.771331058020478,0.999529458151908,0.999999999988552,205,0.696245733788396,0.997953228183125,0.99999999999946,-0.0750853242320819
"official_default","hoa2","TEAD4",277,0.9419795221843,0.999881775338182,0.999999999988552,243,0.825938566552901,0.999524854752604,0.99999999999946,-0.116040955631399
"official_default","hoa2","TEK",190,0.645051194539249,0.998986079974073,0.999999999988552,37,0.122866894197952,0.845522044012726,0.99999999999946,-0.522184300341297
"official_default","hoa2","TFAM",103,0.348122866894198,0.995005317937767,0.999999999988552,157,0.532423208191126,0.993092231691742,0.99999999999946,0.184300341296928
"official_default","hoa2","THBS1",249,0.84641638225256,0.999679239857957,0.999999999988552,284,0.965870307167236,0.999971825329293,0.99999999999946,0.119453924914676
"official_default","hoa2","THY1",145,0.491467576791809,0.997761488683394,0.999999999988552,228,0.774744027303754,0.999179899871331,0.99999999999946,0.283276450511945
"official_default","hoa2","TIMP4",193,0.655290102389078,0.999007401226018,0.999999999988552,251,0.853242320819113,0.99968059776145,0.99999999999946,0.197952218430034
"official_default","hoa2","TIPARP",14,0.0443686006825939,0.952495469150316,0.999999999988552,50,0.167235494880546,0.877661092712588,0.99999999999946,0.122866894197952
"official_default","hoa2","TLCD2",290,0.986348122866894,0.999967888072277,0.999999999988552,266,0.904436860068259,0.999917061809605,0.99999999999946,-0.0819112627986348
"official_default","hoa2","TM6SF1",105,0.354948805460751,0.995246152640062,0.999999999988552,92,0.310580204778157,0.960385183912462,0.99999999999946,-0.0443686006825939
"official_default","hoa2","TMEM161B-AS1",177,0.600682593856655,0.998696357280772,0.999999999988552,139,0.47098976109215,0.990033376943207,0.99999999999946,-0.129692832764505
"official_default","hoa2","TMEM173",188,0.638225255972696,0.998968918145934,0.999999999988552,224,0.761092150170648,0.998964418765971,0.99999999999946,0.122866894197952
"official_default","hoa2","TNFAIP3",112,0.378839590443686,0.995725786656165,0.999999999988552,67,0.225255972696246,0.918134917597606,0.99999999999946,-0.15358361774744
"official_default","hoa2","TNFRSF4",118,0.399317406143345,0.995881439594901,0.999999999988552,151,0.511945392491468,0.992133502677944,0.99999999999946,0.112627986348123
"official_default","hoa2","TRAP1",176,0.597269624573379,0.998663131956402,0.999999999988552,168,0.569965870307167,0.995140049089356,0.99999999999946,-0.0273037542662116
"official_default","hoa2","TRDMT1",233,0.791808873720137,0.999555870878206,0.999999999988552,146,0.494880546075085,0.991169727139758,0.99999999999946,-0.296928327645051
"official_default","hoa2","TSC1",284,0.965870307167236,0.999956107336567,0.999999999988552,289,0.982935153583618,0.99999204675593,0.99999999999946,0.0170648464163822
"official_default","hoa2","TSC2",230,0.781569965870307,0.999534881644089,0.999999999988552,190,0.645051194539249,0.996909267569549,0.99999999999946,-0.136518771331058
"official_default","hoa2","TSPAN13",46,0.15358361774744,0.984747756503628,0.999999999988552,32,0.10580204778157,0.825384234137579,0.99999999999946,-0.0477815699658703
"official_default","hoa2","TTC21B",159,0.539249146757679,0.998236145865963,0.999999999988552,156,0.52901023890785,0.992699444230425,0.99999999999946,-0.0102389078498294
"official_default","hoa2","TXN2",210,0.713310580204778,0.999315979581538,0.999999999988552,225,0.764505119453925,0.998981519198201,0.99999999999946,0.0511945392491469
"official_default","hoa2","ULK1",180,0.610921501706485,0.998807510334493,0.999999999988552,254,0.863481228668942,0.999756791360549,0.99999999999946,0.252559726962457
"official_default","hoa2","UQCRB",64,0.215017064846416,0.989715797542107,0.999999999988552,21,0.068259385665529,0.767978445332547,0.99999999999946,-0.146757679180887
"official_default","hoa2","UQCRC1",239,0.812286689419795,0.999615536668317,0.999999999988552,171,0.580204778156997,0.995418524775408,0.99999999999946,-0.232081911262799
"official_default","hoa2","UQCRC2",62,0.208191126279863,0.988438618014672,0.999999999988552,112,0.378839590443686,0.975350757178211,0.99999999999946,0.170648464163823
"official_default","hoa2","VCAM1",234,0.795221843003413,0.999572844792435,0.999999999988552,161,0.546075085324232,0.993735195982501,0.99999999999946,-0.249146757679181
"official_default","hoa2","VCAN",115,0.389078498293515,0.995842135136435,0.999999999988552,128,0.433447098976109,0.983302065233436,0.99999999999946,0.0443686006825939
"official_default","hoa2","VCP",165,0.559726962457338,0.998380147368258,0.999999999988552,99,0.334470989761092,0.966523126458434,0.99999999999946,-0.225255972696246
"official_default","hoa2","VDAC1",184,0.62457337883959,0.998862563751706,0.999999999988552,249,0.84641638225256,0.999674381330571,0.99999999999946,0.221843003412969
"official_default","hoa2","VDAC2",116,0.392491467576792,0.995858936097643,0.999999999988552,118,0.399317406143345,0.978960041448786,0.99999999999946,0.00682593856655289
"official_default","hoa2","VDAC3",150,0.508532423208191,0.9979032184571,0.999999999988552,129,0.436860068259386,0.98368528292887,0.99999999999946,-0.0716723549488055
"official_default","hoa2","VEGFC",111,0.37542662116041,0.995641177367994,0.999999999988552,159,0.539249146757679,0.993659296945665,0.99999999999946,0.16382252559727
"official_default","hoa2","VSIR",42,0.139931740614334,0.983838883588453,0.999999999988552,48,0.160409556313993,0.875160410346479,0.99999999999946,0.0204778156996587
"official_default","hoa2","VWF",2,0.00341296928327645,0.886187491927194,0.999999999988552,4,0.0102389078498294,0.548071217371876,0.99999999999946,0.0068259385665529
"official_default","hoa2","WDR44",259,0.880546075085324,0.999750770507661,0.999999999988552,208,0.706484641638225,0.998129224492048,0.99999999999946,-0.174061433447099
"official_default","hoa2","WWTR1",136,0.460750853242321,0.997293340162921,0.999999999988552,101,0.341296928327645,0.967616802897872,0.99999999999946,-0.119453924914676
"official_default","hoa2","YAP1",213,0.723549488054608,0.999349957176903,0.999999999988552,271,0.921501706484642,0.999924356100107,0.99999999999946,0.197952218430034
"official_default","hoa2","YME1L1",106,0.358361774744027,0.995361273044854,0.999999999988552,75,0.252559726962457,0.933694339730438,0.99999999999946,-0.10580204778157
"official_default","hoa2","ZEB2",119,0.402730375426621,0.995913325181279,0.999999999988552,278,0.945392491467577,0.999947743409671,0.99999999999946,0.542662116040956
"official_default","hoa2","ZNF224",247,0.839590443686007,0.999669783315273,0.999999999988552,179,0.607508532423208,0.996144503333298,0.99999999999946,-0.232081911262799
"official_default","hoa2","ZNF331",263,0.89419795221843,0.999792210767871,0.999999999988552,229,0.778156996587031,0.999224623717799,0.99999999999946,-0.116040955631399
"official_default","hoa3","AC002558.3",188,0.638225255972696,0.999255446913582,0.999999999994531,285,0.969283276450512,0.999971848666721,0.99999999999986,0.331058020477816
"official_default","hoa3","AC010359.3",142,0.48122866894198,0.997740874749535,0.999999999994531,107,0.361774744027304,0.988463444002512,0.99999999999986,-0.119453924914676
"official_default","hoa3","AC091271.1",243,0.825938566552901,0.999836018168364,0.999999999994531,253,0.860068259385666,0.999828241866154,0.99999999999986,0.0341296928327646
"official_default","hoa3","AC109326.1",269,0.914675767918089,0.999947706915875,0.999999999994531,240,0.815699658703072,0.999632300188618,0.99999999999986,-0.098976109215017
"official_default","hoa3","ACE",172,0.583617747440273,0.998684627113166,0.999999999994531,137,0.464163822525597,0.993840116616017,0.99999999999986,-0.119453924914676
"official_default","hoa3","ACKR1",33,0.109215017064846,0.951499728830361,0.999999999994531,2,0.00341296928327645,0.0593749636039116,0.99999999999986,-0.10580204778157
"official_default","hoa3","ADAMTS1",154,0.522184300341297,0.9981740162672,0.999999999994531,190,0.645051194539249,0.998090952718633,0.99999999999986,0.122866894197952
"official_default","hoa3","ADAMTS4",12,0.037542662116041,0.849686326070703,0.999999999994531,14,0.0443686006825939,0.790913974474384,0.99999999999986,0.0068259385665529
"official_default","hoa3","ADAMTS6",174,0.590443686006826,0.998689254975748,0.999999999994531,120,0.406143344709898,0.99099193207111,0.99999999999986,-0.184300341296928
"official_default","hoa3","ADAMTS9",24,0.0784982935153584,0.924581890798452,0.999999999994531,46,0.15358361774744,0.942928158495811,0.99999999999986,0.0750853242320819
"official_default","hoa3","ADGRG6",13,0.0409556313993174,0.857175204016092,0.999999999994531,13,0.0409556313993174,0.780170793881773,0.99999999999986,0
"official_default","hoa3","ADM",282,0.959044368600683,0.999966846826374,0.999999999994531,197,0.668941979522184,0.998572957355971,0.99999999999986,-0.290102389078498
"official_default","hoa3","AFG3L2",239,0.812286689419795,0.999796236202343,0.999999999994531,231,0.784982935153584,0.999485126238816,0.99999999999986,-0.0273037542662116
"official_default","hoa3","AKAP12",41,0.136518771331058,0.965422450853477,0.999999999994531,81,0.273037542662116,0.981821824346959,0.99999999999986,0.136518771331058
"official_default","hoa3","AKT1",150,0.508532423208191,0.998000072303822,0.999999999994531,294,1,0.99999999999986,0.99999999999986,0.491467576791809
"official_default","hoa3","ANKRD29",73,0.245733788395904,0.990549224024603,0.999999999994531,65,0.218430034129693,0.9671150872008,0.99999999999986,-0.0273037542662116
"official_default","hoa3","ANKRD42",75,0.252559726962457,0.990666871825488,0.999999999994531,127,0.430034129692833,0.992650031104792,0.99999999999986,0.177474402730375
"official_default","hoa3","APOD",216,0.733788395904437,0.999600815892052,0.999999999994531,199,0.675767918088737,0.998618511752092,0.99999999999986,-0.0580204778156997
"official_default","hoa3","AQP7",200,0.679180887372014,0.99943551170547,0.999999999994531,129,0.436860068259386,0.992702314377927,0.99999999999986,-0.242320819112628
"official_default","hoa3","ARL15",156,0.52901023890785,0.998262529791941,0.999999999994531,156,0.52901023890785,0.995495371644328,0.99999999999986,0
"official_default","hoa3","ARL4C",278,0.945392491467577,0.999961264919376,0.999999999994531,291,0.989761092150171,0.999989547645523,0.99999999999986,0.0443686006825939
"official_default","hoa3","ATF3",43,0.143344709897611,0.96632878256133,0.999999999994531,62,0.208191126279863,0.966188053999245,0.99999999999986,0.0648464163822526
"official_default","hoa3","ATG5",223,0.757679180887372,0.999667628774837,0.999999999994531,230,0.781569965870307,0.999484518465921,0.99999999999986,0.0238907849829352
"official_default","hoa3","ATP13A3",63,0.21160409556314,0.98534853276593,0.999999999994531,87,0.293515358361775,0.984210123196892,0.99999999999986,0.0819112627986348
"official_default","hoa3","ATP5F1A",55,0.184300341296928,0.981339249400839,0.999999999994531,50,0.167235494880546,0.948421853255187,0.99999999999986,-0.0170648464163823
"official_default","hoa3","ATP5F1B",173,0.587030716723549,0.998687824604443,0.999999999994531,52,0.174061433447099,0.95166496065293,0.99999999999986,-0.41296928327645
"official_default","hoa3","ATP5MC1",52,0.174061433447099,0.979571047472114,0.999999999994531,34,0.112627986348123,0.906458259418347,0.99999999999986,-0.0614334470989761
"official_default","hoa3","ATP8A1",144,0.488054607508532,0.997905422271486,0.999999999994531,149,0.505119453924915,0.995261029137059,0.99999999999986,0.0170648464163822
"official_default","hoa3","B3GNT5",23,0.0750853242320819,0.921362911777514,0.999999999994531,35,0.116040955631399,0.909449127258028,0.99999999999986,0.0409556313993174
"official_default","hoa3","BAX",133,0.450511945392491,0.996939100847777,0.999999999994531,176,0.597269624573379,0.99685867269083,0.99999999999986,0.146757679180887
"official_default","hoa3","BCL2L1",190,0.645051194539249,0.999297075047073,0.999999999994531,237,0.805460750853242,0.999573019254079,0.99999999999986,0.160409556313993
"official_default","hoa3","BCL2L13",162,0.549488054607508,0.99845421260379,0.999999999994531,151,0.511945392491468,0.995297773898405,0.99999999999986,-0.037542662116041
"official_default","hoa3","BGN",199,0.675767918088737,0.999432470078139,0.999999999994531,248,0.843003412969283,0.999702202022853,0.99999999999986,0.167235494880546
"official_default","hoa3","BID",140,0.474402730375427,0.997664788567546,0.999999999994531,169,0.573378839590444,0.996355523254856,0.99999999999986,0.098976109215017
"official_default","hoa3","BIRC3",28,0.0921501706484642,0.932963239192207,0.999999999994531,38,0.126279863481229,0.91455134989543,0.99999999999986,0.0341296928327645
"official_default","hoa3","BMP4",53,0.177474402730375,0.979874283316496,0.999999999994531,70,0.235494880546075,0.972370535879943,0.99999999999986,0.0580204778156997
"official_default","hoa3","BNIP3",206,0.699658703071672,0.999524121712348,0.999999999994531,266,0.904436860068259,0.999869012823682,0.99999999999986,0.204778156996587
"official_default","hoa3","BNIP3L",284,0.965870307167236,0.99998258990537,0.999999999994531,214,0.726962457337884,0.999234907805511,0.99999999999986,-0.238907849829352
"official_default","hoa3","BTNL9",115,0.389078498293515,0.995686427386508,0.999999999994531,63,0.21160409556314,0.96629000956948,0.99999999999986,-0.177474402730375
"official_default","hoa3","C11orf96",15,0.0477815699658703,0.879887405690588,0.999999999994531,24,0.0784982935153584,0.874240718046069,0.99999999999986,0.0307167235494881
"official_default","hoa3","C1orf54",217,0.737201365187713,0.999623902846052,0.999999999994531,175,0.593856655290102,0.996776620898333,0.99999999999986,-0.143344709897611
"official_default","hoa3","C2CD4B",18,0.0580204778156997,0.890021008072092,0.999999999994531,20,0.0648464163822526,0.84209530009766,0.99999999999986,0.00682593856655289
"official_default","hoa3","C7",1,0,0.000819193952544131,0.240843022047975,3,0.0068259385665529,0.0847406425658376,0.99999999999986,0.0068259385665529
"official_default","hoa3","CALCOCO2",26,0.0853242320819113,0.930169575323794,0.999999999994531,17,0.0546075085324232,0.821053153266053,0.99999999999986,-0.0307167235494881
"official_default","hoa3","CAT",46,0.15358361774744,0.970787734053342,0.999999999994531,48,0.160409556313993,0.944169309413231,0.99999999999986,0.00682593856655289
"official_default","hoa3","CBWD5",211,0.716723549488055,0.999579930338918,0.999999999994531,208,0.706484641638225,0.999055247159031,0.99999999999986,-0.0102389078498294
"official_default","hoa3","CCL2",40,0.133105802047782,0.965038352547224,0.999999999994531,77,0.25938566552901,0.979523870773968,0.99999999999986,0.126279863481229
"official_default","hoa3","CCL23",116,0.392491467576792,0.995926241343463,0.999999999994531,83,0.279863481228669,0.982598069043776,0.99999999999986,-0.112627986348123
"official_default","hoa3","CCN1",103,0.348122866894198,0.995112490324181,0.999999999994531,270,0.918088737201365,0.999888478397939,0.99999999999986,0.569965870307167
"official_default","hoa3","CCN2",255,0.866894197952218,0.999907099772136,0.999999999994531,255,0.866894197952218,0.999833176135747,0.99999999999986,0
"official_default","hoa3","CCND1",225,0.764505119453925,0.9996959643975,0.999999999994531,212,0.720136518771331,0.999213574831705,0.99999999999986,-0.0443686006825939
"official_default","hoa3","CD14",276,0.938566552901024,0.999955931936094,0.999999999994531,225,0.764505119453925,0.999422734093952,0.99999999999986,-0.174061433447099
"official_default","hoa3","CD300LG",149,0.505119453924915,0.997953363404481,0.999999999994531,49,0.16382252559727,0.946001115464522,0.99999999999986,-0.341296928327645
"official_default","hoa3","CD83",230,0.781569965870307,0.99970918586569,0.999999999994531,238,0.808873720136519,0.999610476033491,0.99999999999986,0.0273037542662117
"official_default","hoa3","CDH13",138,0.467576791808874,0.997540551235395,0.999999999994531,144,0.488054607508532,0.994577863094391,0.99999999999986,0.0204778156996587
"official_default","hoa3","CGAS",50,0.167235494880546,0.97756145491979,0.999999999994531,152,0.515358361774744,0.995357910255776,0.99999999999986,0.348122866894198
"official_default","hoa3","CKS2",22,0.0716723549488055,0.912829811666811,0.999999999994531,43,0.143344709897611,0.928095205883232,0.99999999999986,0.0716723549488055
"official_default","hoa3","CLDN5",65,0.218430034129693,0.98690541801253,0.999999999994531,56,0.187713310580205,0.956155313911099,0.99999999999986,-0.0307167235494881
"official_default","hoa3","CLPP",177,0.600682593856655,0.998933221803367,0.999999999994531,128,0.433447098976109,0.992694709803213,0.99999999999986,-0.167235494880546
"official_default","hoa3","CNKSR3",137,0.464163822525597,0.997097671757895,0.999999999994531,105,0.354948805460751,0.98808353420781,0.99999999999986,-0.109215017064846
"official_default","hoa3","COX4I1",171,0.580204778156997,0.998657776804681,0.999999999994531,29,0.0955631399317406,0.895161340751771,0.99999999999986,-0.484641638225256
"official_default","hoa3","COX5A",220,0.747440273037543,0.999643142080986,0.999999999994531,115,0.389078498293515,0.990516647975009,0.99999999999986,-0.358361774744027
"official_default","hoa3","COX6C",128,0.433447098976109,0.996682202489815,0.999999999994531,36,0.119453924914676,0.911886888186181,0.99999999999986,-0.313993174061433
"official_default","hoa3","COX7A2",191,0.648464163822526,0.999305092862743,0.999999999994531,71,0.238907849829352,0.973288352211185,0.99999999999986,-0.409556313993174
"official_default","hoa3","CR381670.1",74,0.249146757679181,0.990587672621766,0.999999999994531,51,0.170648464163823,0.948675928757842,0.99999999999986,-0.0784982935153583
"official_default","hoa3","CREB5",72,0.242320819112628,0.989859136362249,0.999999999994531,89,0.300341296928328,0.984489207619427,0.99999999999986,0.0580204778156997
"official_default","hoa3","CRIP1",192,0.651877133105802,0.999318460728862,0.999999999994531,186,0.631399317406143,0.997799483276397,0.99999999999986,-0.0204778156996588
"official_default","hoa3","CX3CL1",236,0.802047781569966,0.999732098249132,0.999999999994531,232,0.78839590443686,0.999487236163739,0.99999999999986,-0.0136518771331059
"official_default","hoa3","CXCL12",81,0.273037542662116,0.99229909609254,0.999999999994531,133,0.450511945392491,0.993082420275121,0.99999999999986,0.177474402730375
"official_default","hoa3","CXCL2",29,0.0955631399317406,0.939473630965977,0.999999999994531,28,0.0921501706484642,0.893802864477887,0.99999999999986,-0.00341296928327646
"official_default","hoa3","CXCL3",69,0.232081911262799,0.989544956298941,0.999999999994531,188,0.638225255972696,0.997891547572198,0.99999999999986,0.406143344709898
"official_default","hoa3","CXCR4",294,1,0.999999999994531,0.999999999994531,243,0.825938566552901,0.999653611194531,0.99999999999986,-0.174061433447099
"official_default","hoa3","CYP1B1",222,0.754266211604096,0.99966618602436,0.999999999994531,58,0.194539249146758,0.956916664271437,0.99999999999986,-0.559726962457338
"official_default","hoa3","DDHD1",170,0.57679180887372,0.998644999662499,0.999999999994531,264,0.897610921501707,0.999862379897737,0.99999999999986,0.320819112627986
"official_default","hoa3","DEPP1",90,0.303754266211604,0.993181042176055,0.999999999994531,72,0.242320819112628,0.973786199234192,0.99999999999986,-0.0614334470989761
"official_default","hoa3","DGKE",114,0.385665529010239,0.995652879787735,0.999999999994531,103,0.348122866894198,0.987528535311753,0.99999999999986,-0.037542662116041
"official_default","hoa3","DLL4",108,0.36518771331058,0.995289064775465,0.999999999994531,201,0.68259385665529,0.998739130739569,0.99999999999986,0.31740614334471
"official_default","hoa3","DNAJA4",290,0.986348122866894,0.999993479153357,0.999999999994531,278,0.945392491467577,0.999948501999809,0.99999999999986,-0.0409556313993175
"official_default","hoa3","DNM1L",160,0.542662116040956,0.998393624247559,0.999999999994531,220,0.747440273037543,0.999378005675342,0.99999999999986,0.204778156996587
"official_default","hoa3","DNM2",213,0.723549488054608,0.999590031939162,0.999999999994531,192,0.651877133105802,0.998145268173431,0.99999999999986,-0.0716723549488054
"official_default","hoa3","DUSP2",280,0.95221843003413,0.999964694062829,0.999999999994531,249,0.84641638225256,0.999703510343798,0.99999999999986,-0.10580204778157
"official_default","hoa3","DUSP4",270,0.918088737201365,0.999948105456674,0.999999999994531,222,0.754266211604096,0.999384643237036,0.99999999999986,-0.16382252559727
"official_default","hoa3","ECRG4",110,0.372013651877133,0.995391268149994,0.999999999994531,155,0.525597269624573,0.995484667237035,0.99999999999986,0.15358361774744
"official_default","hoa3","EDN1",122,0.41296928327645,0.996185593227554,0.999999999994531,134,0.453924914675768,0.993277562341325,0.99999999999986,0.0409556313993174
"official_default","hoa3","EDNRB",117,0.395904436860068,0.995929525063363,0.999999999994531,125,0.42320819112628,0.99245982666751,0.99999999999986,0.0273037542662116
"official_default","hoa3","EFNB1",143,0.484641638225256,0.99787343659866,0.999999999994531,102,0.344709897610922,0.987412742830788,0.99999999999986,-0.139931740614334
"official_default","hoa3","EGR1",36,0.119453924914676,0.953124693897085,0.999999999994531,26,0.0853242320819113,0.885625361629073,0.99999999999986,-0.0341296928327645
"official_default","hoa3","EGR3",42,0.139931740614334,0.965801422924356,0.999999999994531,54,0.180887372013652,0.954224773234331,0.99999999999986,0.0409556313993174
"official_default","hoa3","EIF4EBP1",248,0.843003412969283,0.999863178264736,0.999999999994531,272,0.924914675767918,0.999920570512257,0.99999999999986,0.0819112627986348
"official_default","hoa3","EMCN",47,0.156996587030717,0.971665903355349,0.999999999994531,12,0.037542662116041,0.628359013771286,0.99999999999986,-0.119453924914676
"official_default","hoa3","EMP3",132,0.447098976109215,0.996867172643069,0.999999999994531,123,0.416382252559727,0.99215526373103,0.99999999999986,-0.0307167235494881
"official_default","hoa3","ENG",4,0.0102389078498294,0.702448313695406,0.999999999994531,7,0.0204778156996587,0.398820627746863,0.99999999999986,0.0102389078498294
"official_default","hoa3","ERO1B",214,0.726962457337884,0.999592512672672,0.999999999994531,228,0.774744027303754,0.999450867298088,0.99999999999986,0.0477815699658702
"official_default","hoa3","F2RL3",56,0.187713310580205,0.981575333625021,0.999999999994531,66,0.221843003412969,0.969066710547198,0.99999999999986,0.0341296928327645
"official_default","hoa3","F8",91,0.307167235494881,0.993438463817873,0.999999999994531,67,0.225255972696246,0.969878788849567,0.99999999999986,-0.0819112627986348
"official_default","hoa3","FAM107A",136,0.460750853242321,0.997068819474347,0.999999999994531,126,0.426621160409556,0.992525979710313,0.99999999999986,-0.0341296928327645
"official_default","hoa3","FAM184A",146,0.494880546075085,0.99794134636037,0.999999999994531,195,0.662116040955631,0.998446293332249,0.99999999999986,0.167235494880546
"official_default","hoa3","FAN1",151,0.511945392491468,0.998003051637625,0.999999999994531,106,0.358361774744027,0.988330734672734,0.99999999999986,-0.15358361774744
"official_default","hoa3","FBLN2",99,0.334470989761092,0.994333165634756,0.999999999994531,78,0.262798634812287,0.981002350022377,0.99999999999986,-0.0716723549488054
"official_default","hoa3","FILIP1",158,0.535836177474403,0.998295481467952,0.999999999994531,92,0.310580204778157,0.98499530465591,0.99999999999986,-0.225255972696246
"official_default","hoa3","FILIP1L",148,0.501706484641638,0.997951959332933,0.999999999994531,287,0.976109215017065,0.999974244769893,0.99999999999986,0.474402730375427
"official_default","hoa3","FIS1",86,0.290102389078498,0.992894859028381,0.999999999994531,40,0.133105802047782,0.924128337617534,0.99999999999986,-0.156996587030717
"official_default","hoa3","FKBP8",235,0.798634812286689,0.999729836916907,0.999999999994531,163,0.552901023890785,0.996073587879599,0.99999999999986,-0.245733788395904
"official_default","hoa3","FLT1",218,0.74061433447099,0.999624627147575,0.999999999994531,239,0.812286689419795,0.999628990833,0.99999999999986,0.0716723549488054
"official_default","hoa3","FMO2",87,0.293515358361775,0.992895793606453,0.999999999994531,60,0.201365187713311,0.962235583516909,0.99999999999986,-0.0921501706484641
"official_default","hoa3","FUT8",106,0.358361774744027,0.995238404728856,0.999999999994531,157,0.532423208191126,0.995634908420654,0.99999999999986,0.174061433447099
"official_default","hoa3","GABARAP",245,0.832764505119454,0.999856005562368,0.999999999994531,234,0.795221843003413,0.999550098869192,0.99999999999986,-0.037542662116041
"official_default","hoa3","GABARAPL2",203,0.689419795221843,0.999473544956761,0.999999999994531,209,0.709897610921502,0.999060073184347,0.99999999999986,0.0204778156996587
"official_default","hoa3","GABPA",254,0.863481228668942,0.99989530598615,0.999999999994531,177,0.600682593856655,0.996886700585519,0.99999999999986,-0.262798634812287
"official_default","hoa3","GABRB2",208,0.706484641638225,0.999554349521799,0.999999999994531,138,0.467576791808874,0.994003588410114,0.99999999999986,-0.238907849829351
"official_default","hoa3","GADD45G",79,0.266211604095563,0.991737730361513,0.999999999994531,204,0.692832764505119,0.998859028310566,0.99999999999986,0.426621160409556
"official_default","hoa3","GBP1",212,0.720136518771331,0.999583781625738,0.999999999994531,168,0.569965870307167,0.996310957645012,0.99999999999986,-0.150170648464164
"official_default","hoa3","GCNT2",112,0.378839590443686,0.995459346751459,0.999999999994531,265,0.901023890784983,0.999868727039146,0.99999999999986,0.522184300341297
"official_default","hoa3","GIGYF1",194,0.658703071672355,0.999358917359656,0.999999999994531,210,0.713310580204778,0.99908826101792,0.99999999999986,0.0546075085324231
"official_default","hoa3","GIGYF2",89,0.300341296928328,0.993139083880429,0.999999999994531,86,0.290102389078498,0.983269284165421,0.99999999999986,-0.0102389078498294
"official_default","hoa3","GPRC5A",118,0.399317406143345,0.995999862895702,0.999999999994531,161,0.546075085324232,0.995990175554344,0.99999999999986,0.146757679180887
"official_default","hoa3","GPRC5B",155,0.525597269624573,0.998208873388656,0.999999999994531,97,0.327645051194539,0.986117502212334,0.99999999999986,-0.197952218430034
"official_default","hoa3","GPX4",76,0.255972696245734,0.990801169226683,0.999999999994531,39,0.129692832764505,0.914647177300722,0.99999999999986,-0.126279863481229
"official_default","hoa3","H19",97,0.327645051194539,0.994038168567175,0.999999999994531,124,0.419795221843003,0.992320937436312,0.99999999999986,0.0921501706484641
"official_default","hoa3","HBEGF",14,0.0443686006825939,0.870684004132688,0.999999999994531,19,0.0614334470989761,0.822878856886888,0.99999999999986,0.0170648464163822
"official_default","hoa3","HES1",129,0.436860068259386,0.996726829280377,0.999999999994531,95,0.320819112627986,0.985634510227649,0.99999999999986,-0.116040955631399
"official_default","hoa3","HIF1A",16,0.0511945392491468,0.880896350824788,0.999999999994531,30,0.0989761092150171,0.895606318529729,0.99999999999986,0.0477815699658703
"official_default","hoa3","HLA-DQA1",210,0.713310580204778,0.999569091069487,0.999999999994531,162,0.549488054607508,0.996011070187106,0.99999999999986,-0.16382252559727
"official_default","hoa3","HMOX1",27,0.0887372013651877,0.930622810066316,0.999999999994531,33,0.109215017064846,0.90330129120657,0.99999999999986,0.0204778156996587
"official_default","hoa3","HSPD1",196,0.665529010238908,0.999406566928404,0.999999999994531,135,0.457337883959044,0.993325452822509,0.99999999999986,-0.208191126279864
"official_default","hoa3","HSPE1",101,0.341296928327645,0.994554824110654,0.999999999994531,57,0.191126279863481,0.95663467543214,0.99999999999986,-0.150170648464164
"official_default","hoa3","HTRA2",175,0.593856655290102,0.998789029697353,0.999999999994531,227,0.771331058020478,0.999443679040248,0.99999999999986,0.177474402730376
"official_default","hoa3","ICAM1",8,0.0238907849829352,0.754800721056548,0.999999999994531,6,0.0170648464163823,0.310118720629161,0.99999999999986,-0.0068259385665529
"official_default","hoa3","ICAM4",51,0.170648464163823,0.977633401287067,0.999999999994531,69,0.232081911262799,0.971999435724164,0.99999999999986,0.0614334470989761
"official_default","hoa3","IER3",111,0.37542662116041,0.995411083970461,0.999999999994531,99,0.334470989761092,0.986659846998335,0.99999999999986,-0.0409556313993174
"official_default","hoa3","IFIT1",100,0.337883959044369,0.994498998266736,0.999999999994531,104,0.351535836177474,0.98770048076983,0.99999999999986,0.0136518771331058
"official_default","hoa3","IFIT2",292,0.993174061433447,0.999999999988124,0.999999999994531,258,0.877133105802048,0.999848035302727,0.99999999999986,-0.116040955631399
"official_default","hoa3","IFIT3",202,0.686006825938567,0.999452596824307,0.999999999994531,172,0.583617747440273,0.996546306951848,0.99999999999986,-0.102389078498293
"official_default","hoa3","IFT88",258,0.877133105802048,0.999918918194871,0.999999999994531,263,0.89419795221843,0.999861926454339,0.99999999999986,0.0170648464163823
"official_default","hoa3","IGFBP5",277,0.9419795221843,0.999958282439691,0.999999999994531,267,0.907849829351536,0.999872927707151,0.99999999999986,-0.0341296928327646
"official_default","hoa3","IKBKB",131,0.443686006825939,0.996839825740264,0.999999999994531,82,0.276450511945392,0.981871991853068,0.99999999999986,-0.167235494880546
"official_default","hoa3","IL32",84,0.283276450511945,0.992812620523377,0.999999999994531,94,0.31740614334471,0.985151206051071,0.99999999999986,0.0341296928327645
"official_default","hoa3","INF2",251,0.853242320819113,0.999882962018501,0.999999999994531,215,0.73037542662116,0.999242863236535,0.99999999999986,-0.122866894197952
"official_default","hoa3","INHBB",241,0.819112627986348,0.99983041795552,0.999999999994531,142,0.48122866894198,0.994333250000303,0.99999999999986,-0.337883959044369
"official_default","hoa3","INMT",121,0.409556313993174,0.99617059206285,0.999999999994531,109,0.368600682593857,0.988616218867294,0.99999999999986,-0.0409556313993174
"official_default","hoa3","IRF3",193,0.655290102389078,0.999353030878806,0.999999999994531,187,0.63481228668942,0.997887400643823,0.99999999999986,-0.0204778156996587
"official_default","hoa3","IRF7",227,0.771331058020478,0.99969830337103,0.999999999994531,280,0.95221843003413,0.999957310683389,0.99999999999986,0.180887372013652
"official_default","hoa3","ISG15",180,0.610921501706485,0.999023826160402,0.999999999994531,116,0.392491467576792,0.990741382760972,0.99999999999986,-0.218430034129693
"official_default","hoa3","JAG1",153,0.51877133105802,0.998154790210464,0.999999999994531,165,0.559726962457338,0.996223899165727,0.99999999999986,0.0409556313993175
"official_default","hoa3","JAG2",102,0.344709897610922,0.994723171092631,0.999999999994531,88,0.296928327645051,0.984303962287991,0.99999999999986,-0.0477815699658704
"official_default","hoa3","KCNQ1OT1",45,0.150170648464164,0.969971156490507,0.999999999994531,108,0.36518771331058,0.988544672688493,0.99999999999986,0.215017064846416
"official_default","hoa3","KDM6B",6,0.0170648464163823,0.71739162425801,0.999999999994531,8,0.0238907849829352,0.525623805647858,0.99999999999986,0.0068259385665529
"official_default","hoa3","KDR",93,0.313993174061433,0.99366206773907,0.999999999994531,98,0.331058020477816,0.986537214104991,0.99999999999986,0.0170648464163822
"official_default","hoa3","KEAP1",238,0.808873720136519,0.999789150962164,0.999999999994531,207,0.703071672354949,0.999049517121341,0.99999999999986,-0.10580204778157
"official_default","hoa3","KIAA0040",61,0.204778156996587,0.983666835150857,0.999999999994531,140,0.474402730375427,0.994063081487762,0.99999999999986,0.26962457337884
"official_default","hoa3","LAMA3",123,0.416382252559727,0.996256963048583,0.999999999994531,119,0.402730375426621,0.990951566463638,0.99999999999986,-0.0136518771331058
"official_default","hoa3","LATS1",221,0.750853242320819,0.999646564106752,0.999999999994531,268,0.911262798634812,0.999876136637397,0.99999999999986,0.160409556313993
"official_default","hoa3","LATS2",272,0.924914675767918,0.999950197199851,0.999999999994531,219,0.744027303754266,0.99936743223951,0.99999999999986,-0.180887372013652
"official_default","hoa3","LCN6",260,0.883959044368601,0.999927233240892,0.999999999994531,235,0.798634812286689,0.999556249262121,0.99999999999986,-0.0853242320819113
"official_default","hoa3","LEPR",125,0.42320819112628,0.996291971972899,0.999999999994531,74,0.249146757679181,0.978800706976091,0.99999999999986,-0.174061433447099
"official_default","hoa3","LGALS1",204,0.692832764505119,0.999495991266449,0.999999999994531,167,0.566552901023891,0.996274431912584,0.99999999999986,-0.126279863481229
"official_default","hoa3","LINC00472",289,0.982935153583618,0.999990192496812,0.999999999994531,292,0.993174061433447,0.999991965082431,0.99999999999986,0.0102389078498294
"official_default","hoa3","LONP1",232,0.78839590443686,0.999720711832179,0.999999999994531,206,0.699658703071672,0.998937415933697,0.99999999999986,-0.0887372013651877
"official_default","hoa3","LRG1",263,0.89419795221843,0.999936630766033,0.999999999994531,257,0.873720136518771,0.999846889682236,0.99999999999986,-0.0204778156996587
"official_default","hoa3","LTBP4",98,0.331058020477816,0.994152784355637,0.999999999994531,101,0.341296928327645,0.987333666735049,0.99999999999986,0.0102389078498294
"official_default","hoa3","MAP1B",201,0.68259385665529,0.999446038648136,0.999999999994531,174,0.590443686006826,0.996672945298192,0.99999999999986,-0.0921501706484642
"official_default","hoa3","MAP1LC3B",35,0.116040955631399,0.952861460026912,0.999999999994531,117,0.395904436860068,0.990742044082791,0.99999999999986,0.279863481228669
"official_default","hoa3","MCAM",164,0.556313993174061,0.998473264723151,0.999999999994531,136,0.460750853242321,0.993473017279736,0.99999999999986,-0.0955631399317405
"official_default","hoa3","MCL1",5,0.0136518771331058,0.711662478081298,0.999999999994531,9,0.0273037542662116,0.546040782962489,0.99999999999986,0.0136518771331058
"official_default","hoa3","MEOX2",169,0.573378839590444,0.998642776807522,0.999999999994531,93,0.313993174061433,0.985117400975696,0.99999999999986,-0.25938566552901
"official_default","hoa3","MET",68,0.228668941979522,0.989506248096294,0.999999999994531,47,0.156996587030717,0.944049217598301,0.99999999999986,-0.0716723549488054
"official_default","hoa3","MFF",261,0.887372013651877,0.99992902554459,0.999999999994531,273,0.928327645051195,0.999926171212373,0.99999999999986,0.0409556313993175
"official_default","hoa3","MFN1",279,0.948805460750853,0.999962612946685,0.999999999994531,283,0.962457337883959,0.99996972311346,0.99999999999986,0.0136518771331058
"official_default","hoa3","MFN2",253,0.860068259385666,0.999893099050241,0.999999999994531,241,0.819112627986348,0.999642963279326,0.99999999999986,-0.0409556313993175
"official_default","hoa3","MGP",186,0.631399317406143,0.999196931868325,0.999999999994531,193,0.655290102389078,0.998159004568526,0.99999999999986,0.0238907849829352
"official_default","hoa3","MIGA1",183,0.621160409556314,0.999037919555689,0.999999999994531,141,0.477815699658703,0.994310228346919,0.99999999999986,-0.143344709897611
"official_default","hoa3","MIR222HG",20,0.0648464163822526,0.905170376152173,0.999999999994531,18,0.0580204778156997,0.821272375321303,0.99999999999986,-0.00682593856655289
"official_default","hoa3","MIR22HG",21,0.068259385665529,0.909315220622882,0.999999999994531,42,0.139931740614334,0.927535108245133,0.99999999999986,0.0716723549488055
"official_default","hoa3","MMP2",163,0.552901023890785,0.998463398202134,0.999999999994531,173,0.587030716723549,0.996588068647137,0.99999999999986,0.0341296928327645
"official_default","hoa3","MSX1",30,0.0989761092150171,0.940899661083921,0.999999999994531,31,0.102389078498294,0.899109625111576,0.99999999999986,0.00341296928327645
"official_default","hoa3","MT1E",293,0.996587030716723,0.999999999989532,0.999999999994531,284,0.965870307167236,0.999970560931591,0.99999999999986,-0.030716723549488
"official_default","hoa3","MT1X",249,0.84641638225256,0.999872278869555,0.999999999994531,252,0.856655290102389,0.999816380805064,0.99999999999986,0.0102389078498293
"official_default","hoa3","MT2A",37,0.122866894197952,0.95579734714329,0.999999999994531,68,0.228668941979522,0.970670880634846,0.99999999999986,0.10580204778157
"official_default","hoa3","MTCH2",189,0.641638225255973,0.999282177126551,0.999999999994531,221,0.750853242320819,0.999380109954821,0.99999999999986,0.109215017064846
"official_default","hoa3","MTFR1L",234,0.795221843003413,0.999723647391675,0.999999999994531,198,0.672354948805461,0.998603471956588,0.99999999999986,-0.122866894197952
"official_default","hoa3","MTOR",265,0.901023890784983,0.999939285802544,0.999999999994531,269,0.914675767918089,0.999882548176472,0.99999999999986,0.0136518771331058
"official_default","hoa3","MX1",215,0.73037542662116,0.999597352576481,0.999999999994531,181,0.614334470989761,0.997217458416821,0.99999999999986,-0.116040955631399
"official_default","hoa3","NBR1",107,0.361774744027304,0.995270360616232,0.999999999994531,146,0.494880546075085,0.994834100212155,0.99999999999986,0.133105802047782
"official_default","hoa3","NDUFA1",67,0.225255972696246,0.988080763330824,0.999999999994531,61,0.204778156996587,0.96418492475416,0.99999999999986,-0.0204778156996587
"official_default","hoa3","NDUFB8",82,0.276450511945392,0.992412062276395,0.999999999994531,53,0.177474402730375,0.954055224952176,0.99999999999986,-0.0989761092150171
"official_default","hoa3","NDUFS1",244,0.829351535836177,0.999837065650583,0.999999999994531,244,0.829351535836177,0.999668180689462,0.99999999999986,0
"official_default","hoa3","NFE2L2",11,0.0341296928327645,0.838780839389938,0.999999999994531,15,0.0477815699658703,0.817640728393451,0.99999999999986,0.0136518771331058
"official_default","hoa3","NFKB1",59,0.197952218430034,0.983409216526264,0.999999999994531,216,0.733788395904437,0.999254907824046,0.99999999999986,0.535836177474403
"official_default","hoa3","NFKBIA",3,0.0068259385665529,0.584863564299316,0.999999999994531,1,0,0.0578771369768196,0.99999999999986,-0.0068259385665529
"official_default","hoa3","NIBAN1",176,0.597269624573379,0.998823897524346,0.999999999994531,159,0.539249146757679,0.995888734717159,0.99999999999986,-0.0580204778156996
"official_default","hoa3","NR4A1",49,0.16382252559727,0.976556097813919,0.999999999994531,64,0.215017064846416,0.966316464291692,0.99999999999986,0.0511945392491468
"official_default","hoa3","NR4A2",25,0.0819112627986348,0.928249328631079,0.999999999994531,55,0.184300341296928,0.954582987818089,0.99999999999986,0.102389078498294
"official_default","hoa3","NSUN6",85,0.286689419795222,0.992864822218289,0.999999999994531,191,0.648464163822526,0.99813079587502,0.99999999999986,0.361774744027304
"official_default","hoa3","OPA1",229,0.778156996587031,0.999700349840528,0.999999999994531,213,0.723549488054608,0.999214362618581,0.99999999999986,-0.0546075085324232
"official_default","hoa3","OPTN",165,0.559726962457338,0.998553510092255,0.999999999994531,153,0.51877133105802,0.995359011617908,0.99999999999986,-0.0409556313993175
"official_default","hoa3","PARL",219,0.744027303754266,0.999638163517629,0.999999999994531,143,0.484641638225256,0.994345814837197,0.99999999999986,-0.25938566552901
"official_default","hoa3","PDGFB",124,0.419795221843003,0.996273045026253,0.999999999994531,91,0.307167235494881,0.984870625229843,0.99999999999986,-0.112627986348123
"official_default","hoa3","PECAM1",77,0.25938566552901,0.990857204474777,0.999999999994531,23,0.0750853242320819,0.865933753989698,0.99999999999986,-0.184300341296928
"official_default","hoa3","PGF",264,0.897610921501707,0.99993767515117,0.999999999994531,164,0.556313993174061,0.996084145576564,0.99999999999986,-0.341296928327645
"official_default","hoa3","PHB2",266,0.904436860068259,0.999939658383258,0.999999999994531,118,0.399317406143345,0.990944350741509,0.99999999999986,-0.505119453924915
"official_default","hoa3","PHLDA1",32,0.10580204778157,0.944838127397073,0.999999999994531,45,0.150170648464164,0.937419203428205,0.99999999999986,0.0443686006825939
"official_default","hoa3","PIK3R3",127,0.430034129692833,0.996560648137483,0.999999999994531,100,0.337883959044369,0.986701202532166,0.99999999999986,-0.0921501706484642
"official_default","hoa3","PIM1",39,0.129692832764505,0.960996252113713,0.999999999994531,85,0.286689419795222,0.983144012597808,0.99999999999986,0.156996587030717
"official_default","hoa3","PINK1",256,0.870307167235495,0.99991348872273,0.999999999994531,139,0.47098976109215,0.994047525413386,0.99999999999986,-0.399317406143345
"official_default","hoa3","PLAC9",250,0.849829351535836,0.999881169867577,0.999999999994531,223,0.757679180887372,0.999386514439011,0.99999999999986,-0.0921501706484642
"official_default","hoa3","PLAUR",262,0.890784982935154,0.999930477431214,0.999999999994531,271,0.921501706484642,0.999900602365828,0.99999999999986,0.0307167235494881
"official_default","hoa3","PLEKHG2",64,0.215017064846416,0.985812478643928,0.999999999994531,90,0.303754266211604,0.984608002239758,0.99999999999986,0.0887372013651877
"official_default","hoa3","PMAIP1",95,0.320819112627986,0.993898456134477,0.999999999994531,203,0.689419795221843,0.998778034101861,0.99999999999986,0.368600682593857
"official_default","hoa3","PMPCA",273,0.928327645051195,0.999951397925632,0.999999999994531,233,0.791808873720137,0.99950060286718,0.99999999999986,-0.136518771331058
"official_default","hoa3","PMPCB",83,0.279863481228669,0.992608431079177,0.999999999994531,183,0.621160409556314,0.997333060957323,0.99999999999986,0.341296928327645
"official_default","hoa3","PPP1R14A",126,0.426621160409556,0.996536207854925,0.999999999994531,110,0.372013651877133,0.988891845325003,0.99999999999986,-0.0546075085324232
"official_default","hoa3","PRDX1",62,0.208191126279863,0.984379424780889,0.999999999994531,25,0.0819112627986348,0.885349989262003,0.99999999999986,-0.126279863481229
"official_default","hoa3","PRDX2",38,0.126279863481229,0.959369033029366,0.999999999994531,37,0.122866894197952,0.911920404045896,0.99999999999986,-0.00341296928327645
"official_default","hoa3","PRDX3",109,0.368600682593857,0.995300718075498,0.999999999994531,130,0.440273037542662,0.992743303171607,0.99999999999986,0.0716723549488055
"official_default","hoa3","PRDX5",70,0.235494880546075,0.989599213540965,0.999999999994531,44,0.146757679180887,0.933235931561526,0.99999999999986,-0.0887372013651877
"official_default","hoa3","PRKX",167,0.566552901023891,0.998565938762571,0.999999999994531,160,0.542662116040956,0.995950687450847,0.99999999999986,-0.0238907849829352
"official_default","hoa3","RASGEF1B",57,0.191126279863481,0.982088445448342,0.999999999994531,76,0.255972696245734,0.979130224519482,0.99999999999986,0.0648464163822525
"official_default","hoa3","RCAN1",66,0.221843003412969,0.987015339075515,0.999999999994531,150,0.508532423208191,0.995279683600045,0.99999999999986,0.286689419795222
"official_default","hoa3","RELA",259,0.880546075085324,0.999920691872848,0.999999999994531,293,0.996587030716723,0.999999999999652,0.99999999999986,0.116040955631399
"official_default","hoa3","RGS16",134,0.453924914675768,0.99695434570498,0.999999999994531,184,0.62457337883959,0.997394758227945,0.99999999999986,0.170648464163823
"official_default","hoa3","RGS2",130,0.440273037542662,0.996818578394994,0.999999999994531,279,0.948805460750853,0.999949533030055,0.99999999999986,0.508532423208191
"official_default","hoa3","RHEB",159,0.539249146757679,0.998389242538694,0.999999999994531,286,0.972696245733788,0.999972850263121,0.99999999999986,0.433447098976109
"official_default","hoa3","RND1",187,0.63481228668942,0.999206010493282,0.999999999994531,245,0.832764505119454,0.999679149541725,0.99999999999986,0.197952218430034
"official_default","hoa3","RND3",288,0.979522184300341,0.999987273360265,0.999999999994531,261,0.887372013651877,0.999858240788715,0.99999999999986,-0.0921501706484642
"official_default","hoa3","RNPC3",168,0.569965870307167,0.99858634642186,0.999999999994531,217,0.737201365187713,0.999278704901279,0.99999999999986,0.167235494880546
"official_default","hoa3","RPL32P3",185,0.627986348122867,0.999190437393902,0.999999999994531,242,0.822525597269625,0.999649554661015,0.99999999999986,0.194539249146758
"official_default","hoa3","RPS6KA5",207,0.703071672354949,0.999546657393552,0.999999999994531,229,0.778156996587031,0.999464361337179,0.99999999999986,0.0750853242320819
"official_default","hoa3","RPS6KB1",252,0.856655290102389,0.999889587523628,0.999999999994531,276,0.938566552901024,0.999940199515859,0.99999999999986,0.0819112627986348
"official_default","hoa3","RRN3P1",242,0.822525597269625,0.999831259777355,0.999999999994531,211,0.716723549488055,0.999124740074538,0.99999999999986,-0.10580204778157
"official_default","hoa3","SELE",10,0.0307167235494881,0.832202309600528,0.999999999994531,5,0.0136518771331058,0.261868518743725,0.99999999999986,-0.0170648464163822
"official_default","hoa3","SEMA3A",92,0.310580204778157,0.993438548790819,0.999999999994531,73,0.245733788395904,0.974127758847061,0.99999999999986,-0.0648464163822526
"official_default","hoa3","SEMA3G",104,0.351535836177474,0.995175443785886,0.999999999994531,84,0.283276450511945,0.982633060234426,0.99999999999986,-0.068259385665529
"official_default","hoa3","SEMA4A",71,0.238907849829352,0.989819468040717,0.999999999994531,79,0.266211604095563,0.981029045984938,0.99999999999986,0.0273037542662116
"official_default","hoa3","SERPINE1",17,0.0546075085324232,0.889402038647305,0.999999999994531,22,0.0716723549488055,0.855082273606158,0.99999999999986,0.0170648464163822
"official_default","hoa3","SIPA1L2",119,0.402730375426621,0.996101096622664,0.999999999994531,202,0.686006825938567,0.998774100707596,0.99999999999986,0.283276450511945
"official_default","hoa3","SLC25A44",34,0.112627986348123,0.952171162594245,0.999999999994531,59,0.197952218430034,0.960010311028509,0.99999999999986,0.0853242320819113
"official_default","hoa3","SLC26A2",161,0.546075085324232,0.998397271078805,0.999999999994531,147,0.498293515358362,0.994896700842497,0.99999999999986,-0.0477815699658704
"official_default","hoa3","SLC4A7",113,0.382252559726962,0.995608249432669,0.999999999994531,179,0.607508532423208,0.997112588307153,0.99999999999986,0.225255972696246
"official_default","hoa3","SLC5A3",287,0.976109215017065,0.999986002557885,0.999999999994531,274,0.931740614334471,0.999935391652919,0.99999999999986,-0.0443686006825939
"official_default","hoa3","SLC6A6",152,0.515358361774744,0.998059142461818,0.999999999994531,178,0.604095563139932,0.997047498920944,0.99999999999986,0.0887372013651877
"official_default","hoa3","SNORD3A",166,0.563139931740614,0.998562628794747,0.999999999994531,96,0.324232081911263,0.985758045378256,0.99999999999986,-0.238907849829352
"official_default","hoa3","SOD1",78,0.262798634812287,0.991009481979557,0.999999999994531,41,0.136518771331058,0.927295359884571,0.99999999999986,-0.126279863481229
"official_default","hoa3","SOD2",31,0.102389078498294,0.944542770550639,0.999999999994531,80,0.26962457337884,0.981681772280184,0.99999999999986,0.167235494880546
"official_default","hoa3","SOX13",198,0.672354948805461,0.99942794642673,0.999999999994531,170,0.57679180887372,0.996358424066643,0.99999999999986,-0.0955631399317406
"official_default","hoa3","SOX17",145,0.491467576791809,0.997908983459495,0.999999999994531,226,0.767918088737201,0.999423466965724,0.99999999999986,0.276450511945392
"official_default","hoa3","SRGN",147,0.498293515358362,0.997950816424106,0.999999999994531,180,0.610921501706485,0.997133069341414,0.99999999999986,0.112627986348123
"official_default","hoa3","SYBU",157,0.532423208191126,0.998293030275247,0.999999999994531,171,0.580204778156997,0.996513592771721,0.99999999999986,0.0477815699658702
"official_default","hoa3","SYNJ2",19,0.0614334470989761,0.901372485284006,0.999999999994531,21,0.068259385665529,0.854610152310754,0.99999999999986,0.00682593856655291
"official_default","hoa3","SYT11",141,0.477815699658703,0.997667176385134,0.999999999994531,121,0.409556313993174,0.991283429038199,0.99999999999986,-0.068259385665529
"official_default","hoa3","TAGLN",228,0.774744027303754,0.999700179761269,0.999999999994531,224,0.761092150170648,0.999406486201223,0.99999999999986,-0.0136518771331058
"official_default","hoa3","TAX1BP1",283,0.962457337883959,0.999969656150292,0.999999999994531,262,0.890784982935154,0.999859158207324,0.99999999999986,-0.0716723549488054
"official_default","hoa3","TBK1",240,0.815699658703072,0.999812415400339,0.999999999994531,236,0.802047781569966,0.999562810521243,0.99999999999986,-0.0136518771331058
"official_default","hoa3","TCF15",231,0.784982935153584,0.999715964725304,0.999999999994531,132,0.447098976109215,0.993027901515418,0.99999999999986,-0.337883959044369
"official_default","hoa3","TEAD1",205,0.696245733788396,0.999508734185034,0.999999999994531,246,0.83617747440273,0.999683608583026,0.99999999999986,0.139931740614334
"official_default","hoa3","TEAD4",257,0.873720136518771,0.999916439989465,0.999999999994531,194,0.658703071672355,0.998255564867099,0.99999999999986,-0.215017064846416
"official_default","hoa3","TEK",48,0.160409556313993,0.975686005749549,0.999999999994531,27,0.0887372013651877,0.888004045217444,0.99999999999986,-0.0716723549488055
"official_default","hoa3","TFAM",247,0.839590443686007,0.999859769830985,0.999999999994531,154,0.522184300341297,0.995430588837033,0.99999999999986,-0.31740614334471
"official_default","hoa3","THBS1",286,0.972696245733788,0.999984596571764,0.999999999994531,289,0.982935153583618,0.999975655860538,0.99999999999986,0.0102389078498293
"official_default","hoa3","THY1",224,0.761092150170648,0.999695219053801,0.999999999994531,259,0.880546075085324,0.999848044552169,0.99999999999986,0.119453924914676
"official_default","hoa3","TIMP4",197,0.668941979522184,0.999422086151743,0.999999999994531,122,0.41296928327645,0.992004127601577,0.99999999999986,-0.255972696245734
"official_default","hoa3","TIPARP",7,0.0204778156996587,0.724826648379745,0.999999999994531,10,0.0307167235494881,0.547715572382602,0.99999999999986,0.0102389078498294
"official_default","hoa3","TLCD2",291,0.989761092150171,0.999994277757931,0.999999999994531,290,0.986348122866894,0.999987618499552,0.99999999999986,-0.00341296928327639
"official_default","hoa3","TM6SF1",135,0.457337883959044,0.996967180048841,0.999999999994531,158,0.535836177474403,0.995776578096746,0.99999999999986,0.0784982935153584
"official_default","hoa3","TMEM161B-AS1",237,0.805460750853242,0.99977553612096,0.999999999994531,205,0.696245733788396,0.998906955655374,0.99999999999986,-0.109215017064846
"official_default","hoa3","TMEM173",96,0.324232081911263,0.993966216127612,0.999999999994531,131,0.443686006825939,0.99284577340582,0.99999999999986,0.119453924914676
"official_default","hoa3","TNFAIP3",9,0.0273037542662116,0.776120086255859,0.999999999994531,11,0.0341296928327645,0.618304761663591,0.99999999999986,0.0068259385665529
"official_default","hoa3","TNFRSF4",179,0.607508532423208,0.998974617303721,0.999999999994531,148,0.501706484641638,0.994915981072061,0.99999999999986,-0.10580204778157
"official_default","hoa3","TRAP1",120,0.406143344709898,0.99613441212035,0.999999999994531,145,0.491467576791809,0.994784224272484,0.99999999999986,0.0853242320819113
"official_default","hoa3","TRDMT1",139,0.47098976109215,0.997654406470452,0.999999999994531,196,0.665529010238908,0.998520665683208,0.99999999999986,0.194539249146758
"official_default","hoa3","TSC1",209,0.709897610921502,0.999562301565297,0.999999999994531,275,0.935153583617747,0.999939982966551,0.99999999999986,0.225255972696246
"official_default","hoa3","TSC2",182,0.617747440273038,0.999033756560779,0.999999999994531,218,0.74061433447099,0.999360683097417,0.99999999999986,0.122866894197952
"official_default","hoa3","TSPAN13",178,0.604095563139932,0.99893945805451,0.999999999994531,111,0.37542662116041,0.989043207846692,0.99999999999986,-0.228668941979522
"official_default","hoa3","TTC21B",195,0.662116040955631,0.999364164521038,0.999999999994531,251,0.853242320819113,0.999768055510367,0.99999999999986,0.191126279863481
"official_default","hoa3","TXN2",274,0.931740614334471,0.999952008830801,0.999999999994531,113,0.382252559726962,0.990066169948121,0.99999999999986,-0.549488054607508
"official_default","hoa3","ULK1",94,0.31740614334471,0.99374104051075,0.999999999994531,254,0.863481228668942,0.9998311487506,0.99999999999986,0.546075085324232
"official_default","hoa3","UQCRB",60,0.201365187713311,0.983482557655243,0.999999999994531,32,0.10580204778157,0.902601508517398,0.99999999999986,-0.0955631399317406
"official_default","hoa3","UQCRC1",275,0.935153583617747,0.999955295784886,0.999999999994531,260,0.883959044368601,0.999857642605292,0.99999999999986,-0.0511945392491467
"official_default","hoa3","UQCRC2",184,0.62457337883959,0.999077349845155,0.999999999994531,189,0.641638225255973,0.997924076633067,0.99999999999986,0.0170648464163823
"official_default","hoa3","VCAM1",88,0.296928327645051,0.992971953723149,0.999999999994531,75,0.252559726962457,0.978965486308792,0.99999999999986,-0.0443686006825939
"official_default","hoa3","VCAN",44,0.146757679180887,0.96905507436821,0.999999999994531,16,0.0511945392491468,0.818849949844758,0.99999999999986,-0.0955631399317406
"official_default","hoa3","VCP",268,0.911262798634812,0.999945814625582,0.999999999994531,112,0.378839590443686,0.990038548236549,0.99999999999986,-0.532423208191126
"official_default","hoa3","VDAC1",271,0.921501706484642,0.99994945533357,0.999999999994531,250,0.849829351535836,0.999707140278841,0.99999999999986,-0.0716723549488055
"official_default","hoa3","VDAC2",233,0.791808873720137,0.999722444459242,0.999999999994531,166,0.563139931740614,0.996226587370715,0.99999999999986,-0.228668941979522
"official_default","hoa3","VDAC3",54,0.180887372013652,0.981132877800174,0.999999999994531,185,0.627986348122867,0.997401180122937,0.99999999999986,0.447098976109215
"official_default","hoa3","VEGFC",80,0.26962457337884,0.991987773257499,0.999999999994531,182,0.617747440273038,0.997308265625111,0.99999999999986,0.348122866894198
"official_default","hoa3","VSIR",181,0.614334470989761,0.999030125939075,0.999999999994531,114,0.385665529010239,0.990375646729198,0.99999999999986,-0.228668941979522
"official_default","hoa3","VWF",2,0.00341296928327645,0.0871488792859556,0.999999999994531,4,0.0102389078498294,0.123845969836378,0.99999999999986,0.0068259385665529
"official_default","hoa3","WDR44",246,0.83617747440273,0.999858299975585,0.999999999994531,282,0.959044368600683,0.999968943118778,0.99999999999986,0.122866894197952
"official_default","hoa3","WWTR1",58,0.194539249146758,0.983250306185036,0.999999999994531,281,0.955631399317406,0.999958205276982,0.99999999999986,0.761092150170648
"official_default","hoa3","YAP1",281,0.955631399317406,0.999964733216463,0.999999999994531,288,0.979522184300341,0.999975330036416,0.99999999999986,0.0238907849829352
"official_default","hoa3","YME1L1",267,0.907849829351536,0.999940567144487,0.999999999994531,256,0.870307167235495,0.999835088579028,0.99999999999986,-0.037542662116041
"official_default","hoa3","ZEB2",285,0.969283276450512,0.999983631513923,0.999999999994531,277,0.9419795221843,0.999942169370832,0.99999999999986,-0.0273037542662116
"official_default","hoa3","ZNF224",226,0.767918088737201,0.999698138044934,0.999999999994531,200,0.679180887372014,0.998626285818601,0.99999999999986,-0.0887372013651877
"official_default","hoa3","ZNF331",105,0.354948805460751,0.995180892616626,0.999999999994531,247,0.839590443686007,0.999686196644156,0.99999999999986,0.484641638225256
